left_ratio_y,right_ratio_y,avg_ratio_y,left_height,right_height,avg_height,normalized_y,screen_x,screen_y
-0.4255182554788139,-0.6404816965731103,-0.532999976025962,4.997733801081706,7.50075117437748,6.2492424877295925,0.4184429943561554,50,50
0.39459655811419514,0.11545188395811687,0.255024221036156,22.830759876009036,10.528120054773558,16.679439965391296,0.41650933027267456,50,50
0.4397635480886829,0.4031119849634176,0.42143776652605025,27.117002183408363,27.31148825202076,27.214245217714563,0.4125083386898041,50,50
0.5096451913184245,0.4655233981024736,0.48758429471044906,29.148058529353843,29.236187508212723,29.192123018783285,0.411090686917305,50,50
0.5005513331632707,0.4692020548743233,0.484876694018797,33.70125162173008,34.17510330459911,33.93817746316459,0.4105585962533951,50,50
0.4949567230304162,0.46498273906330506,0.47996973104686064,32.95406270022767,34.77960912682936,33.86683591352851,0.4104669988155365,50,50
0.501938676222589,0.4843251385761483,0.49313190739936863,34.98767438613706,35.67273558625071,35.330204986193884,0.4109417200088501,50,50
0.5222478043153336,0.49116235937907515,0.5067050818472043,34.65976103098696,35.38572271973073,35.02274187535885,0.41096049547195435,50,50
0.5121068934890259,0.4807946262542674,0.49645075987164666,34.05181136070099,36.55666368532665,35.30423752301382,0.41159313917160034,50,50
0.49982576312839133,0.4730680028755675,0.4864468830019794,34.15354704590179,37.15877875578611,35.65616290084395,0.4110729694366455,50,50
0.5257124333723824,0.46557620469224503,0.4956443190323137,35.89454663348929,36.915096887496595,36.40482176049294,0.4114052355289459,50,50
0.4976479851344689,0.4710678718679344,0.48435792850120163,35.03541309358226,36.61873262310213,35.82707285834219,0.41120338439941406,50,50
0.4968886220706499,0.45674729035079514,0.47681795621072254,35.033831008993765,36.53343620669954,35.78363360784665,0.410972461104393,50,50
0.5075044347404942,0.44270833684839,0.4751063857944421,35.75163639065406,35.369667221179206,35.560651805916635,0.4108189344406128,50,50
0.4962140448770998,0.4709949748020318,0.4836045098395658,36.18116468271964,37.393331095931906,36.78724788932577,0.4107244163751602,50,50
0.48971642340021654,0.46706401927535196,0.47839022133778425,34.98497610521298,35.99136786030679,35.48817198275988,0.4109923839569092,50,50
0.49909790993324854,0.4692815685858815,0.484189739259565,35.354489641339576,36.383705310585526,35.86909747596255,0.4111036956310272,50,50
0.4993102501522606,0.4545544869755971,0.47693236856392884,36.067552170491474,35.69548008628731,35.88151612838939,0.41066817939281464,50,50
0.5044947731097027,0.4437854216696689,0.47414009738968577,35.976977830027145,36.43736854201591,36.20717318602153,0.41090717911720276,50,50
0.5049583895997122,0.4505104901475915,0.47773443987365183,35.85961712917788,36.44049453920095,36.150055834189416,0.41067031025886536,50,50
0.5085885383780151,0.4614876481893038,0.48503809328365943,35.79535533487395,36.91371698582432,36.35453616034914,0.4112148880958557,50,50
0.507569512369285,0.43662301534513404,0.47209626385720954,36.8666091311005,37.67922920511383,37.272919168107165,0.41274553537368774,392,50
0.5090561453366736,0.4687900455066647,0.4889230954216692,36.98157008246749,38.726588116946076,37.85407909970678,0.4142339676618576,392,50
0.5100306896432414,0.46494825422675595,0.4874894719349987,36.33669669902471,38.24279647800595,37.28974658851533,0.41367150843143463,392,50
0.528036730241515,0.4577023887897668,0.49286955951564093,36.93285097058619,39.040195253893295,37.98652311223974,0.41381195187568665,392,50
0.5128294954878867,0.47430957458868267,0.4935695350382847,36.5752140598702,39.4264890563254,38.0008515580978,0.41428349912166595,392,50
0.5016745908461165,0.45268855973080957,0.47718157528846306,36.25987052211058,36.769553343680336,36.51471193289546,0.4137153923511505,392,50
0.5144009261974313,0.45248720769157336,0.4834440669445023,36.24104193380527,38.3053749402694,37.27320843703734,0.4143183082342148,392,50
0.4798114055849087,0.45575006750147545,0.4677807365431921,37.13529052499859,37.742850844141856,37.439070684570225,0.4141937792301178,392,50
0.4848637874939232,0.4524586719504904,0.4686612297222068,37.23285948020233,38.25358447094371,37.74322197557302,0.4143946170806885,392,50
0.49150404976520723,0.4521510751714868,0.471827562468347,36.91306943523839,37.72400701306545,37.31853822415192,0.41465790569782257,392,50
0.49130285146534236,0.4574847391537355,0.47439379530953896,36.52397356885104,38.45476788221297,37.489370725532005,0.4148344546556473,392,50
0.4760198538846333,0.44565576373222543,0.4608378088084294,36.67344119577826,39.00883560638648,37.84113840108237,0.4147196412086487,392,50
0.5202604049953646,0.4481756188562729,0.48421801192581876,36.20543195004317,38.156014107738955,37.180723028891066,0.41490674018859863,392,50
0.47807510955276283,0.44321571857770103,0.46064541406523196,37.08063977575466,37.60284943958896,37.341744607671814,0.415078803896904,392,50
0.5055819748722798,0.4563963516720994,0.48098916327218966,36.6203338861135,38.344212183642064,37.48227303487778,0.4151958078145981,392,50
0.47981234430847697,0.45722709745886003,0.4685197208836685,36.500359021485856,37.820495912664825,37.16042746707534,0.415335938334465,392,50
0.4823149496531554,0.46504863292825,0.4736817912907027,36.29895625528117,39.287657406067794,37.79330683067448,0.41546717286109924,392,50
0.5161790238758253,0.448565275596547,0.48237214973618614,37.17942186794735,37.95833627542138,37.568879071684364,0.4154961407184601,392,50
0.48862570008275286,0.45158825649430734,0.4701069782885301,36.217073323758264,38.0447862883371,37.13092980604768,0.4163207560777664,392,50
0.4941084478882694,0.4618666362235737,0.47798754205592153,36.84793851683366,39.40508321833045,38.126510867582056,0.415653258562088,392,50
0.5243918592428796,0.4473701674022986,0.4858810133225891,36.722589360150025,38.09204224254557,37.40731580134779,0.4158458411693573,392,50
0.4789183464052588,0.4407567017565104,0.45983752408088463,36.51076378869473,38.033979232576876,37.27237151063581,0.4160205125808716,392,50
0.510405457343735,0.4445943042171437,0.47749988078043937,36.86129264599269,38.99047971925264,37.92588618262266,0.41561175882816315,392,50
0.4825128493500629,0.4494428928045228,0.4659778710772928,35.63028283127781,38.78462162596315,37.20745222862048,0.41691403090953827,392,50
0.49268502301137,0.44121913068531204,0.46695207684834106,36.229639126433334,39.02255236935678,37.62609574789506,0.4168121665716171,392,50
0.5270653345782261,0.44284479763487394,0.48495506610655004,36.72214654499735,38.65173705966142,37.686941802329386,0.4169404208660126,392,50
0.46692012847552716,0.4275425712525537,0.44723134986404045,35.770704394533716,38.106913177580985,36.93880878605735,0.4169768691062927,392,50
0.5169979310870446,0.4278932271775978,0.4724455791323212,37.40230407387404,38.56206304820946,37.98218356104175,0.4170965999364853,392,50
0.5121617791665675,0.44727523240384365,0.4797185057852056,35.789832367218246,37.99312089281532,36.89147663001678,0.4180922508239746,392,50
0.49406207105659294,0.4274304257958197,0.4607462484262063,35.96344800150415,37.54566783943261,36.75455792046838,0.4174521714448929,392,50
0.5222049766132754,0.42526512823120843,0.4737350524222419,37.794317291049865,38.55106416689387,38.17269072897187,0.4177958220243454,392,50
0.4787429617798341,0.4301857488511725,0.45446435531550333,36.37374288728899,38.14018076258453,37.25696182493676,0.41800303757190704,392,50
0.4990886767697825,0.4220680228207784,0.46057834979528045,39.40979417979063,37.715897931821395,38.56284605580601,0.42003655433654785,735,50
0.5028134145558738,0.42826884200214255,0.4655411282790082,39.59353389332643,38.65435198987789,39.12394294160216,0.41967298090457916,735,50
0.5142558364484988,0.4348180557116684,0.4745369460800836,40.54972071842541,38.005817000107214,39.27776885926632,0.419728621840477,735,50
0.48561826369405225,0.4162678313963733,0.45094304754521275,38.89410292305381,38.67256901547566,38.78333596926473,0.41957153379917145,735,50
0.48384166107684035,0.4211691023366783,0.45250538170675936,34.270091740272726,34.428028680314036,34.34906021029338,0.4204370677471161,735,50
-0.2917252903324039,-0.5456601859330485,-0.4186927381327262,5.385504408716418,10.165355368534357,7.775429888625387,0.42933163046836853,735,50
0.28117394976270177,-0.5334851273002695,-0.12615558876878388,9.477698580915526,9.3359162368525,9.406807408884013,0.428521528840065,735,50
0.4145330824474033,0.1568562340870495,0.2856946582672264,23.375012781813858,16.626743590294538,20.000878186054198,0.4257945418357849,735,50
0.417799991891611,0.3350646711730363,0.37643233153232364,30.607767479987533,25.849519063098995,28.228643271543262,0.4218153804540634,735,50
0.45076941553223143,0.3503917555366011,0.4005805855344163,33.32700640883149,31.35640415545163,32.34170528214156,0.4199390858411789,735,50
0.44789859345564625,0.38545302801057685,0.41667581073311155,33.07833426965517,34.32293168649841,33.70063297807679,0.4184628129005432,735,50
0.4504026944798709,0.4208710445650118,0.43563686952244135,34.67832539265028,34.145053559081816,34.41168947586605,0.4180570989847183,735,50
0.4734798190288796,0.42419458317958847,0.44883720110423403,36.02744888379102,35.32783743521413,35.67764315950257,0.41811503469944,735,50
0.46576706207739793,0.42190343089085053,0.4438352464841242,36.89223050503252,35.06599621645542,35.979113360743966,0.4176536351442337,735,50
0.46995630960296203,0.43774169111260586,0.45384900035778397,37.09333114566646,37.17720712853174,37.1352691370991,0.417929083108902,735,50
0.47324261613233043,0.4353496378846577,0.4542961270084941,36.633476677271204,36.952744549246596,36.793110613258904,0.4184167683124542,735,50
0.47576154182622243,0.42482048903747666,0.4502910154318496,36.57989941440481,36.610917608590455,36.59540851149763,0.4180682748556137,735,50
0.47283591412718123,0.43677891392144025,0.45480741402431074,37.933901600607705,37.31862393503518,37.626262767821444,0.41790105402469635,735,50
0.4857156813288618,0.44705357495838793,0.46638462814362486,37.6696556084256,37.50668376657951,37.58816968750256,0.41796326637268066,735,50
0.49153739178146855,0.4333966587011747,0.46246702524132166,38.18830218133332,36.042780230751255,37.11554120604229,0.41743409633636475,735,50
0.4955945477284623,0.44137693894753793,0.4684857433380001,38.01563286411082,38.01232705722833,38.01397996066957,0.4174387454986572,735,50
0.4951353674674182,0.4539321532338183,0.47453376035061823,38.45275175321407,40.148743515207855,39.300747634210964,0.41690951585769653,735,50
0.502661692900472,0.44212614136078665,0.47239391713062934,39.05186271158881,37.42834431592003,38.24010351375442,0.4171774387359619,735,50
0.517895663365747,0.45455534428355426,0.48622550382465063,39.00895757700223,39.30411129353029,39.15653443526626,0.4174516648054123,735,50
0.4988760645864215,0.44592313356315344,0.47239959907478746,37.84028477698393,38.3027727080138,38.07152874249886,0.41731441020965576,735,50
0.49319635590737704,0.43370876930463287,0.463452562606005,38.33955705135061,38.62473574854113,38.48214639994587,0.4171098619699478,735,50
0.5117178343553243,0.42189448758206605,0.46680616096869515,39.70218686445911,38.23775090362664,38.96996888404287,0.4170742630958557,735,50
0.3487982304129953,-0.7360008405583831,-0.1936013050726939,12.673963284076203,8.420566927093544,10.547265105584874,0.425847589969635,1077,50
0.38666848613944393,-0.0166114661824791,0.18502850997848241,21.515275368108018,12.890905387919588,17.203090378013805,0.4229659289121628,1077,50
0.45844351158746677,0.32284973807383466,0.3906466248306507,30.3736255162019,23.27868536632373,26.826155441262816,0.4208943694829941,1077,50
0.4881962942603133,0.36759503257323983,0.42789566341677654,34.081894242260994,29.878344260993146,31.98011925162707,0.41869957745075226,1077,50
0.4882776248258739,0.4298429059900225,0.4590602654079482,37.312352215521315,35.81698263029059,36.564667422905956,0.41776660084724426,1077,50
0.5052716149121541,0.41252902753840803,0.45890032122528107,38.55953906019452,36.239848158214166,37.39969360920434,0.4185393303632736,1077,50
0.5102067688887562,0.41603298364516755,0.4631198762669618,38.88547958416145,36.21708579014766,37.551282687154554,0.418779581785202,1077,50
0.5015994191717914,0.42861715564992936,0.4651082874108604,38.745644936236886,36.72028709037235,37.73296601330462,0.4193236976861954,1077,50
0.5124224454997124,0.41549455350260817,0.4639584995011603,39.85142040485187,36.3294770830838,38.09044874396784,0.4193725883960724,1077,50
0.506911169891754,0.4240459390073206,0.46547855444953734,40.33752398800444,37.22399057139341,38.780757279698925,0.41947607696056366,1077,50
0.49486308891996905,0.42984927038920623,0.46235617965458764,38.876384019787416,36.26871901604409,37.572551517915755,0.41930393874645233,1077,50
0.49466999887821217,0.4383706633149621,0.46652033109658714,39.034900849814015,36.92569664973811,37.98029874977606,0.4197460860013962,1077,50
0.47895373220208004,0.44050402225846796,0.459728877230274,38.75025126065146,37.155678086791916,37.95296467372169,0.4193570613861084,1077,50
0.47328990453583963,0.42970474028255345,0.45149732240919654,37.99829929288697,37.072950449660574,37.53562487127377,0.41916458308696747,1077,50
0.4899726254628626,0.42191708348349616,0.45594485447317934,38.75412972020806,38.048877833301894,38.40150377675498,0.4195532649755478,1077,50
0.47703325749961323,0.43959567773700203,0.45831446761830763,38.94120542802827,37.773318128080184,38.35726177805422,0.41981741786003113,1077,50
0.4921211407834957,0.4338671167424004,0.4629941287629481,39.62014455820597,38.09631315024739,38.85822885422668,0.42052559554576874,1077,50
0.5049138112892635,0.4354929287375965,0.47020337001343,39.39733750875887,37.58691333940012,38.4921254240795,0.4206264913082123,1077,50
0.510505410025935,0.42623569609638695,0.46837055306116093,39.81967931628474,38.04908973498081,38.93438452563278,0.42068859934806824,1077,50
0.4804129702720982,0.41259169709164967,0.446502333681874,35.35361994632123,33.659371128352824,34.50649553733703,0.41962507367134094,1420,50
0.5080906360196495,0.4124190933490786,0.46025486468436405,35.31408365027741,33.21284709294513,34.263465371611275,0.4202563464641571,1420,50
0.46261638348989076,0.4601139070292696,0.46136514525958017,36.23330801509228,35.6013573098744,35.91733266248334,0.4199984669685364,1420,50
0.4775788899830697,0.4324971721987176,0.45503803109089364,37.4725879793473,36.160978357505556,36.816783168426426,0.4201665222644806,1420,50
0.47978374579368865,0.439546730992955,0.45966523839332185,38.32336796814562,35.9673631629499,37.14536556554776,0.4200084060430527,1420,50
0.5129520342344402,0.4134913613011252,0.4632216977677827,38.94417137445351,36.369101037490324,37.65663620597192,0.4201928973197937,1420,50
0.5042324891432173,0.4318571113103441,0.4680448002267807,38.17659893093211,36.060816666733636,37.11870779883287,0.42046378552913666,1420,50
0.49655872605736845,0.4181146964281724,0.4573367112427704,38.052139296485635,37.850187923477385,37.951163609981506,0.42008478939533234,1420,50
0.5047617416035156,0.41785025593392355,0.4613059987687196,37.89808614378664,37.022203129543556,37.4601446366651,0.42038965225219727,1420,50
0.49822568629034303,0.41366405494575387,0.45594487061804845,37.73547545758691,36.393755777140846,37.06461561736388,0.42030565440654755,1420,50
0.49073047304196304,0.4123361594787454,0.4515333162603542,37.9260370787081,38.00594304881479,37.965990063761446,0.4198720157146454,1420,50
0.46953961252167364,0.4140557566125364,0.441797684567105,38.53644161176122,35.97593921409841,37.25619041292981,0.4194771349430084,1420,50
0.5128071423110094,0.4352039684591676,0.4740055553850885,37.79646420926475,36.247061823223504,37.02176301624412,0.42046642303466797,1420,50
0.5034116915694948,0.4218773914352679,0.4626445415023814,38.56850261383988,37.22116352030386,37.89483306707187,0.42013663053512573,1420,50
0.48122513398102984,0.43092122127173255,0.4560731776263812,38.377329634760265,36.1730451470879,37.27518739092408,0.4202931374311447,1420,50
0.5054399694744058,0.4172702456112283,0.46135510754281706,38.172829113136764,36.65743919118674,37.415134152161755,0.4203988313674927,1420,50
0.5033555119713118,0.42842281689538575,0.46588916443334877,38.39996692363665,36.14681425653834,37.273390590087494,0.42063578963279724,1420,50
0.507276544445384,0.41927136657502867,0.46327395551020634,38.547806465651206,37.08479814629292,37.81630230597206,0.42037343978881836,1420,50
0.4819511011886777,0.44984248812924515,0.4658967946589614,38.79468799821974,36.726574637931265,37.760631318075504,0.42014434933662415,1420,50
0.5249958949963525,0.5119193025724953,0.5184575987844239,35.08031890508747,38.20537186914853,36.642845387118,0.42042481899261475,50,157
0.5395719792703451,0.5030242369106565,0.5212981080905008,34.40472596305045,37.26051873218283,35.83262234761664,0.42006221413612366,50,157
0.49487884352494066,0.5062461733976065,0.5005625084612736,34.60512989125375,38.49338381555774,36.54925685340575,0.42045941948890686,50,157
0.5371027496483413,0.5087550332306047,0.522928891439473,35.517698860112844,38.27331787401902,36.89550836706593,0.4203782081604004,50,157
0.5005850093109587,0.5035862541708692,0.5020856317409139,34.60487593526198,37.86607009132301,36.23547301329249,0.42065224051475525,50,157
0.5348975715392337,0.4976652064792349,0.5162813890092343,34.82488887690449,37.6209428984301,36.2229158876673,0.42032745480537415,50,157
0.5162336918409994,0.4906828347691346,0.503458263305067,34.84114870091315,38.58416387695364,36.712656288933395,0.4207375943660736,50,157
0.5179969739833802,0.46168937275002886,0.4898431733667045,35.080889131030524,37.06267265186849,36.07178089144951,0.42031317949295044,50,157
0.5164923792929872,0.466924960973482,0.4917086701332346,35.47261037345439,37.905738654483876,36.689174513969135,0.420016348361969,50,157
0.508981610724731,0.44618718801750845,0.47758439937111974,36.48418763441925,37.1598208181826,36.822004226300926,0.42036423087120056,50,157
0.502094173231438,0.4519752248745271,0.47703469905298257,36.14687459118688,37.54954260982567,36.848208600506275,0.42014412581920624,50,157
0.49600611067104816,0.4495741577424868,0.4727901342067675,35.545277486938986,35.803892749328114,35.67458511813355,0.42031532526016235,50,157
0.5077289873469386,0.452031665878403,0.47988032661267077,35.20205476550598,36.07982977816828,35.64094227183713,0.42065416276454926,50,157
0.5085828589059145,0.442613618485276,0.47559823869559525,35.454703284142596,35.328805266850196,35.391754275496396,0.42040078341960907,50,157
0.49020162807973194,0.4641008672458374,0.47715124766278466,36.27956339562406,37.19660398833486,36.738083691979455,0.42065751552581787,50,157
0.5016191280896032,0.4626712120585733,0.48214517007408825,35.14952208446048,36.924472482452714,36.0369972834566,0.4206596463918686,50,157
0.5407623240372399,0.4381226007345072,0.4894424623858735,34.72682890443056,35.89532513344447,35.31107701893752,0.42046621441841125,50,157
0.4922014948958164,0.4426856875475327,0.46744359122167456,35.88738987105825,35.833314011574366,35.86035194131631,0.42020776867866516,50,157
0.483816130855024,0.4783001440341232,0.4810581374445736,36.067911260691105,37.68034280228364,36.874127031487376,0.4208618998527527,50,157
0.535564773242697,0.4951526174101202,0.5153586953264087,36.04903663936105,37.5240113936145,36.786524016487775,0.42055465281009674,50,157
0.5135737434598638,0.4846766683221063,0.4991252058909851,36.013505211921995,36.797916050314036,36.40571063111801,0.42093339562416077,50,157
0.5637914784275467,0.45235966533533817,0.5080755718814425,35.31549291039756,35.91186193930847,35.613677424853016,0.42089445888996124,50,157
0.5067446686654378,0.44942286858350305,0.47808376862447044,35.89937013154448,36.6705561306255,36.28496313108499,0.4205690771341324,50,157
-0.3994568420558773,-0.4668146036873288,-0.43313572287160307,4.489757674435019,8.462414979313419,6.476086326874219,0.4339616447687149,392,157
0.08814206582347325,-0.692502263848465,-0.3021800990124959,8.693878224427506,9.372494627214213,9.033186425820858,0.433622345328331,392,157
0.37744346362531567,0.11529898265880067,0.24637122314205817,23.223038159478733,11.763672353160617,17.493355256319674,0.4325132519006729,392,157
0.4068756314986212,0.3250597930422787,0.36596771227045,28.87521823952817,22.115688032190505,25.495453135859336,0.4290936291217804,392,157
0.44667884999489,0.36518826039152474,0.4059335551932074,32.08261224396155,33.40726742001685,32.7449398319892,0.42439572513103485,392,157
0.44847271850223114,0.38386222738354997,0.4161674729428906,32.610468781881806,34.23525839702907,33.42286358945544,0.42360819876194,392,157
0.4709319510559451,0.40085493814988726,0.4358934446029162,33.71829126334135,34.20303306142812,33.960662162384736,0.4233558773994446,392,157
0.48197987822438726,0.406679280331781,0.44432957927808414,33.96506207812555,32.40476706464018,33.18491457138286,0.4232753962278366,392,157
0.4656888270459176,0.41357514893848424,0.43963198799220093,34.810851326658394,35.145638604730365,34.97824496569438,0.4232935756444931,392,157
0.47595179798852955,0.4263919393354968,0.4511718686620132,34.18059680852712,34.78216518042749,34.481380994477306,0.423287495970726,392,157
0.4793789615467565,0.4336010199203741,0.45648999073356533,34.3262622127914,35.30568080600438,34.81597150939789,0.4233677238225937,392,157
0.48504751902354126,0.43630371678982754,0.46067561790668443,35.031548671619426,35.18494639990177,35.1082475357606,0.42335541546344757,392,157
0.4863079309000428,0.42830149621496677,0.4573047135575048,35.015940645871446,36.082505211960836,35.54922292891614,0.4235130846500397,392,157
0.48597894506837325,0.4305494994187452,0.4582642222435592,34.64292564702227,36.37060963661288,35.506767641817575,0.42385998368263245,392,157
0.4826622649887084,0.42815031879049054,0.45540629188959947,34.44672418953482,36.800920214778266,35.623822202156546,0.42395490407943726,392,157
0.47324385384410794,0.44379985099058145,0.45852185241734467,35.073853729761126,36.76856513924562,35.92120943450337,0.4236692041158676,392,157
0.4737792476075965,0.3916970784228377,0.43273816301521706,35.01784606130902,35.92779008747577,35.47281807439239,0.4242587089538574,392,157
0.485767611451805,0.44448896137570715,0.4651282864137561,34.624735030497185,34.57995771392406,34.60234637221062,0.4240621328353882,392,157
0.4907365721436177,0.4146618443669534,0.45269920825528553,35.90866424783355,35.422000539349405,35.66533239359148,0.42366254329681396,392,157
0.49934368171194216,0.4248143964583183,0.46207903908513026,34.78500896346317,36.112371711310914,35.44869033738704,0.42453373968601227,392,157
0.4935610229851441,0.4459706988162758,0.46976586090070993,35.57548672305209,36.538056438115945,36.05677158058401,0.4246637225151062,392,157
0.4924475774823587,0.4132176427497744,0.45283261011606657,35.27918783944933,35.99671996499845,35.637953902223884,0.4243030846118927,392,157
0.4973340321748505,0.4437529792553937,0.4705435057151221,35.11849440244793,37.254499769286824,36.18649708586737,0.42494572699069977,392,157
0.4954129699263331,0.4095118739105263,0.45246242191842967,35.19931971644608,36.16393205462868,35.68162588553738,0.42461034655570984,392,157
0.47002537993159194,0.409338946688739,0.43968216331016546,35.01100389928079,36.89820657582101,35.95460523755089,0.42517851293087006,392,157
0.49248547018144506,0.40016386233213336,0.44632466625678924,35.10190953931596,36.47675213224227,35.78933083577911,0.4251960217952728,392,157
0.4960712121868455,0.41359732665563764,0.4548342694212416,34.63672991189506,36.228110192615574,35.43242005225532,0.425294429063797,392,157
0.47990182118753777,0.40509488245353475,0.44249835182053626,34.42561685355617,35.6077378686129,35.01667736108453,0.42580270767211914,392,157
0.4781371866563516,0.4191787754268694,0.4486579810416105,34.67356996043582,36.6192282203722,35.64639909040401,0.4261872172355652,392,157
0.4794764979653132,0.42009099889408796,0.4497837484297006,34.94666184868988,36.76259152288608,35.85462668578798,0.42579255998134613,392,157
0.4922469459665205,0.39552501006208785,0.4438859780143042,38.90985564330221,37.56648175993513,38.23816870161867,0.4272545278072357,735,157
0.4788141419865177,0.40833532949245777,0.44357473573948775,38.04752361657704,37.98412419026545,38.01582390342124,0.4272982180118561,735,157
0.48165191918219324,0.4313417079882913,0.4564968135852423,38.830680528014895,39.36403168315057,39.09735610558273,0.42656975984573364,735,157
0.497784531487021,0.3935337742505011,0.44565915286876107,38.56035051976405,37.22264900542092,37.89149976259249,0.42730776965618134,735,157
0.4854424319278703,0.44249967436023635,0.4639710531440533,38.12879367030821,38.661880172923155,38.39533692161568,0.42740029096603394,735,157
0.48065130865872596,0.3859836860553927,0.4333174973570593,38.909508550828555,37.01187944267329,37.96069399675092,0.42656293511390686,735,157
0.48970244462292645,0.3863708577247898,0.43803665117385815,38.926025384549426,36.902982199622514,37.914503792085966,0.42719464004039764,735,157
0.47393919698285375,0.42781288116880223,0.45087603907582796,37.79778472010232,38.62655909728929,38.21217190869581,0.4276241362094879,735,157
0.4803552781435941,0.3961146714015893,0.43823497477259166,38.039297336744404,37.07543644580002,37.55736689127221,0.4268135726451874,735,157
0.49522021356381324,0.3747910136273779,0.43500561359559553,39.09454712223117,36.13777901722979,37.616163069730476,0.42693130671977997,735,157
0.4742350682800131,0.3924707205989938,0.4333528944395034,38.22160445795541,37.81930319922952,38.020453828592466,0.42754724621772766,735,157
0.47414789186472805,0.4117654085334557,0.4429566501990919,37.317711942264744,38.937612403357406,38.12766217281107,0.4275727719068527,735,157
0.48621368957757943,0.3953224217962617,0.44076805568692057,37.494041731277335,38.17878463126433,37.83641318127083,0.42735737562179565,735,157
0.4913083312352225,0.3980385485898449,0.4446734399125337,37.94170079896554,37.63685855624086,37.789279677603204,0.4275437891483307,735,157
0.48376957794291287,0.3931709511701177,0.4384702645565153,37.66597187274833,37.418843466410266,37.5424076695793,0.42779795825481415,735,157
0.47358139614102024,0.3891847482085366,0.43138307217477845,37.03041480006354,37.162566303545226,37.09649055180438,0.4280952960252762,735,157
0.4794408878926264,0.384140699600354,0.4317907937464902,37.60290744771332,38.229096432323885,37.9160019400186,0.42804157733917236,735,157
0.48291698230514857,0.38885103940149535,0.43588401085332196,38.68043723033043,38.23914152894669,38.459789379638565,0.42779700458049774,735,157
0.47300663095963064,0.4026165127130264,0.4378115718363285,37.30690625989389,38.93896122407015,38.122933741982024,0.42880038917064667,735,157
0.49003772586539923,0.4100282380166044,0.45003298194100183,39.114499951414075,39.250627495463206,39.18256372343864,0.42826560139656067,735,157
0.47736944038847823,0.397663547090515,0.43751649373949664,37.7182060473254,39.434717355979366,38.576461701652384,0.4289005398750305,735,157
0.48299072538031684,0.381928079488947,0.43245940243463193,37.15640536278305,38.03223382119393,37.59431959198849,0.4287766218185425,735,157
0.4736759408322568,0.39644353285114625,0.4350597368417015,37.88157794125242,38.43502797933194,38.158302960292175,0.4288821965456009,735,157
0.4738762736625502,0.41163778441381615,0.44275702903818315,39.32594902853102,37.006317158189546,38.16613309336029,0.4299170523881912,1077,157
0.48344019380649694,0.42190229815204683,0.4526712459792719,40.32346551597703,38.24802863514739,39.28574707556221,0.4294462651014328,1077,157
0.4967012763411766,0.3850754132683374,0.440888344804757,38.90961052342513,37.22355332331306,38.0665819233691,0.4293280392885208,1077,157
0.4925151663416186,0.41041998506967486,0.4514675757056468,40.2693425951244,38.15436907496522,39.21185583504481,0.42957688868045807,1077,157
0.48898353224581603,0.4439585848162976,0.4664710585310568,40.33184283171148,37.8702343894433,39.10103861057739,0.4303055852651596,1077,157
0.5211717274290717,0.39952767062368655,0.4603496990263791,41.33794459981506,38.31040947660784,39.824177038211445,0.42945103347301483,1077,157
0.49198398788337333,0.40912778665982324,0.4505558872715983,41.09016259626111,37.41689033852258,39.25352646739184,0.4296422600746155,1077,157
0.49317562641607743,0.41123540591526525,0.45220551616567134,38.95797660003693,37.74357152814571,38.35077406409132,0.42920956015586853,1077,157
0.4777788915575935,0.39533119603031536,0.43655504379395443,39.9801309210845,37.86334365810821,38.92173728959635,0.4293638616800308,1077,157
0.4600988948846385,0.43478069108260664,0.4474397929836226,37.70426586975865,38.23479850442239,37.96953218709052,0.4297344386577606,1077,157
0.47969225687227257,0.3917326567830857,0.4357124568276791,38.88551254285365,37.272106573890106,38.07880955837187,0.4292622208595276,1077,157
0.49302361910275433,0.43780365365080626,0.4654136363767803,39.931750507092254,37.18870755733327,38.56022903221276,0.430205762386322,1077,157
0.5221879580700932,0.3862785695725554,0.45423326382132434,40.45534266261171,37.66455337156494,39.05994801708833,0.42963477969169617,1077,157
0.4888965708801078,0.3958291388908066,0.44236285488545724,41.112183065021306,37.40897919150331,39.26058112826231,0.42955851554870605,1077,157
0.4904885139707797,0.39403502866207973,0.44226177131642974,40.95755253697791,37.1194257240874,39.03848913053265,0.42987240850925446,1077,157
0.5060235200214434,0.38597556012379414,0.44599954007261877,41.06031547655239,37.06227571222149,39.06129559438694,0.42979006469249725,1077,157
0.4975247789809767,0.38978355451945557,0.44365416675021613,41.101708855748605,37.14932268839072,39.12551577206966,0.4300382286310196,1077,157
0.5078276756033188,0.3915334423131836,0.4496805589582512,40.45220485882947,38.463085784509204,39.45764532166933,0.4300462603569031,1077,157
0.49048655741981634,0.4039315021748009,0.4472090297973086,39.71753347156241,36.94115783943294,38.329345655497676,0.43090905249118805,1077,157
0.5045005040082479,0.44191850840140573,0.4732095062048268,40.61480302960773,37.71614240724264,39.165472718425185,0.4309670627117157,1077,157
0.4857997559879981,0.41345548948053684,0.4496276227342675,40.19313760434385,36.059464892241586,38.12630124829272,0.43113137781620026,1077,157
0.49906887622924934,0.44049393151452104,0.46978140387188516,40.47381739633603,38.264841799464605,39.36932959790032,0.4310449957847595,1077,157
0.4950908908648102,0.3916268589838462,0.4433588749243282,41.362016759699635,36.74788006053513,39.05494841011738,0.4309956729412079,1077,157
0.49202557258120483,0.4364317802153889,0.4642286763982969,41.19436504695443,38.28838826286771,39.74137665491107,0.43084952235221863,1077,157
0.49216288570938305,0.41140607707572063,0.45178448139255184,39.96149728814539,36.264129825430906,38.11281355678815,0.43111400306224823,1077,157
0.5105494023233519,0.4284509268541884,0.46950016458877014,41.12634242126621,37.95761084329845,39.54197663228233,0.4304990768432617,1077,157
0.4818645178181354,0.39445243764614046,0.4381584777321379,40.61469618290988,37.312373753386886,38.96353496814838,0.43030209839344025,1077,157
0.4581465885660053,0.4415846118257862,0.4498656001958957,39.06880354448867,38.056478480464264,38.56264101247646,0.4308117628097534,1077,157
0.4896614135018997,0.3856838447509997,0.43767262912644966,39.24841688061873,36.810823696187185,38.02962028840295,0.4300292134284973,1077,157
0.48530544278189197,0.4093058646778089,0.4473056537298504,40.48888652962385,37.03101823714202,38.75995238338294,0.4306587874889374,1077,157
0.46759492067250075,0.4284981017247815,0.44804651119864114,38.296165718618894,37.71291467277695,38.00454019569792,0.43084073066711426,1077,157
0.49491550818097607,0.44156561277807627,0.46824056047952617,40.0371616751242,37.026041056704265,38.531601365914234,0.42989085614681244,1420,157
0.506297270940871,0.42723745026720983,0.4667673606040404,39.931701280402166,36.208229727251286,38.06996550382672,0.43002963066101074,1420,157
0.45893037753642374,0.36729536163644,0.4131128695864319,32.311880844938024,32.571615311567164,32.441748078252594,0.43149375915527344,1420,157
-0.19993922360073235,-0.5012292162689395,-0.3505842199348359,7.195066366368625,9.438984567591936,8.31702546698028,0.44327886402606964,1420,157
-0.30997854265844627,-0.16747601069909976,-0.23872727667877303,6.698683671215073,9.979054574413565,8.33886912281432,0.44383473694324493,1420,157
0.42408258104417307,0.1638430388140532,0.29396280992911317,18.984823984044127,19.354961561146872,19.1698927725955,0.4374901056289673,1420,157
0.41951549537953053,0.33317263346842735,0.37634406442397894,26.029522160747714,27.262434151601262,26.645978156174486,0.43533293902873993,1420,157
0.47266712784209036,0.4207980404139464,0.4467325841280184,32.34502581583036,31.533669710597174,31.939347763213767,0.43291132152080536,1420,157
0.4589901730915883,0.4080937377556411,0.43354195542361473,35.262091434639544,33.76622370335254,34.51415756899604,0.43000003695487976,1420,157
0.4817748641406809,0.40491728330631976,0.4433460737235003,37.700798709700436,33.136062381293186,35.41843054549681,0.4309564232826233,1420,157
0.49343536883584643,0.4189340637027256,0.45618471626928603,36.23827543489223,33.01434149499005,34.62630846494114,0.4312717318534851,1420,157
0.48550922958230086,0.40066281429437467,0.4430860219383378,37.27080386639741,34.578844468929766,35.92482416766359,0.43103598058223724,1420,157
0.4799369404790009,0.4105529387370599,0.44524493960803035,37.88843062588131,34.58964529929073,36.239037962586025,0.43095220625400543,1420,157
0.49377666700691364,0.4150788974013207,0.45442778220411717,37.784235435622406,35.334921445554826,36.559578440588616,0.4311549663543701,1420,157
0.48507477457889103,0.43197994796339145,0.45852736127114124,38.34958790341673,34.11622749583953,36.23290769962813,0.43102048337459564,1420,157
0.49353428753261425,0.4059307571336766,0.4497325223331454,38.93507802643822,34.3960403172956,36.66555917186691,0.4314756244421005,1420,157
0.4783170674465632,0.43357455531478284,0.455945811380673,39.052960441699454,35.337678364522155,37.1953194031108,0.4318501800298691,1420,157
0.5018821875947196,0.44386522148078356,0.47287370453775157,39.46030232770422,36.05533943437186,37.75782088103804,0.43199238181114197,1420,157
0.4756408620675585,0.44512347853559653,0.4603821703015775,38.849486167162084,36.92496563327664,37.88722590021936,0.43172769248485565,1420,157
0.49470571572607,0.45096660326378657,0.4728361594949283,39.27697570232326,36.49535154038604,37.886163621354655,0.4324551522731781,1420,157
0.4825033017597246,0.4467248844890136,0.4646140931243691,39.46625924391717,36.90708550486603,38.186672374391605,0.43230950832366943,1420,157
0.49032964303078125,0.44011271488493314,0.4652211789578572,38.78439971073112,35.24287915180315,37.01363943126714,0.43253716826438904,1420,157
0.4916058030075819,0.4158240635451585,0.4537149332763702,38.929305432159666,35.162073593469266,37.04568951281446,0.43262146413326263,1420,157
0.495394467005298,0.4437794440234163,0.46958695551435714,38.31855041872365,35.39722525492786,36.85788783682575,0.4329884499311447,1420,157
0.4840327441605615,0.456098453347377,0.47006559875396925,39.22977340299127,36.68674536726426,37.95825938512776,0.4326738119125366,1420,157
0.4875932887965895,0.4485819655558618,0.46808762717622565,39.13566243902968,35.08204956450628,37.108856001767975,0.43336668610572815,1420,157
0.48920473690734606,0.4247436602498756,0.4569741985786108,40.228140103713926,36.45325174189048,38.340695922802205,0.4330742508172989,1420,157
0.4998607346411282,0.4067360059814041,0.45329837031126613,39.186594353936634,35.95746393173991,37.572029142838275,0.4335011690855026,1420,157
0.48331416289402485,0.41499665689991955,0.4491554098969722,40.43866841770155,36.140233210802904,38.28945081425223,0.4333924651145935,1420,157
0.5061587655767413,0.4215043319830469,0.4638315487798941,39.51568663162734,35.222063159210414,37.36887489541888,0.43392783403396606,1420,157
0.49559804927183865,0.42218866877489003,0.45889335902336437,38.616298357503176,35.239073403152005,36.92768588032759,0.4344618320465088,1420,157
0.4943854086423756,0.4187806813642258,0.4565830450033007,39.623190651931274,35.17091606562896,37.39705335878011,0.43503662943840027,1420,157
0.4655341806692793,0.40151778873915833,0.4335259847042188,30.5724487181038,30.60388482043105,30.588166769267424,0.4380219876766205,50,264
0.49523472555830744,0.44800659959633915,0.47162066257732327,33.35288016210474,35.31296472035719,34.33292244123096,0.43746356666088104,50,264
0.49268265678388734,0.40918982146866006,0.4509362391262737,33.24858556906456,33.20035952214572,33.22447254560514,0.43650929629802704,50,264
0.49737893492056146,0.43730483050083596,0.4673418827106987,33.32881296317317,34.122105932571905,33.72545944787254,0.4372575432062149,50,264
0.47239519121181406,0.45356920096665615,0.4629821960892351,32.56641427958275,33.75881509853904,33.162614689060895,0.4360863268375397,50,264
0.49234230084288305,0.4656947494863303,0.47901852516460663,33.36747431989174,35.18639440394753,34.276934361919636,0.43639615178108215,50,264
0.47635737904808817,0.4632993535477031,0.4698283662978956,32.154725614308056,34.050566484365824,33.10264604933694,0.4362598955631256,50,264
0.508874871148616,0.47784408938121054,0.4933594802649133,33.728369845759964,38.48606943923589,36.107219642497924,0.43693216145038605,50,264
0.48502969096475407,0.4372940613629589,0.4611618761638565,33.718180890458974,33.78319107141976,33.750685980939366,0.43569400906562805,50,264
0.4952001737030309,0.4667568635690428,0.4809785186360368,33.607525526413106,37.52343453084116,35.565480028627135,0.4367675334215164,50,264
0.48872387604684175,0.4327232366924062,0.460723556369624,33.70092722280499,34.01002203074868,33.85547462677684,0.43560394644737244,50,264
0.47814722939936927,0.4525704408548178,0.46535883512709353,33.44656329560337,35.44971633014329,34.44813981287333,0.43685677647590637,50,264
0.5215673979480397,0.4748840510132273,0.4982257244806335,33.44859944304786,35.73276507109486,34.590682257071364,0.43722735345363617,50,264
0.4998299226696995,0.47677390936740294,0.4883019160185512,33.95911213746436,35.08312101015376,34.52111657380906,0.4372897893190384,50,264
0.5145901221387792,0.45185101987153864,0.4832205710051589,33.70979099204118,36.49215929314209,35.100975142591636,0.4369015395641327,50,264
0.48632447840764914,0.45327194260036274,0.46979821050400594,34.27137955038009,33.916013950008484,34.09369675019428,0.4367596209049225,50,264
0.49513917232809146,0.457980940034869,0.47656005618148023,35.09910976511945,36.338744745887716,35.71892725550359,0.43687741458415985,50,264
0.48829468394219055,0.4751626963557408,0.4817286901489657,33.38383005540086,35.493356004871856,34.43859303013636,0.43658311665058136,50,264
0.4763529392741169,0.4514903080638429,0.46392162366897993,34.559319321617515,36.735895516041715,35.647607418829615,0.4367763251066208,50,264
0.4784935776624349,0.44519133087051393,0.4618424542664744,34.79290518003461,35.24324990269837,35.018077541366495,0.43590106070041656,50,264
0.4982660828788693,0.47888325024890616,0.4885746665638877,34.245016320833315,36.12562865477469,35.185322487804,0.43737104535102844,50,264
0.5169798277573402,0.4463835317057814,0.4816816797315608,33.51343924230485,36.326093033542534,34.91976613792369,0.437267541885376,50,264
0.4809895568847902,0.4455588215094266,0.4632741891971084,34.35726716130278,34.359527880648585,34.358397520975686,0.4365432858467102,50,264
0.5041655776553182,0.4394146451736997,0.471790111414509,34.91970227807011,36.075888404573064,35.49779534132159,0.4368923753499985,50,264
0.527547494436319,0.45404710922197755,0.49079730182914827,34.65592186770336,34.82658359000404,34.7412527288537,0.43656472861766815,50,264
0.5339283976574907,0.43127278978350797,0.48260059372049935,35.067502721087095,35.83741914974529,35.45246093541619,0.43724068999290466,50,264
0.5031547820924307,0.4619826517551528,0.4825687169237918,33.51638191940821,35.98942061392401,34.752901266666115,0.4367073029279709,50,264
0.4901850007341761,0.488567914124112,0.48937645742914404,35.46481283471037,37.69033339029474,36.577573112502556,0.43749167025089264,50,264
0.4847154062419638,0.45536913170770715,0.4700422689748355,32.99493649875056,36.97557373143965,34.98525511509511,0.43704983592033386,50,264
0.486152347484088,0.4804948149042666,0.4833235811941773,33.92500504772584,38.224386151149936,36.07469559943789,0.4374379813671112,50,264
0.4827788355306783,0.44351379098870125,0.4631463132596898,33.49417002850279,37.289395836126744,35.39178293231477,0.43735523521900177,50,264
0.4920174188008593,0.4766906724797752,0.48435404564031725,34.21114980790701,38.199454980586424,36.205302394246715,0.4377341717481613,50,264
0.4755183822789445,0.45030946263110555,0.46291392245502505,32.55057175589429,37.56521865224293,35.057895204068615,0.43752844631671906,50,264
0.4916127738045063,0.40386365769077803,0.44773821574764217,35.89743405619415,35.39057267276862,35.644003364481385,0.4365265667438507,392,264
0.49867464051192606,0.41123806737545093,0.4549563539436885,36.45089583103277,35.76817275585945,36.10953429344611,0.4363592565059662,392,264
0.4895720957507567,0.4116451515849356,0.45060862366784615,36.14949434859622,34.743150863279446,35.44632260593784,0.4360305368900299,392,264
0.49146675463171036,0.4020789020020602,0.44677282831688525,36.02100549445347,35.13116369699353,35.5760845957235,0.4363012909889221,392,264
0.4943003373738896,0.40609792569179987,0.45019913153284474,37.0321053847832,36.46779329251478,36.74994933864899,0.43617504835128784,392,264
0.49249459695131503,0.4084204281137427,0.45045751253252886,36.36971546867108,34.03111673791551,35.20041610329329,0.43622541427612305,392,264
0.5016583593470111,0.39129375049286547,0.44647605491993825,36.705930665628166,36.112638008789354,36.40928433720876,0.4360683560371399,392,264
0.4959387662441026,0.4167757341572975,0.45635725020070006,36.36966353911242,36.825887802828966,36.59777567097069,0.4364130049943924,392,264
0.5110759670675423,0.3959947648732977,0.45353536597042,37.394344493290006,33.783275553351906,35.58881002332096,0.4364691376686096,392,264
0.4822615556619307,0.41001546119074855,0.4461385084263396,36.581884807699815,36.32369532647471,36.452790067087264,0.436490535736084,392,264
0.4860365270014115,0.39805891665126875,0.4420477218263401,36.34080346943087,35.995927821352716,36.16836564539179,0.4364400655031204,392,264
0.4815770609506053,0.4154018526003219,0.4484894567754636,36.57406296890349,36.11195437357833,36.34300867124091,0.4368385672569275,392,264
0.4669760179551057,0.40237713310572704,0.4346765755304164,36.21581681847068,37.57508436969586,36.89545059408327,0.4361295700073242,392,264
0.4852544090535809,0.3814389409894102,0.4333466750214956,36.515120796230335,37.89097664778273,37.20304872200653,0.43664175271987915,392,264
0.48074080429225935,0.3846525403146573,0.4326966723034583,35.93622915124105,36.781241800678686,36.35873547595987,0.4365336447954178,392,264
0.48043999785390273,0.40822204364660175,0.4443310207502522,36.49213379783766,36.04370988127784,36.26792183955775,0.43703435361385345,392,264
0.4757450386826202,0.388852520636872,0.43229877965974606,35.815652544451254,38.71278879075197,37.26422066760161,0.4369245171546936,392,264
0.5048533953590737,0.3971430308676822,0.45099821311337795,37.16663980556414,36.69180439962779,36.929222102595965,0.4374731779098511,392,264
0.5079991661278156,0.404181291774757,0.45609022895128626,36.823833454243015,37.02352399774588,36.92367872599445,0.43769165873527527,392,264
0.5219048566808022,0.3857233650446449,0.45381411086272355,37.549816159817276,38.19982493905216,37.874820549434716,0.4377554953098297,392,264
0.5202623027505384,0.3748296400630935,0.44754597140681596,37.15704526155553,37.64647799540647,37.401761628481,0.437854066491127,392,264
0.5211339041458575,0.3938699061640339,0.4575019051549457,36.681214841956674,37.91523679644026,37.298225819198464,0.43794214725494385,392,264
0.5139180556367952,0.3730090797948152,0.4434635677158052,37.12247270457918,37.52717437237118,37.32482353847518,0.43790994584560394,392,264
0.502527659459792,0.38352622327346864,0.44302694136663034,36.691048081915746,37.50684499606929,37.09894653899252,0.43795427680015564,392,264
0.49388026603306306,0.3967211329995456,0.44530069951630435,36.748633301580504,37.40267318080391,37.07565324119221,0.4378421753644943,392,264
0.5055779688419918,0.3874775334225582,0.446527751132275,37.033222648159565,37.97920832706586,37.506215487612714,0.43772292137145996,392,264
0.5004310167944478,0.3828359430200833,0.44163347990726554,36.92754831651123,37.11694236084796,37.022245338679596,0.43790122866630554,392,264
0.4970899955672349,0.3929508780314951,0.445020436799365,37.03063982594188,37.489027744605146,37.259833785273514,0.4376843422651291,392,264
0.518116563759262,0.356502173549872,0.437309368654567,37.29558407370505,37.048295870495494,37.171939972100276,0.4379158616065979,392,264
0.5101894256864412,0.3952758486718176,0.45273263717912937,37.92673787353905,37.591138856880875,37.75893836520996,0.43797266483306885,392,264
0.5032741207760386,0.40772710133882867,0.45550061105743367,38.10348173227933,37.051573670529486,37.57752770140441,0.4379800260066986,392,264
0.40818068528602663,-0.7478208892806053,-0.16982010199728934,20.73155233288776,8.989761701813629,14.860657017350693,0.44772903621196747,735,264
0.06838723345308505,-0.8323122219091071,-0.38196249422801104,7.144950248590122,9.118358395683156,8.13165432213664,0.4514527767896652,735,264
0.3378724532797401,-0.7351893492203236,-0.19865844797029178,18.20119675031815,8.405913827368565,13.303555288843357,0.44822269678115845,735,264
0.41633218370169855,0.131070727812843,0.2737014557572708,25.442615911729128,16.453409979300343,20.948012945514733,0.44492006301879883,735,264
0.4250267359367614,0.31632845222616135,0.3706775940814614,31.16828684554344,26.401450068372842,28.784868456958144,0.4413036108016968,735,264
0.47201952803656555,0.3506065418922715,0.4113130349644185,34.82524751864357,29.430000753099478,32.12762413587153,0.4394884258508682,735,264
0.47663453973851505,0.3698689881767803,0.4232517639576477,35.99441480858944,33.020261008134405,34.50733790836192,0.4384733587503433,735,264
0.4605930818666024,0.362199202976353,0.4113961424214777,36.35997987995072,32.5441681659631,34.45207402295691,0.43824155628681183,735,264
0.46330102121181244,0.3228716971593015,0.39308635918555695,36.93437092561741,34.27012207471599,35.6022465001667,0.4375447779893875,735,264
0.4504332024506605,0.3595729044101153,0.4050030534303879,36.78280844728664,34.995529318715164,35.889168883000906,0.43750032782554626,735,264
0.4720758176607115,0.3287109676086239,0.40039339263466767,37.703574802830644,35.22684519205995,36.4652099974453,0.43771909177303314,735,264
0.46895434013804466,0.38106239572598677,0.4250083679320157,36.87834822137488,35.29504719161099,36.086697706492934,0.43775026500225067,735,264
0.4828655619952575,0.344881668819855,0.41387361540755624,37.72335823310751,35.12127591856687,36.42231707583719,0.4379398971796036,735,264
0.47098882265082664,0.33922683637952594,0.4051078295151763,37.328214904316184,34.925006922915095,36.126610913615636,0.437745600938797,735,264
0.47003528574897707,0.3734728538577634,0.42175406980337027,37.37223601875597,35.815285486571824,36.5937607526639,0.43789157271385193,735,264
0.47718783345240723,0.3582890993271354,0.4177384663897713,38.245993158468956,35.902927821006124,37.07446048973754,0.4379954934120178,735,264
0.47276016846593516,0.3483681277823156,0.41056414812412534,38.050817042013605,35.910734770759625,36.98077590638661,0.43789374828338623,735,264
0.4699701768106409,0.3743270111959259,0.4221485940032834,37.552875354512146,36.06116330059891,36.80701932755553,0.43798622488975525,735,264
0.46020790751236784,0.3522274817244842,0.40621769461842605,37.63078084788925,36.31190062705954,36.97134073747439,0.4377881586551666,735,264
0.4729925623640986,0.35666343191227784,0.4148279971381882,37.80354622217573,35.91848355069105,36.861014886433395,0.4380750209093094,735,264
0.47854394583798476,0.3692067123203192,0.423875329079152,37.66450891659292,36.891850183259685,37.27817954992631,0.43780864775180817,735,264
0.4817884229012172,0.3658278951170522,0.4238081590091347,38.282221955658926,36.02238504354733,37.15230349960313,0.43794308602809906,735,264
0.4730167378758328,0.3566562253365874,0.4148364816062101,38.32270408677912,36.26033612895702,37.29152010786807,0.4380379319190979,735,264
0.4756255231718362,0.36823118159521306,0.42192835238352466,38.254481480579706,36.371170725387586,37.31282610298365,0.4381309002637863,735,264
0.4678726312389345,0.36249480148358404,0.4151837163612593,38.24571093435962,36.42739214970895,37.336551542034286,0.43809521198272705,735,264
0.47404349897237663,0.3582772032352728,0.4161603511038247,38.00273519037368,36.50602706196722,37.25438112617044,0.43813441693782806,735,264
0.4823999226278164,0.36530329847543536,0.4238516105516259,37.93271338663757,36.74903020654919,37.34087179659338,0.4382593184709549,735,264
0.4802697140659396,0.366027379124277,0.4231485465951083,38.16590176803367,36.77587482578382,37.47088829690875,0.4382288157939911,735,264
0.4693333336370589,0.3619551582078383,0.41564424592244864,38.37589595354024,36.77390651829206,37.574901235916144,0.4381662905216217,735,264
0.47351286438650514,0.36084166148743185,0.4171772629369685,38.582180075362544,36.816115070949415,37.69914757315598,0.4380897879600525,735,264
0.4802201508747881,0.35824142437757733,0.4192307876261827,38.62165289617522,36.96042972007048,37.79104130812285,0.4381626844406128,735,264
0.4794922202486609,0.3738280784843149,0.4266601493664879,38.32458358649937,37.17004168242578,37.747312634462574,0.4383264183998108,735,264
0.4720593173443282,0.37579254082755625,0.42392592908594223,38.04171762821508,37.16407824395008,37.602897936082584,0.4383225291967392,735,264
0.5064457390722711,0.3984468288764041,0.4524462839743376,38.71152112996214,36.35581668891654,37.53366890943934,0.43976840376853943,1077,264
0.5004796327998857,0.39879267808700136,0.44963615544344354,38.61817875602906,37.12807711738437,37.873127936706716,0.439366415143013,1077,264
0.5029490670484429,0.37026113624700563,0.43660510164772426,39.557960682407156,36.95386808613568,38.25591438427142,0.43896663188934326,1077,264
0.4965464015860129,0.38117293455875545,0.4388596680723842,38.95266607822583,36.89188709065248,37.92227658443916,0.4390988051891327,1077,264
0.49380716086089976,0.3782498012512675,0.4360284810560836,39.33208568494521,36.38996188253318,37.8610237837392,0.43916188180446625,1077,264
0.4947176764768773,0.3895703707207973,0.4421440235988373,39.51121929307682,37.84457889727294,38.67789909517488,0.4389736205339432,1077,264
0.4915331411149806,0.39214040800168465,0.4418367745583326,38.82059793145112,37.42861672900178,38.12460733022645,0.4390992671251297,1077,264
0.49183395823023307,0.3903069319831065,0.4410704451066698,39.546490369195105,37.756668205383505,38.65157928728931,0.43892501294612885,1077,264
0.502915618963763,0.38386024854860207,0.4433879337561826,38.8123057425596,37.78579242700999,38.2990490847848,0.43899571895599365,1077,264
0.5125000875199519,0.4069185368677435,0.4597093121938477,39.300253599890375,36.63510451699326,37.96767905844182,0.4401550590991974,1077,264
0.4894445068210349,0.39758227269081536,0.44351338975592514,40.27445742102971,36.90020639157333,38.587331906301515,0.43901902437210083,1077,264
0.5020413054106769,0.39651612737408465,0.4492787163923808,39.190645389183054,37.19050485495679,38.19057512206992,0.439443439245224,1077,264
0.48556593296963924,0.3938760867582495,0.43972100986394436,39.55188038546779,37.666384546112326,38.609132465790054,0.4391135573387146,1077,264
0.49775251765394896,0.38816600425830283,0.4429592609561259,38.68989472277446,37.09293408280753,37.891414402791,0.43962976336479187,1077,264
0.4917855238997695,0.387639014238199,0.43971226906898425,38.60151625912665,37.456807865558325,38.029162062342486,0.4394191652536392,1077,264
0.4850201846229207,0.3911111041125053,0.438065644367713,38.2582114125331,37.543331352046756,37.90077138228993,0.4395962208509445,1077,264
0.4826769687275164,0.3968216695759267,0.43974931915172155,39.060294729721505,37.32944398399966,38.19486935686058,0.4395003467798233,1077,264
0.5016025077758683,0.38489345651764806,0.4432479821467582,38.40179015365477,37.455061973886544,37.92842606377066,0.4397318959236145,1077,264
0.5086862791831853,0.39891812410142446,0.4538022016423049,39.810032953562576,38.371691019521045,39.09086198654181,0.4399496167898178,1077,264
0.49686481999889565,0.38559807674930585,0.4412314483741008,39.04793326391552,36.869010991563044,37.958472127739284,0.43991853296756744,1077,264
0.4929058197914851,0.3977055713835127,0.4453056955874989,40.26720362691422,37.17704082097602,38.72212222394512,0.439802885055542,1077,264
0.5042766881818305,0.41372868421997305,0.4590026862009018,39.14182874236088,37.28132630075175,38.211577521556315,0.44040922820568085,1077,264
0.49318677053033294,0.40066334212359567,0.44692505632696433,40.20993687606048,38.01086779780807,39.11040233693427,0.4396754056215286,1077,264
0.49347736631581895,0.400946845898744,0.44721210610728146,38.89658654097396,37.53942099944921,38.21800377021159,0.44025902450084686,1077,264
0.49657689526278864,0.40447870881769465,0.4505278020402417,39.855310578939445,38.40581725609132,39.13056391751538,0.4399188607931137,1077,264
0.5081612296932262,0.3804487645577159,0.44430499712547106,39.952508700142396,36.62776458120947,38.29013664067593,0.4408760815858841,1077,264
0.4960414440023841,0.40558422161267904,0.4508128328075316,38.94287521265978,39.020279065641276,38.98157713915053,0.4401737153530121,1077,264
0.47234134676663336,0.38802720993228,0.4301842783494567,38.032768149150805,36.05689581181973,37.04483198048527,0.44091856479644775,1077,264
0.4970782747397708,0.3843765238584868,0.4407273992991288,39.49925313152548,37.462979172127625,38.481116151826555,0.44084614515304565,1077,264
0.50809895466764,0.42426651680905975,0.4661827357383499,39.316904675125926,37.624999486934605,38.47095208103026,0.44365614652633667,1420,264
0.5064266883511466,0.4147361349523828,0.4605814116517647,40.50500533585476,41.330410264623204,40.917707800238986,0.44335152208805084,1420,264
0.48519180902334835,0.44684025261293453,0.46601603081814147,40.7480642791275,39.78032339043816,40.26419383478283,0.4442490339279175,1420,264
0.4940072382371261,0.41270620267872804,0.4533567204579271,40.78361758104176,36.624919405750376,38.70426849339607,0.44386300444602966,1420,264
0.49351975372427903,0.4375185435384546,0.4655191486313668,39.092618066096975,37.35977949935717,38.22619878272707,0.44396665692329407,1420,264
0.47839667599308816,0.41880380688185487,0.4486002414374715,39.27137865542609,38.6204614444606,38.945920049943346,0.4435517489910126,1420,264
0.49056441970353254,0.41908957576413997,0.4548269977338363,39.258512402670256,39.16621773750575,39.212365070088,0.443540021777153,1420,264
0.4951583609108907,0.44437880452620615,0.46976858271854843,40.31647154449333,38.216927636765774,39.26669959062956,0.4439089596271515,1420,264
0.48766959120324943,0.4167132071432224,0.4521913991732359,39.52422300769427,36.97430559203125,38.24926429986276,0.44412244856357574,1420,264
0.47568594330605496,0.445933193226342,0.46080956826619845,41.06414754724383,39.763654877222415,40.41390121223312,0.44360263645648956,1420,264
0.48173720205713416,0.4430939632295156,0.4624155826433249,39.38951545196971,39.13870247023584,39.26410896110278,0.44393204152584076,1420,264
0.48437552110503607,0.4160363134000677,0.4502059172525519,39.822184882245566,37.58266900867295,38.70242694545926,0.44402410089969635,1420,264
0.4851591464698216,0.4418164159352049,0.4634877812025132,39.61317212997545,39.59776889909834,39.6054705145369,0.4437888264656067,1420,264
0.4867277694632115,0.406528559184694,0.44662816432395275,39.70822737400382,36.92542603653053,38.316826705267175,0.4442955106496811,1420,264
0.5072496400786065,0.44567575975172835,0.47646269991516743,39.704758966580314,40.598154578192776,40.151456772386545,0.4437289983034134,1420,264
0.4936853177018292,0.4273572647781141,0.46052129123997165,40.03567831706092,37.58357719776932,38.80962775741512,0.44447025656700134,1420,264
0.48837148560845234,0.44198752143192477,0.46517950352018855,40.13201221370252,38.41102144346907,39.27151682858579,0.4445391595363617,1420,264
0.5014347236295497,0.4346556184568898,0.46804517104321974,39.97205328545138,37.999434271858085,38.98574377865474,0.4450622946023941,1420,264
0.47597023574843816,0.4313706789769338,0.45367045736268596,38.68681526703686,37.850145868947266,38.268480567992064,0.44483712315559387,1420,264
0.48269117936502043,0.44715782638535884,0.4649245028751896,39.824046750451934,40.105062084860336,39.96455441765613,0.44457872211933136,1420,264
0.4947279765778808,0.4331206488927146,0.4639243127352977,39.22485272265193,37.84257336786841,38.53371304526017,0.444932296872139,1420,264
0.4721903306639886,0.44593562870616615,0.45906297968507737,39.17891256451544,38.99777904144345,39.08834580297945,0.4442935883998871,1420,264
0.5069034776933099,0.44758799518282405,0.477245736438067,33.350555980958774,36.20547147419679,34.778013727577786,0.4480200260877609,50,371
0.5405945835478475,0.4343287928192147,0.4874616881835311,33.52765091844744,35.7677855160342,34.64771821724082,0.44830837845802307,50,371
0.5139217705421453,0.458807803565752,0.48636478705394864,33.30057071847462,37.02592107769953,35.16324589808707,0.44821470975875854,50,371
0.5034499286008416,0.4349443507671647,0.4691971396840031,32.575282599373374,33.78113924714413,33.17821092325875,0.44814202189445496,50,371
0.4005940094411104,0.2640390670944892,0.33231653826779983,26.665546869394483,20.17417574856785,23.41986130898117,0.4519817978143692,50,371
-0.8242126319249113,-0.9080753091075989,-0.8661439705162551,7.38013371677617,9.735221364563133,8.557677540669651,0.455939382314682,50,371
-0.29273591604794874,-0.8679146633894309,-0.5803252897186898,6.496984701967718,8.997310247961492,7.7471474749646045,0.45704784989356995,50,371
-0.16208260805911973,-0.9006401174813419,-0.5313613627702308,10.749580609502953,9.129289587705866,9.93943509860441,0.4535353481769562,50,371
0.394125188375628,-0.2552396382609019,0.06944277505736304,22.823112315600966,10.787110894620973,16.80511160511097,0.45236511528491974,50,371
0.41201817289152715,0.27957352750733316,0.34579585019943015,27.777371901686944,20.223468402388058,24.0004201520375,0.450369730591774,50,371
0.4366835565548988,0.3763609678748434,0.4065222622148711,30.473449514350218,27.411056588044705,28.94225305119746,0.44947175681591034,50,371
0.4733965505794053,0.39561457669434574,0.43450556363687554,32.0944794836539,32.58715062299917,32.34081505332654,0.4471111446619034,50,371
0.46329226638675297,0.40276149603724154,0.4330268812119973,31.66731464337549,31.495367413828873,31.581341028602182,0.44713450968265533,50,371
0.4819189056217076,0.41845719612923155,0.45018805087546954,32.57188253886237,34.50554323856764,33.538712888715004,0.44651757180690765,50,371
0.4798773079268847,0.4103550578672306,0.4451161828970577,33.410491198869906,35.147610207120074,34.279050702994994,0.44642071425914764,50,371
0.47725165622751975,0.4194302907113108,0.44834097346941526,32.64729084094619,34.70612222653181,33.676706533739,0.446713849902153,50,371
0.5002096995611374,0.413968799426038,0.45708924949358765,33.257438482873745,33.86423589688353,33.56083718987864,0.4466663748025894,50,371
0.49427066865478564,0.42347622987934397,0.4588734492670648,32.620679430379525,33.83550529628443,33.22809236333198,0.4472011625766754,50,371
0.4792221440805176,0.44886648057759504,0.4640443123290563,33.48155604100019,36.089943951761285,34.78574999638074,0.4465552568435669,50,371
0.5056303748164758,0.4134359780694765,0.45953317644297614,33.897117377311545,33.29659087671476,33.59685412701315,0.44642452895641327,50,371
0.5189468240280305,0.4371764911141427,0.4780616575710866,33.10606835729877,35.065522994607115,34.08579567595294,0.4471510797739029,50,371
0.4940761854605732,0.4069981471042967,0.45053716628243495,33.40235916889622,34.730665755866475,34.06651246238135,0.4463002681732178,50,371
0.4983272920144492,0.4292765947138883,0.46380194336416875,33.33778991373465,35.8427143692891,34.590252141511876,0.4464646130800247,50,371
0.4964165809658883,0.41253310532502036,0.45447484314545433,34.20713735708066,34.08578066966031,34.14645901337049,0.4463382661342621,50,371
0.49864753602455036,0.45160559492882785,0.4751265654766891,33.05870547407456,35.75687175069731,34.40778861238593,0.44660404324531555,50,371
0.5157593009093931,0.4108034219677973,0.4632813614385952,34.39959566410658,34.1816615909558,34.29062862753119,0.4460802376270294,50,371
0.5105971454681932,0.45346892842331776,0.4820330369457555,32.69306427661815,34.722430258335656,33.707747267476904,0.4467715173959732,50,371
0.5204293305060173,0.4205107768442236,0.4704700536751204,35.06845269810766,35.453314708574254,35.26088370334096,0.4465348422527313,50,371
0.5101532733778376,0.44821016279336284,0.4791817180856002,32.27974066881182,36.05977700658798,34.1697588376999,0.44654640555381775,50,371
0.5171766596980705,0.4187733985828961,0.4679750291404833,34.46016193777688,35.05969785676765,34.759929897272265,0.4462177902460098,50,371
0.4770822096508664,0.4610928291524808,0.4690875194016736,32.69835348478776,34.82814441979252,33.76324895229014,0.4462238848209381,50,371
0.509802997525237,0.41536236695987133,0.46258268224255417,34.68495713643221,35.14397028338558,34.914463709908894,0.4463839828968048,50,371
0.5187639077529966,0.40651680599989043,0.46264035687644356,37.09827603880232,38.51382065587409,37.806048347338205,0.44627051055431366,392,371
0.5145521712620731,0.37107558444532224,0.44281387785369763,36.379139179697205,36.05169475073913,36.21541696521817,0.44575999677181244,392,371
0.5060100555142394,0.4103993864197349,0.45820472096698717,35.93215100368582,37.64729105176676,36.78972102772629,0.4464512765407562,392,371
0.5017764696558943,0.37707425524624255,0.43942536245106845,35.012006120360184,37.4234889413292,36.21774753084469,0.44579049944877625,392,371
0.5088716170845525,0.41258830490129644,0.4607299609929245,36.614590456508665,38.3858783204546,37.50023438848163,0.445901095867157,392,371
0.5091892009174038,0.4142199787770006,0.4617045898472022,35.93530446853368,39.19042863869532,37.5628665536145,0.4458726644515991,392,371
0.5037309682661123,0.4057387847354017,0.454734876500757,36.62097224035602,38.47875498106641,37.54986361071121,0.4462793469429016,392,371
0.5035408226521125,0.38467821513669803,0.4441095188944053,36.16901331744742,35.580698218338,35.87485576789271,0.446328267455101,392,371
0.504956959118831,0.42018398047199074,0.46257046979541083,35.94959365531186,38.039820994767275,36.99470732503957,0.44693723320961,392,371
0.5181203646503528,0.42259083005257403,0.47035559735146343,35.868686064636755,38.701041130628575,37.284863597632665,0.44594575464725494,392,371
0.5100616914959951,0.40845718726635694,0.459259439381176,36.50429875582211,38.25221764191272,37.378258198867414,0.4458487778902054,392,371
0.5137823664366526,0.43312684165327314,0.47345460404496287,36.54521924301907,39.189308289808885,37.86726376641398,0.446447029709816,392,371
0.50706198687244,0.4069204626762837,0.4569912247743618,36.43162531571982,38.06114333783973,37.246384326779776,0.4469010680913925,392,371
0.5030831747736257,0.4091909574624924,0.45613706611805904,36.47248086109596,38.39702450620554,37.43475268365075,0.4466939866542816,392,371
0.4991676297511032,0.39390730975401006,0.4465374697525566,35.797948023059945,35.21542303312616,35.50668552809305,0.446236789226532,392,371
0.5141164226444733,0.4189032112561261,0.4665098169502997,36.11942091556637,37.342978439006295,36.731199677286334,0.4478570818901062,392,371
0.5090840590525331,0.4056576786892145,0.45737086887087375,36.608668305953515,36.72643941529589,36.66755386062471,0.44722799956798553,392,371
0.5059038758951059,0.4185015108862182,0.462202693390662,36.626998635246004,36.980741567364966,36.803870101305485,0.446792870759964,392,371
0.525902923107086,0.4297522673385741,0.47782759522283,36.321590183299875,38.25234907665561,37.28696962997775,0.447414830327034,392,371
0.5265685955386824,0.4296504804264771,0.4781095379825797,36.62512515928418,38.813372028415024,37.7192485938496,0.4475118964910507,392,371
0.5273819995247855,0.43114759960901633,0.47926479956690093,36.268731645368966,38.23903877413371,37.25388520975134,0.44727902114391327,392,371
0.5178284430643391,0.427284022620539,0.47255623284243903,35.76297726748779,39.450850420224,37.60691384385589,0.4469563215970993,392,371
0.5115166095558883,0.42798105859104624,0.46974883407346724,36.207355989377206,38.36666205156758,37.2870090204724,0.44734708964824677,392,371
0.5217221496901852,0.4079682891839938,0.46484521943708945,36.02126264536371,37.469822207092825,36.74554242622827,0.44706520438194275,392,371
0.5041175316165972,0.42655762548386256,0.4653375785502299,36.088625415475484,38.21376830620543,37.15119686084046,0.44745591282844543,392,371
0.500143159278012,0.42320336139975295,0.46167326033888245,36.5841688664313,37.14918709632307,36.86667798137718,0.4476073831319809,392,371
0.503907615733023,0.43842801881537746,0.4711678172742002,37.22911591781479,37.50384211207078,37.36647901494278,0.4477761387825012,392,371
0.5040728346155378,0.44675143767245684,0.4754121361439973,36.368053065681956,37.61857633086666,36.993314698274304,0.44781631231307983,392,371
0.5073866792101129,0.43573587785117185,0.4715612785306424,37.23018654520493,37.281789958472665,37.2559882518388,0.44776642322540283,392,371
0.4985495569767665,0.440027830947802,0.46928869396228423,36.35267739816953,37.368220607373914,36.86044900277172,0.44796980917453766,392,371
0.5054304334379006,0.4394886650073134,0.472459549222607,36.843117906776904,37.25250484657442,37.04781137667566,0.44805769622325897,392,371
0.5051424960637021,0.42902702234962303,0.4670847592066626,36.484106686054744,36.52916076120973,36.506633723632234,0.4484207183122635,392,371
0.509742079240904,0.40608123196730883,0.4579116556041064,36.82212694295136,36.05634131895862,36.439234130954986,0.4487622082233429,392,371
0.5089194165856834,0.4136703745588583,0.4612948955722709,37.608838250699556,38.083715493227444,37.8462768719635,0.4487057328224182,392,371
0.530693064548973,0.40416815414105617,0.46743060934501457,37.68472554059569,37.13414791325245,37.40943672692407,0.4490704834461212,392,371
-0.4184804712867226,-0.8167974528785334,-0.617638962082628,7.034599253794763,9.337268938687643,8.185934096241203,0.4593876600265503,735,371
0.3486673606971166,-0.3405505573185724,0.004058401689272101,21.331119655184164,10.674693967203421,16.002906811193792,0.4572071433067322,735,371
0.4177500837051775,0.13742988532428682,0.27758998451473216,28.07741612745513,18.201564020972224,23.139490074213676,0.45385025441646576,735,371
0.4425610258446164,0.3690025416729906,0.40578178375880347,29.627722648651325,29.70916358048368,29.668443114567502,0.4528229981660843,735,371
0.463231304893032,0.38009489524694373,0.42166310006998786,33.6726499889052,32.8750516790549,33.27385083398005,0.4513634741306305,735,371
0.46947821945436036,0.3611451662475037,0.41531169285093206,35.14127624896761,34.80904041022646,34.975158329597036,0.44979412853717804,735,371
0.4802059826508538,0.36756913691922527,0.42388755978503956,34.75442716410973,33.57126272489642,34.16284494450308,0.45031337440013885,735,371
0.4911085976153513,0.36788606337232693,0.4294973304938391,35.65528937701055,34.83632514796128,35.24580726248591,0.45004992187023163,735,371
0.483007016858961,0.3709985814641995,0.42700279916158024,35.88243742647594,35.704083475525735,35.79326045100083,0.4498727470636368,735,371
0.4854300113446205,0.35833839560439823,0.4218842034745094,35.675086421906414,34.23494279080829,34.95501460635735,0.4501027315855026,735,371
0.4944108177201262,0.34951480712961674,0.42196281242487144,35.937298956753395,34.58157956184018,35.259439259296784,0.45031970739364624,735,371
0.49226348502396505,0.3649065906613711,0.4285850378426681,37.00212618565495,35.12764470887577,36.06488544726536,0.45005282759666443,735,371
0.49522082009385976,0.3692448413664233,0.4322328307301415,37.093131151520005,36.00267049042315,36.54790082097158,0.45028579235076904,735,371
0.49941162720144844,0.36237819589715603,0.43089491154930226,37.44111190531496,35.68858291748232,36.564847411398645,0.4503343105316162,735,371
0.4976209364804717,0.35401970781795966,0.42582032214921567,37.376885814443746,35.17571300784843,36.276299411146084,0.4507596492767334,735,371
0.4981544486499657,0.36061410973443103,0.42938427919219835,37.847739176016525,35.504631523814616,36.67618534991557,0.45083534717559814,735,371
0.48580230816197384,0.36864039279488614,0.42722135047843,37.79822981583822,35.76484423271585,36.781537024277036,0.4506792426109314,735,371
0.49638672835148645,0.3689183821078394,0.43265255522966295,37.6944952470552,35.81737526780265,36.75593525742893,0.45084773004055023,735,371
0.4794871708884938,0.37223622679112445,0.4258616988398091,37.43380987265144,35.26388336151046,36.34884661708095,0.4509986639022827,735,371
0.5015223537606488,0.3718419532253167,0.4366821534929828,37.55359518086283,34.88561513755949,36.219605159211156,0.4511580914258957,735,371
0.48655438110512267,0.36842629049974457,0.4274903358024336,38.525226425875935,35.02627643538343,36.77575143062968,0.4509742259979248,735,371
0.4679362187620111,0.38947192187848867,0.4287040703202499,37.16892837139452,35.93612061931906,36.55252449535679,0.4507635235786438,735,371
0.471767608827735,0.37322030244531257,0.4224939556365238,35.96758352249278,34.505819884500475,35.23670170349663,0.4506494998931885,735,371
0.494210660624071,0.36218861262272267,0.42819963662339683,36.83771253561905,34.950474827046605,35.894093681332826,0.4513242691755295,735,371
0.472921820764909,0.3678940312052164,0.4204079259850627,37.04639760980456,34.90407418375025,35.975235896777406,0.451336994767189,735,371
0.5053922099046129,0.3569610851271182,0.43117664751586554,36.957100505429615,34.57189798561352,35.76449924552156,0.4513217359781265,735,371
0.49096847583048353,0.3741677928345071,0.4325681343324953,37.17524718057604,34.896034017016525,36.03564059879628,0.45168572664260864,735,371
0.4998854678949228,0.35848361704571263,0.4291845424703177,36.52286526875485,34.43027365947688,35.47656946411587,0.451760396361351,735,371
0.4830006304559375,0.3786659661109754,0.43083329828345646,36.6287316060565,35.14951695104468,35.88912427855059,0.45156876742839813,735,371
0.499133810043844,0.3708459822396463,0.43498989614174516,35.835259815354014,35.039627008831616,35.43744341209282,0.45176734030246735,735,371
0.4889770495682942,0.3779607149156798,0.433468882241987,36.49700065379427,35.34616245412932,35.92158155396179,0.45169396698474884,735,371
0.4862771388215847,0.38059525659186505,0.43343619770672487,36.53006165759334,35.383358644664625,35.95671015112899,0.4516899585723877,735,371
0.4864490103257596,0.3738514485429156,0.43015022943433756,36.47725665536042,35.732610924894416,36.10493379012742,0.4516807794570923,735,371
0.4715127665095277,0.3595972915652706,0.41555502903739916,37.32311964440642,37.33412450068173,37.32862207254408,0.4512903392314911,1077,371
0.49307561480446216,0.3800279456230067,0.4365517802137344,37.457326533863196,36.58871045114592,37.02301849250456,0.4520931988954544,1077,371
0.4800040710910859,0.3755747630063606,0.42778941704872325,37.47342781547186,36.50877454985022,36.99110118266104,0.45192858576774597,1077,371
0.48962823981834935,0.40052528223738054,0.445076761027865,37.351287597087385,35.45845339886795,36.40487049797767,0.4522518515586853,1077,371
0.5004657787901774,0.3836071390016971,0.44203645889593723,39.062236460624966,35.73978397130493,37.401010215964945,0.45173534750938416,1077,371
0.486219155141219,0.3845145109018936,0.4353668330215563,38.501212900366184,35.46877940326207,36.98499615181413,0.45225900411605835,1077,371
0.4915147225058894,0.3877891660844424,0.4396519442951659,37.49088737159903,35.91228224956592,36.701584810582474,0.4519951492547989,1077,371
0.48480996374634117,0.364439475417798,0.4246247195820696,38.05564752956431,36.62487936401663,37.34026344679047,0.4517256021499634,1077,371
0.48819681845002394,0.4026534057340191,0.4454251120920215,38.95449952088229,37.88175685387128,38.41812818737678,0.45161062479019165,1077,371
0.48995269349955467,0.37426098354607407,0.4321068385228144,37.55076356885362,35.8065147461177,36.67863915748566,0.4516652226448059,1077,371
0.4841600948668388,0.3878856748160807,0.4360228848414598,39.090418771248224,37.7541188421304,38.42226880668932,0.4514243006706238,1077,371
0.48146556220520814,0.367994858470707,0.42473021033795755,38.93890085513434,35.92571793886945,37.432309397001895,0.45154546201229095,1077,371
0.48019123708488787,0.3725489343024965,0.42637008569369217,38.26430338357012,36.684084746679495,37.474194065124806,0.45132625102996826,1077,371
0.489439024752895,0.37589219648076716,0.43266561061683106,38.98577527553501,38.05699048947455,38.52138288250478,0.4513237327337265,1077,371
0.47678173503285326,0.3802869014676954,0.4285343182502743,38.36653187316789,37.33805868085903,37.852295277013454,0.4514806419610977,1077,371
0.49728324508129235,0.38727046138751187,0.44227685323440213,37.93993550308231,35.636249029697744,36.788092266390024,0.45203958451747894,1077,371
0.4828901783729702,0.3783875961109122,0.4306388872419412,39.35932120858646,35.23262245281948,37.29597183070297,0.45177726447582245,1077,371
0.4838264731768072,0.373004267238867,0.4284153702078371,36.96289806006741,36.21294534058729,36.58792170032735,0.4516451954841614,1077,371
0.4824101530526391,0.36481509968784687,0.423612626370243,38.09123682001521,34.712523981920505,36.401880400967855,0.4520653784275055,1077,371
0.4733725813325048,0.3790005246805976,0.42618655300655117,37.99567435487679,36.81519980285719,37.40543707886699,0.45183849334716797,1077,371
0.4910529117614609,0.3752225201455612,0.433137715953511,39.539060463917735,37.30803157475673,38.42354601933724,0.4518377333879471,1077,371
0.4654996646705185,0.3568512985998491,0.4111754816351838,37.50252941180992,34.7070044293808,36.10476692059536,0.4521580636501312,1077,371
0.4751149365525602,0.36398200449340123,0.4195484705229807,38.926498191644185,36.50979400274626,37.71814609719522,0.4520944058895111,1077,371
0.5000415878195672,0.36463229796723456,0.43233694289340086,38.600707913846904,35.92079240302803,37.26075015843747,0.45219533145427704,1077,371
0.4897305614476157,0.3810639329987409,0.4353972472231783,38.82744077288283,37.99828681480782,38.412863793845325,0.4518209546804428,1077,371
0.4799203195758277,0.35629233519620374,0.4181063273860157,37.15060446546009,35.44187492493622,36.29623969519815,0.4524734914302826,1077,371
0.47777080483304496,0.3816686853057232,0.42971974506938404,37.151751910728635,36.70929146039317,36.930521685560905,0.452252596616745,1077,371
0.49532739958570887,0.37546642778982203,0.43539691368776545,38.23322124123556,36.10303255417789,37.16812689770673,0.4522526413202286,1077,371
0.47905942582619687,0.37678042009556884,0.4279199229608829,38.7647469942489,38.722005624906274,38.743376309577584,0.4519617110490799,1077,371
0.48859596047113746,0.37848255915768886,0.43353925981441316,38.86141272943077,34.556806422118015,36.70910957577439,0.4527777433395386,1077,371
0.47937987128125464,0.37581893535734323,0.4275994033192989,38.47134077508741,38.34138080425664,38.40636078967202,0.4520709216594696,1077,371
0.48193657691139447,0.3822651539281286,0.43210086541976156,38.77689000585294,34.52286100960961,36.64987550773128,0.4529220014810562,1077,371
0.48013513521666823,0.3600674639502926,0.4201012995834804,38.507021611055166,36.95203787211426,37.72952974158471,0.452480286359787,1077,371
0.48526104860362124,0.381730776354331,0.4334959124789761,40.17633764364598,35.10871168290865,37.642524663277314,0.45254962146282196,1077,371
-0.30856058589284896,-0.7869388836330086,-0.5477497347629288,6.54410468938122,9.26233589511345,7.903220292247335,0.4599611163139343,1420,371
0.32571826736444864,0.15775665475642164,0.24173746106043514,12.447386967359467,19.85604453451951,16.151715750939488,0.45815786719322205,1420,371
0.401577590610169,0.361056438560193,0.38131701458518097,25.8943526729685,28.65747149936795,27.275912086168226,0.45649848878383636,1420,371
0.43675430774866053,0.4226192332916621,0.42968677052016135,31.30163239798031,31.75877814530075,31.53020527164053,0.4549836218357086,1420,371
0.4539000374695554,0.39169074430390344,0.4227953908867294,31.552844774093124,34.31095466617527,32.9318997201342,0.45314857363700867,1420,371
0.4706926176080653,0.3992366524889402,0.43496463504850275,33.29212095576932,33.759273561857356,33.52569725881334,0.45365646481513977,1420,371
0.4725082389072482,0.410906056791625,0.4417071478494366,32.39588788557078,34.46020536456946,33.428046625070124,0.4535840153694153,1420,371
0.4896255658618716,0.4116779094770344,0.450651737669453,33.25601171664016,34.413656550023,33.83483413333158,0.45349234342575073,1420,371
0.4772652805118355,0.4123068475515128,0.44478606403167414,32.9895582356616,34.42657953444363,33.70806888505261,0.45341895520687103,1420,371
0.48050983963390675,0.38902362208600266,0.4347667308599547,33.55774996442123,34.70057505209494,34.129162508258084,0.45300209522247314,1420,371
0.49388651173210674,0.4148505375315708,0.45436852463183874,33.21452915840703,35.700482237512624,34.45750569795983,0.4531521052122116,1420,371
0.49202945035247075,0.42645520438853973,0.45924232737050524,33.665137832031334,36.06271391257923,34.86392587230528,0.45322385430336,1420,371
0.4867933479282894,0.4003858052870532,0.4435895766076713,33.5983998982188,34.64223889141238,34.120319394815596,0.45312735438346863,1420,371
0.49862292215082765,0.4019632577289867,0.4502930899399072,36.06537073442538,34.74410751788539,35.404739126155384,0.453072264790535,1420,371
0.4836125312510912,0.3882813814187639,0.4359469563349275,34.59920040642997,34.11601886397782,34.3576096352039,0.4537251740694046,1420,371
0.5071450940334532,0.42081373579217146,0.46397941491281236,38.78545074397291,35.4461473166715,37.11579903032221,0.45298679172992706,1420,371
0.4755292171466148,0.3953489164336914,0.4354390667901531,34.79794155563604,33.15581716162219,33.97687935862911,0.45359911024570465,1420,371
0.49208769474272723,0.40271863070966396,0.4474031627261956,37.438665642739934,35.74655087513228,36.59260825893611,0.4533936381340027,1420,371
0.4772305168445605,0.40401252437403656,0.44062152060929854,33.27246245233659,34.59830833847771,33.93538539540715,0.4537951350212097,1420,371
0.505855526489585,0.3931043449680142,0.44947993572879963,37.31589880824486,33.505858361721856,35.41087858498336,0.4536546319723129,1420,371
0.47984050862837674,0.3859004526317992,0.43287048063008793,34.13192318421792,34.757968404406874,34.444945794312396,0.45424020290374756,1420,371
0.4919797007491395,0.43819811803231606,0.4650889093907278,39.4134166312093,35.63741923007372,37.52541793064151,0.4533593952655792,1420,371
0.47238587375032637,0.4008290300711452,0.4366074519107358,35.301833323384905,32.860141146807386,34.080987235096146,0.45414668321609497,1420,371
0.47198315140529273,0.41101820749813395,0.44150067945171334,34.97223046980945,35.220581993432226,35.09640623162084,0.45462046563625336,1420,371
0.47787867358352387,0.4117725961814188,0.44482563488247134,35.260852679181845,34.892793866509415,35.07682327284563,0.45479992032051086,1420,371
0.5031950589512555,0.4144806331477972,0.4588378460495264,37.36946581588111,35.98573161134154,36.677598713611324,0.45439840853214264,1420,371
0.48129927647639364,0.40875124643249733,0.4450252614544455,35.081072931429716,35.80231204513588,35.4416924882828,0.45489978790283203,1420,371
0.490137424989821,0.4310866748553907,0.46061204992260585,39.821934481043655,36.47140513999443,38.14666981051904,0.4539015293121338,1420,371
0.4706487858061469,0.40566716242232476,0.43815797411423585,37.30642368286373,33.87330957517086,35.589866629017294,0.45468510687351227,1420,371
0.45927613926795785,0.43653944977179737,0.4479077945198776,31.764891423133278,33.366687793869,32.565789608501134,0.45536716282367706,50,478
0.5051670859063024,0.4363527563870522,0.4707599211466773,31.314377548537976,35.54250257137155,33.42844005995477,0.45538580417633057,50,478
0.4686858917976358,0.42506747255397725,0.44687668217580656,31.67242247272689,33.210825259862936,32.44162386629491,0.45553962886333466,50,478
0.48290074447620107,0.4414734258726828,0.46218708517444196,32.78986300842563,36.90706031631932,34.84846166237247,0.45515258610248566,50,478
0.47699628659098253,0.4511384279770172,0.46406735728399984,32.59466012681396,34.50761854542473,33.55113933611935,0.4543372541666031,50,478
0.48198448239677444,0.44114011355625143,0.46156229797651294,31.14472141462532,35.19100612524129,33.167863769933305,0.45456385612487793,50,478
0.48535867734360305,0.43247404562361835,0.4589163614836107,32.28719558140766,32.52803715382933,32.407616367618495,0.45389893651008606,50,478
0.4976271380347721,0.44415085537783605,0.4708889967063041,32.168906298884764,34.26329266555669,33.21609948222073,0.4542798697948456,50,478
0.49611376469234597,0.43830706688810533,0.46721041579022565,33.07962398571669,33.69182061399796,33.38572229985732,0.45398448407649994,50,478
0.5194968500987949,0.45079207373916796,0.4851444619189814,34.0962205594503,34.90840983329159,34.502315196370944,0.4543728828430176,50,478
0.4823296081227634,0.44639424272692796,0.46436192542484567,31.260236394136825,32.54743991122196,31.90383815267939,0.45417067408561707,50,478
0.50163768994557,0.44805011423524765,0.47484390209040883,34.23999619998119,34.20712684714342,34.22356152356231,0.4543803334236145,50,478
0.4596407658850129,0.4388529352486384,0.4492468505668257,30.002923902280852,34.30918739310585,32.15605564769335,0.4547068625688553,50,478
0.4968071288460309,0.4413259853418626,0.46906655709394673,34.061622091179196,34.86812274554986,34.46487241836453,0.45433899760246277,50,478
0.4526917673475067,0.455423212671876,0.45405749000969137,31.471824777604006,32.749975690694505,32.110900234149256,0.454516276717186,50,478
0.4934816427834277,0.4448553075494608,0.4691684751664442,33.111789411062084,33.317214820482846,33.21450211577246,0.454546257853508,50,478
0.5013949224100563,0.4473611380582997,0.474378030234178,32.36978681615278,34.74415934304004,33.55697307959641,0.4548764228820801,50,478
0.5015380606291787,0.43646931501144587,0.4690036878203123,34.28491820100448,34.332329271195455,34.30862373609997,0.4542844593524933,50,478
0.515942213539536,0.43085314988300627,0.4733976817112711,34.29569587429539,33.74094044444665,34.01831815937102,0.45454688370227814,50,478
0.5176216494491027,0.43483127759004425,0.4762264635195735,33.62391831574881,33.540918089754804,33.58241820275181,0.45493194460868835,50,478
0.5017825900547945,0.46637653286558434,0.48407956146018943,32.653569343045696,34.28132223843911,33.4674457907424,0.45486724376678467,50,478
0.4980758791406526,0.4566488281041788,0.4773623536224157,32.55460117077197,35.66984738604437,34.11222427840816,0.45441964268684387,50,478
0.49653797195100835,0.4577389747891915,0.47713847337009996,33.635991305560836,35.73572487479091,34.68585809017587,0.4546467363834381,50,478
0.482768220601202,0.43601638286384753,0.45939230173252477,32.29936701166459,33.89326040591336,33.096313708788976,0.45488056540489197,50,478
0.5128309151185061,0.4383611481957973,0.4755960316571517,33.355526300867304,33.489564330227374,33.42254531554734,0.45486779510974884,50,478
0.4913131702590998,0.44372114069216034,0.4675171554756301,32.54366400755201,34.319396317917345,33.431530162734674,0.45497773587703705,50,478
0.5211736417804113,0.4532799054160704,0.48722677359824085,33.95261649738937,32.47928095765298,33.21594872752118,0.45477770268917084,50,478
0.5078064187193924,0.45295134337369986,0.48037888104654614,34.14458567319653,34.26625401268435,34.205419842940444,0.4548993706703186,50,478
0.5063016954854538,0.4477627250466627,0.47703221026605824,34.44701346495369,34.25848226148953,34.35274786322161,0.45496201515197754,50,478
0.49344920202990294,0.42977162674062064,0.4616104143852618,33.75215313263602,34.09538648367678,33.9237698081564,0.4547044038772583,50,478
0.4963536727236543,0.4347987066170952,0.46557618967037473,33.61242623093516,33.17515017132962,33.39378820113239,0.45492860674858093,50,478
0.5066812254832321,0.4486086628934259,0.47764494418832903,33.59330029327573,32.06814914420433,32.83072471874003,0.45559024810791016,50,478
0.4966938182361926,0.3986377755047138,0.44766579687045316,33.84906743323864,34.410463010566296,34.12976522190247,0.456407830119133,392,478
0.5093750761645218,0.42978821805237255,0.4695816471084472,35.68371900339911,36.80086656801726,36.24229278570819,0.4564908295869827,392,478
0.47463064241412034,0.3977934178944636,0.436212030154292,35.241544186324234,34.47168952922019,34.85661685777221,0.4558781087398529,392,478
0.4782527999924352,0.41262294792286097,0.4454378739576481,34.17517519275224,37.205565364815925,35.69037027878409,0.45611558854579926,392,478
0.4652921330953337,0.4022926261155062,0.43379237960541994,34.234489241544914,34.45211616395694,34.343302702750925,0.45488305389881134,392,478
0.45733491977028173,0.39031395379645595,0.42382443678336884,35.13860694925057,34.010678766584185,34.57464285791738,0.45571404695510864,392,478
0.5184269609362591,0.42941070015591487,0.47391883054608697,36.1881955875556,35.33741684202859,35.76280621479209,0.45607106387615204,392,478
0.48330583377385616,0.3951356159912614,0.4392207248825588,34.72244983206528,33.9368030980929,34.32962646507909,0.4561309665441513,392,478
0.47926161610332074,0.42088690977141296,0.45007426293736685,34.57368409905262,37.13913959804664,35.85641184854963,0.4554050862789154,392,478
0.4714077260011496,0.38694243043758453,0.42917507821936707,34.58429368569572,34.212361356722944,34.39832752120933,0.4561610072851181,392,478
0.5219756776559656,0.42441230418687015,0.4731939909214179,36.368872553736516,33.69618879183072,35.03253067278362,0.456225261092186,392,478
0.4773171415692578,0.3725420435221545,0.42492959254570617,32.99217763745877,32.84363986260512,32.91790875003194,0.4560820311307907,392,478
0.49651429238525935,0.4158046595105426,0.45615947594790096,35.605680575279735,37.275862672437476,36.44077162385861,0.4569104015827179,392,478
0.4635218155299594,0.4099700937975584,0.4367459546637589,34.243166365539935,35.668942497376605,34.95605443145827,0.45583371818065643,392,478
0.4870974709642216,0.4031907266802043,0.44514409882221295,34.79801838636438,33.20507440031887,34.00154639334163,0.4561454504728317,392,478
0.4892244073491118,0.3955234051784418,0.4423739062637768,35.36016802389392,34.45852104901113,34.90934453645252,0.4558454155921936,392,478
0.48949478195205703,0.38257120718125154,0.4360329945666543,32.491163337646775,34.892346433580485,33.69175488561363,0.4559604525566101,392,478
0.4896774780461388,0.3871300711266642,0.4384037745864015,35.42492888604748,35.6420221348121,35.533475510429795,0.4559852182865143,392,478
0.47645945896258884,0.42062178801241373,0.4485406234875013,35.96447469850419,36.5916236346163,36.278049166560244,0.4561195522546768,392,478
0.48706536506175996,0.3658951908164423,0.42648027793910115,34.448951393722695,34.87140397830746,34.660177686015075,0.4563058465719223,392,478
0.4869758702984414,0.4020864982137153,0.44453118425607835,34.67762476556038,36.07883714619133,35.37823095587586,0.4566737562417984,392,478
0.4697940939568692,0.3933693739551019,0.43158173395598554,34.57023792185488,35.27405370266252,34.922145812258705,0.4561644494533539,392,478
0.4804283905641137,0.4115387996759454,0.44598359512002955,36.2746103459703,34.69190755184546,35.48325894890788,0.45615458488464355,392,478
0.5086979709959484,0.4011465105793784,0.4549222407876634,37.091065022386246,32.82169792800104,34.956381475193645,0.4562636464834213,392,478
0.4803663885585621,0.3749007760444392,0.42763358230150067,33.68603346576877,33.318933818647096,33.502483642207935,0.4569615572690964,392,478
0.4877578342286917,0.40987172223828205,0.44881477823348687,35.613048650234546,34.437934855877444,35.025491753055995,0.4561557024717331,392,478
0.48769389420834464,0.38985237876535245,0.43877313648684857,35.65500627246294,34.81933950305888,35.237172887760906,0.456209197640419,392,478
0.49585668876569455,0.3861741555421628,0.44101542215392864,35.02949635391498,35.25642011448762,35.1429582342013,0.4563458263874054,392,478
0.4841749974460215,0.406282217558607,0.44522860750231424,35.15271272193055,38.28112209788238,36.716917409906465,0.4563132971525192,392,478
0.4988189883199885,0.3774217840368252,0.4381203861784069,35.31502425673661,34.19256669205429,34.75379547439545,0.45651546120643616,392,478
0.49174065977057835,0.41188611013615756,0.451813384953368,36.06705016108514,36.52217389900131,36.294612030043226,0.4566833972930908,392,478
0.4598192078190376,0.39778173606378264,0.42880047194141013,35.4129897910324,35.22682965113315,35.31990972108278,0.4560074955224991,392,478
0.48052630294538,0.394344649576727,0.4374354762610535,34.59321030412355,35.39339633251367,34.99330331831861,0.45652860403060913,392,478
0.48852268250694275,0.39707844337443976,0.44280056294069126,36.084242970810756,34.78301313388268,35.43362805234672,0.45596498250961304,392,478
0.46308014646868784,0.39407174331833034,0.4285759448935091,35.81404727070064,34.29958892833838,35.05681809951951,0.45685867965221405,735,478
0.46377518101927134,0.40140236691159464,0.432588773965433,33.296288621847935,34.44128511823418,33.868786870041056,0.4566648602485657,735,478
0.464483972172314,0.4138285952355584,0.4391562837039362,34.229886864978646,34.78920447263216,34.5095456688054,0.4573284089565277,735,478
0.4419424619736348,0.400465311016989,0.42120388649531193,33.31212937127618,33.70609123083255,33.50911030105436,0.45696914196014404,735,478
0.4409912588596537,0.3347301940112266,0.3878607264354401,28.93843400494776,24.810126531268658,26.87428026810821,0.4617050737142563,735,478
-0.15856683557681603,-0.5340280034465047,-0.3462974195116604,5.699380790152944,10.640156965893025,8.169768878022985,0.469571977853775,735,478
-0.23739140830558106,-1.0631918552824196,-0.6502916317940003,6.0093599245195914,8.95640650119744,7.482883212858516,0.46755896508693695,735,478
0.4276451830971446,-0.7571019362539895,-0.16472837657842243,22.224859242556995,8.650755584722178,15.437807413639586,0.46621768176555634,735,478
0.3953588656696388,0.07734411767135342,0.2363514916704961,25.712808351839456,12.945078954414052,19.328943653126753,0.4634238928556442,735,478
0.4232972156530457,0.36453795384658244,0.3939175847498141,28.35929080668493,26.836603189482105,27.597946998083515,0.4610617160797119,735,478
0.4305907152047717,0.37612378172551053,0.4033572484651411,32.114396048253724,29.98718321868727,31.050789633470497,0.4596005976200104,735,478
0.44625566492354335,0.3982095946931617,0.4222326298083525,32.42187854907081,32.41617345138739,32.419026000229096,0.45846013724803925,735,478
0.44258540682408354,0.3749108629159929,0.40874813487003825,34.48026107829883,31.559549399374955,33.01990523883689,0.45898881554603577,735,478
0.45783988112254964,0.42085015755088034,0.439345019336715,33.17846077038583,32.45272208393883,32.81559142716233,0.45885632932186127,735,478
0.48045598011890434,0.3979270697933835,0.4391915249561439,35.69566277577315,33.60604209587915,34.65085243582615,0.4587039202451706,735,478
0.45800286106321375,0.41507003468952935,0.4365364478763716,33.29975656926759,33.78633152947839,33.543044049372995,0.45798732340335846,735,478
0.48469608711909035,0.37122968681549234,0.42796288696729134,34.66562063228695,32.53126411116922,33.59844237172808,0.4586995989084244,735,478
0.44212930247991855,0.4110561057829396,0.4265927041314291,33.370996372246175,34.20692596126634,33.78896116675626,0.458106204867363,735,478
0.4793454788829448,0.3820717769844149,0.43070862793367987,35.522932661213865,33.449315234233154,34.48612394772351,0.4586179107427597,735,478
0.46439389009639204,0.39222851439434697,0.4283112022453695,35.19901576168251,34.08772806474135,34.64337191321193,0.4585982412099838,735,478
0.4719272080773748,0.40189685527712077,0.4369120316772478,35.175322187502445,33.85960661592547,34.51746440171396,0.4590013027191162,735,478
0.46907497368876283,0.41154631334351915,0.440310643516141,34.178186451195366,33.59955872851333,33.888872589854344,0.4590739756822586,735,478
0.4713974413999331,0.36988416921678363,0.42064080530835835,36.697256609761084,33.980017414260885,35.338637012010985,0.4590384513139725,735,478
0.4667597903182781,0.40784362095129284,0.43730170563478543,36.06109701001252,35.16319545141421,35.612146230713364,0.4596497118473053,735,478
0.46147199674141753,0.4061388902897211,0.4338054435155693,33.50396852768794,33.96346043526294,33.73371448147544,0.459506094455719,735,478
0.4715234371480888,0.39007975995253036,0.4308015985503096,35.252611346021254,34.07268426956101,34.66264780779113,0.4593985825777054,735,478
0.465496338445684,0.39977668311055453,0.43263651077811927,35.70918924699038,34.350675264886945,35.02993225593866,0.4588303714990616,735,478
0.46774380914535446,0.38750920820603885,0.4276265086756966,35.68934054813853,33.42998188801672,34.55966121807762,0.460174024105072,735,478
0.4676760039477145,0.4034805955126247,0.4355782997301696,36.70475650349273,34.35921429033398,35.531985396913356,0.4601365625858307,735,478
0.46596732758265785,0.4094307207665541,0.437699024174606,36.1094394810722,34.526598279208216,35.31801888014021,0.4603341072797775,735,478
0.47145008747950373,0.4129148240681425,0.4421824557738231,36.58112548991026,35.23871290331,35.90991919661013,0.4598561227321625,735,478
0.4621589276565511,0.40941288738174497,0.43578590751914803,37.224546374656526,35.719924637904334,36.47223550628043,0.4605817049741745,1077,478
0.4790288399035916,0.4633649294429381,0.4711968846732648,35.71842278263918,36.599538151750686,36.15898046719494,0.4610458165407181,1077,478
0.47927894215851313,0.4536668258123643,0.46647288398543874,35.754717524760885,36.811585339476835,36.283151432118856,0.4613405615091324,1077,478
0.4690379468101046,0.4278712276957202,0.44845458725291243,36.26233909659938,35.95795935575822,36.110149226178805,0.4609477370977402,1077,478
0.48195984223130356,0.4443667392449399,0.46316329073812174,36.13323396723837,36.581212442221,36.357223204729685,0.4611118882894516,1077,478
0.474287425024733,0.42763982182093135,0.45096362342283214,36.51823450138567,35.88273309616552,36.20048379877559,0.46119627356529236,1077,478
0.4805733974247949,0.42907587407552555,0.4548246357501602,35.522785083112,35.625814268186126,35.57429967564906,0.4615148603916168,1077,478
0.48390744787935747,0.4053572520842019,0.4446323499817797,37.891563892232924,35.695695711274,36.79362980175346,0.46096259355545044,1077,478
0.49340935889535503,0.44754501767587146,0.47047718828561325,36.29171969243082,36.17723246201778,36.2344760772243,0.4612063020467758,1077,478
0.48303023051869814,0.4050059930203526,0.4440181117695254,37.75074534141803,35.54943250134526,36.650088921381645,0.46048402786254883,1077,478
0.49806845286183293,0.45239103088149807,0.4752297418716655,35.740078975127574,35.61097929316133,35.675529134144455,0.4614330530166626,1077,478
0.49440299415409666,0.41718104645502296,0.4557920203045598,38.47566469177697,36.2414790744563,37.35857188311664,0.46125806868076324,1077,478
0.48686651129475506,0.4300313052627315,0.4584489082787433,35.17508715197548,35.91999817346411,35.54754266271979,0.46139387786388397,1077,478
0.48954115408756405,0.3953218640107399,0.44243150904915196,37.02307592246836,34.150577420763746,35.58682667161605,0.46137621998786926,1077,478
0.47739106697810024,0.43101740370699176,0.454204235342546,35.249403204198636,36.09373247877922,35.67156784148893,0.4609295576810837,1077,478
0.49197918233285354,0.40114746992124356,0.4465633261270485,36.76528619747206,34.58536936707161,35.675327782271836,0.4611433297395706,1077,478
0.4763621498261661,0.46773916663866144,0.47205065823241377,36.64512958700443,36.32621449392372,36.48567204046408,0.4610042870044708,1077,478
0.477412263616275,0.397305699590151,0.43735898160321296,35.36312412064254,35.224075458892855,35.2935997897677,0.46039195358753204,1077,478
0.4779629531112858,0.44968166400816667,0.4638223085597262,36.26246067050003,35.92051983065232,36.09149025057617,0.46060745418071747,1077,478
0.4805300906192805,0.4222846711328882,0.45140738087608434,36.31134170867518,36.051112368323125,36.18122703849915,0.46027977764606476,1077,478
0.4617698377975627,0.44200562823188516,0.45188773301472396,32.63177900011487,35.208460351964824,33.920119676039846,0.4627511352300644,1420,478
0.46312384986573035,0.4703187894968659,0.46672131968129815,32.36825772844721,36.64427510600843,34.50626641722782,0.4631985276937485,1420,478
0.48370523291138595,0.4351458816252222,0.4594255572683041,33.29307907765714,34.1145451145623,33.703812096109715,0.462997168302536,1420,478
0.4670127274841091,0.46591039100495907,0.4664615592445341,34.02186604733174,35.514418659660535,34.76814235349614,0.46285271644592285,1420,478
0.4673295550848033,0.4439331997696357,0.4556313774272195,32.704741201142596,35.66170958499351,34.18322539306806,0.46218058466911316,1420,478
0.4805718242797297,0.45256313055843733,0.46656747741908355,33.672370028470525,34.87613329815072,34.27425166331062,0.4624333381652832,1420,478
0.49271456923641455,0.4817123316715528,0.4872134504539837,35.497918582895345,36.04890175699701,35.773410169946175,0.46209660172462463,1420,478
0.47487104315473705,0.45406129415621377,0.4644661686554754,34.42749790898105,36.079324026566,35.253410967773526,0.4617263972759247,1420,478
0.49426778076328026,0.4647663400757148,0.47951706041949754,35.24831466683381,36.18848256540719,35.718398616120496,0.4616319239139557,1420,478
0.46306384567328135,0.4326336912246733,0.44784876844897736,36.37991913878379,34.71624129520075,35.548080216992275,0.4621769189834595,1420,478
0.48519213665780414,0.46997095305131503,0.4775815448545596,35.4379728957627,36.37937138022909,35.90867213799589,0.4617578834295273,1420,478
0.44804817277946835,0.44685406942627565,0.447451121102872,34.60043984693314,35.96133359699128,35.28088672196221,0.46181778609752655,1420,478
0.4979887850543986,0.45311749533763385,0.47555314019601624,36.82064339924941,35.79348158502385,36.30706249213663,0.46155768632888794,1420,478
0.3988830922654416,0.3974036461524034,0.3981433692089225,27.31748991904114,25.38539729726769,26.351443608154415,0.4658704102039337,50,585
0.39915297729283505,0.44919530369445665,0.4241741404936459,29.404693958469743,29.340401219872117,29.372547589170928,0.46544548869132996,50,585
0.47281072190666634,0.4436208855414732,0.4582158037240698,28.921454174231542,31.311369089717328,30.116411631974437,0.46418552100658417,50,585
0.4488042213836187,0.500497671748482,0.47465094656605034,28.952811367951167,30.803306860856203,29.878059114403683,0.46517007052898407,50,585
0.4641234446773562,0.4726254296235881,0.46837443715047217,31.415385536330206,33.19370033986723,32.30454293809872,0.4640292078256607,50,585
0.4550746816625174,0.4648679697037927,0.459971325683155,30.087183105080502,33.74803390513629,31.917608505108397,0.463749960064888,50,585
0.4759309643654062,0.4797782641482382,0.4778546142568222,32.36437360416403,34.75522166209757,33.5597976331308,0.4641806036233902,50,585
0.49616274522874215,0.43993459602130486,0.46804867062502353,32.51567949249158,32.93827759441702,32.7269785434543,0.4635564684867859,50,585
0.4590509328265986,0.49206007161440674,0.4755555022205027,30.891973529217523,33.81800325072892,32.35498838997322,0.46377038955688477,50,585
0.449135942444189,0.45225433558340666,0.4506951390137978,32.23868309561284,33.34540098898761,32.792042042300224,0.4628540426492691,50,585
0.4640527994820676,0.48443162684316476,0.47424221316261617,31.45033948364423,33.793560734315555,32.62195010897989,0.463727131485939,50,585
0.4767339283573026,0.44208106274650966,0.45940749555190613,33.4661850501467,34.346171762992334,33.906178406569516,0.4631902724504471,50,585
0.44526705252215576,0.45476845930017434,0.45001775591116505,31.134745238128808,33.64806247856844,32.391403858348625,0.4631364196538925,50,585
0.47438193467656425,0.43567188587639627,0.45502691027648023,33.04779232021693,33.92353293993884,33.48566263007788,0.46291686594486237,50,585
0.43999804068771275,0.46121927582222927,0.450608658254971,30.863121765111575,34.61335629487648,32.73823902999403,0.4629312604665756,50,585
0.4335056789254133,0.4413870204983599,0.4374463497118866,31.409017142807713,35.758920376342104,33.58396875957491,0.4628578722476959,50,585
0.45833992502666965,0.45413209287183826,0.456236008949254,31.802598295510027,32.90510090167858,32.3538495985943,0.46240992844104767,50,585
0.44361401114513827,0.4384853156448872,0.4410496633950127,31.84230544911561,33.93533161815326,32.888818533634435,0.4622674882411957,50,585
0.49279968173728217,0.41776709970231635,0.4552833907197993,32.98328924734603,34.84876085930365,33.916025053324844,0.4646651893854141,392,585
0.4242456043718475,0.40205916100054573,0.4131523826861966,33.186321810948456,34.37837817539167,33.78234999317006,0.4651479125022888,392,585
0.4865922621299245,0.41615777285056876,0.45137501749024667,32.650510456179155,34.55334810983874,33.60192928300894,0.4652537703514099,392,585
0.44301896219361,0.4151219226829133,0.42907044243826165,32.5425089831696,35.93285378410532,34.23768138363746,0.46604911983013153,392,585
0.46911797074149447,0.42688707931465136,0.4480025250280729,31.85560082299521,34.943285796730876,33.399443309863045,0.46605946123600006,392,585
0.4442167843758513,0.4354839177290616,0.43985035105245646,32.906019412065405,35.36411620923869,34.135067810652046,0.46578098833560944,392,585
0.47114391776745107,0.4316774550827623,0.4514106864251067,32.77423342825291,35.13470956700294,33.95447149762793,0.4660576283931732,392,585
0.47246895437017233,0.4084910550665479,0.44048000471836013,32.139914423236014,34.45970113370634,33.29980777847118,0.466365709900856,392,585
0.43895971756583096,0.4272766640607629,0.43311819081329694,32.52514149605329,35.21959771302335,33.87236960453832,0.4666741192340851,392,585
0.4603720987652483,0.41639287636435446,0.43838248756480136,31.22056785109717,34.93439898951219,33.07748342030468,0.46654385328292847,392,585
0.43896520702964786,0.4166462050303718,0.42780570603000984,32.92896774734404,35.99908133971306,34.46402454352855,0.4669398367404938,392,585
0.46947359560796253,0.40929226012668624,0.43938292786732436,31.5952855132357,35.895673502838115,33.74547950803691,0.46676012873649597,392,585
0.44391732027927205,0.4124331011539381,0.4281752107166051,33.05365237777892,35.78994487836865,34.42179862807379,0.467305451631546,392,585
0.4785535260138722,0.4196516863971632,0.4491026062055177,32.118542314826875,34.75070479721929,33.434623556023084,0.4672949016094208,392,585
0.4260582762916864,0.42699135495443125,0.42652481562305883,32.54932921639428,35.991651981425676,34.27049059890997,0.4675374925136566,392,585
0.4921579183606097,0.4241723203290844,0.45816511934484705,32.026678995094656,35.883696889676635,33.95518794238565,0.4672633111476898,392,585
0.4455251048762357,0.42269302155626043,0.4341090632162481,33.102771040585296,35.60768349600459,34.35522726829494,0.4671863168478012,392,585
-0.10141240061944239,-0.683816739497652,-0.39261457005854716,6.121988558272323,10.682806753334088,8.402397655803206,0.47747495770454407,735,585
-0.893367286692579,-0.9024582400538804,-0.8979127633732298,6.434150696164079,10.436828922732422,8.435489809448251,0.478542685508728,735,585
0.14642485627450455,-0.8738595992780744,-0.36371737150178496,6.172429822733396,8.20313238927109,7.187781106002243,0.477736234664917,735,585
0.3521961278219139,-0.5506946275264017,-0.09924924985224393,14.650139961827179,9.427752252785288,12.038946107306234,0.47642406821250916,735,585
0.4127967237555517,0.2065913653352446,0.3096940445453982,20.94907635467603,15.49550685117757,18.222291602926802,0.4730609804391861,735,585
0.44521573511560875,0.30135971694085373,0.37328772602823124,27.719035947093793,21.60437015431451,24.66170305070415,0.4714265763759613,735,585
0.4475803781571351,0.40501959970915435,0.4262999889331447,33.10544751682828,31.59815141088607,32.351799463857176,0.469437375664711,735,585
0.44826300763156396,0.36358270238812995,0.40592285500984693,33.12496932562788,31.778961000050842,32.45196516283936,0.46847471594810486,735,585
0.46314474149386153,0.3961590486215124,0.42965189505768697,33.270309570556364,32.02839867675603,32.649354123656195,0.4683089703321457,735,585
0.46809416103801377,0.36772713922246136,0.41791065013023754,34.291538875839606,31.67716918194056,32.98435402889008,0.4686509221792221,735,585
0.45727552465688714,0.38411038979072765,0.4206929572238074,34.67868356698593,32.05466607104198,33.36667481901395,0.46826232969760895,735,585
0.4731574185664333,0.3754414627578768,0.4242994406621551,33.27698762629999,32.29303060383728,32.78500911506863,0.46887747943401337,735,585
0.4827687183120293,0.39418393734316876,0.43847632782759904,32.73129290668586,33.665748562781964,33.19852073473391,0.4688674956560135,735,585
0.4646368910402719,0.39114082036795056,0.4278888557041112,33.12709624545968,32.266260806228196,32.696678525843936,0.4689827263355255,735,585
0.4680639536336331,0.40468139134099274,0.43637267248731293,32.67446917770372,33.29480326014292,32.98463621892332,0.4692188650369644,735,585
0.4797049796256904,0.4201448525672822,0.4499249160964863,33.53025044208269,34.104097378346964,33.81717391021483,0.46915146708488464,735,585
0.46879323137764173,0.38255287530270116,0.42567305334017147,35.165297766818874,32.75384841382992,33.9595730903244,0.4689476191997528,735,585
0.481695648623348,0.410012855425251,0.4458542520242995,33.91955390602097,32.49832636233735,33.20894013417916,0.46857646107673645,735,585
0.45942648129919805,0.4094038015763761,0.4344151414377871,35.684681416357535,33.42310630446647,34.553893860412,0.46926461160182953,735,585
0.4427111850687678,0.41668113219169034,0.42969615863022903,33.85728635799424,32.67205964718823,33.26467300259124,0.4682251662015915,735,585
0.4574098398894262,0.4071455601730954,0.43227770003126076,34.24826934078935,34.15245922958363,34.20036428518649,0.4689803123474121,735,585
0.45930015304575517,0.408614677866492,0.4339574154561236,33.58580070026171,34.09221201878388,33.8390063595228,0.468527615070343,735,585
0.4803254639564816,0.4168114053524221,0.44856843465445184,34.19208008554827,32.52030237481716,33.356191230182716,0.4688543975353241,735,585
0.4700992360523941,0.4203196741779301,0.4452094551151621,33.75542423015214,33.650364893537215,33.70289456184467,0.46888716518878937,735,585
0.4612481012721676,0.4162309831417346,0.4387395422069511,33.96732077578778,33.21637014452909,33.59184546015844,0.4681715816259384,735,585
0.46152922023605975,0.4120885199562127,0.4368088700961362,34.27572871147569,32.924411272274135,33.60006999187492,0.468016654253006,735,585
0.45614870565510374,0.4239337328861634,0.44004121927063355,33.176788155644566,33.47540481022813,33.32609648293635,0.4677681028842926,735,585
0.47362777277598495,0.41779814707064256,0.4457129599233137,33.50204281304879,33.88542507470822,33.693733943878506,0.4674456715583801,735,585
0.4451171022021271,0.4427468914125361,0.4439319968073316,33.91312382425552,33.820751609760876,33.8669377170082,0.4691852480173111,1077,585
0.48253639636653545,0.411199919834359,0.4468681581004472,35.21211881518322,34.72652513949235,34.969321977337785,0.46878743171691895,1077,585
0.4669652920133135,0.4206672625419426,0.44381627727762807,34.3793999767326,33.8124655466894,34.095932761711,0.46927112340927124,1077,585
0.46409052464642375,0.4435798357219512,0.45383518018418745,35.3693323366369,33.31810579014609,34.3437190633915,0.46977926790714264,1077,585
0.45425580730963216,0.43180333624891803,0.4430295717792751,35.849466146582486,33.51530305002376,34.68238459830312,0.46996939182281494,1077,585
0.45702487744386033,0.4337617050322388,0.4453932912380496,35.483658448702535,32.89405761404769,34.18885803137511,0.47020478546619415,1077,585
0.46987758806546737,0.43590275448781196,0.45289017127663966,35.64091145502184,33.36019300729571,34.50055223115878,0.47017906606197357,1077,585
0.46769342619332094,0.4246978818860336,0.44619565403967726,35.695938020942904,35.10938798468464,35.40266300281377,0.4700019061565399,1077,585
0.46343932261278903,0.4521940174177812,0.45781667001528514,34.88161666791322,34.28129125543339,34.581453961673304,0.4708101600408554,1077,585
0.4821374485649648,0.4089916246242593,0.44556453659461204,35.44353190600108,33.53249645394905,34.48801417997507,0.4701254218816757,1077,585
0.4612605539254798,0.43317731407306687,0.44721893399927337,34.69929733276426,34.26155337565287,34.48042535420856,0.4705461114645004,1077,585
0.4757724014300347,0.4500212407531377,0.4628968210915862,35.963236854146814,33.19016196072604,34.57669940743642,0.4705050438642502,1077,585
0.5034181734000984,0.44816307431534746,0.47579062385772297,35.98640111170069,35.49174498277391,35.7390730472373,0.4709078371524811,1077,585
0.47678714553964613,0.4528163884549377,0.4648017669972919,34.35489328402917,33.393146617081285,33.87401995055522,0.47077739238739014,1077,585
0.4921388398166905,0.4256526355181087,0.4588957376673996,35.84284240067695,34.99774308273728,35.420292741707115,0.47084997594356537,1077,585
0.46075855794387777,0.43060274490594047,0.4456806514249091,35.17551514656725,33.78051914500883,34.478017145788044,0.4707525670528412,1077,585
0.4712818974181039,0.4217317312202854,0.44650681431919464,35.1008958791251,33.667515644004375,34.384205761564736,0.4704226553440094,1077,585
0.47314323752778514,0.4338291060965644,0.45348617181217477,36.04246564190248,33.36414476939424,34.70330520564836,0.4704151600599289,1077,585
0.4535380349096341,0.4228939113014692,0.43821597310555166,34.899952083892984,34.38175924637823,34.640855665135604,0.4708181172609329,1077,585
0.48104478652589977,0.41897365267207587,0.4500092195989878,35.65545001999477,33.26365994605608,34.45955498302543,0.4703691601753235,1077,585
0.473399334551905,0.44466755423401133,0.4590334443929582,36.15935589327142,33.77072150604353,34.96503869965747,0.4708216190338135,1077,585
0.46540304037442903,0.4185062800882179,0.44195466023132346,35.004777466817686,33.38679080763001,34.195784137223846,0.47028572857379913,1077,585
0.4582055190704725,0.4442224444614262,0.4512139817659494,35.69238457974657,34.05366284512959,34.87302371243808,0.4711291342973709,1077,585
0.46887705564154225,0.42553215375251596,0.4472046046970291,34.86328430565627,32.94401364054414,33.9036489731002,0.47081227600574493,1077,585
0.4776188088249941,0.44195218720807156,0.4597854980165328,35.915723004297995,33.57787410239771,34.74679855334785,0.4712158590555191,1077,585
0.45295567973269946,0.4280121079491811,0.4404838938409403,35.61654146362154,33.811722342824474,34.714131903223006,0.4710931330919266,1077,585
0.49313106665799444,0.4400867804258617,0.46660892354192807,35.219847055019756,34.046830110140576,34.633338582580166,0.4713936746120453,1077,585
0.45473316765312727,0.41583418577788256,0.43528367671550494,35.93810629861934,33.71263427397451,34.82537028629692,0.47108094394207,1077,585
0.43425185349303086,0.46281627572408207,0.4485340646085565,32.19793343289782,35.23512845946333,33.716530946180576,0.4733119308948517,1420,585
0.4667211061595176,0.43717329040595254,0.4519471982827351,34.04498593032014,36.380265144100335,35.212625537210236,0.47324277460575104,1420,585
0.43554692369858633,0.46997143879594994,0.4527591812472681,32.8544135201721,35.54448829289043,34.19945090653127,0.473537415266037,1420,585
0.45755788231771616,0.4553218105313454,0.4564398464245308,32.61885143995277,36.55846011165287,34.58865577580282,0.4726732075214386,1420,585
0.4534900083222736,0.45515200126498984,0.4543210047936317,34.9348771955947,35.41723718319766,35.17605718939618,0.47228342294692993,1420,585
0.44076417756385183,0.43629202720107124,0.43852810238246154,32.134940036172296,35.68621660973087,33.91057832295158,0.4716903418302536,1420,585
0.45427494483370606,0.44768057837358144,0.4509777616036438,33.919492989135925,35.307550185483116,34.61352158730952,0.47207246720790863,1420,585
0.4442045429141432,0.4443829955949471,0.4442937692545451,33.11328877600652,36.03223359345617,34.57276118473135,0.47142067551612854,1420,585
0.45584906535485054,0.4452275362657138,0.4505383008102822,33.2178013646427,36.0069711670841,34.61238626586341,0.471394419670105,1420,585
0.44520314348190515,0.44429796362574303,0.4447505535538241,32.85950339637899,36.399825906205656,34.62966465129232,0.4710780680179596,1420,585
0.4560890992695562,0.47689289051197953,0.46649099489076784,33.412525227449656,35.821438221716804,34.616981724583226,0.47170937061309814,1420,585
0.4475925915590765,0.45143181175879354,0.449512201658935,32.375158211871145,35.72828527761618,34.05172174474366,0.47098352015018463,1420,585
0.45078644463174294,0.4680366109243309,0.45941152777803695,33.60471031948908,36.486536123984266,35.045623221736676,0.47162750363349915,1420,585
0.4642737898611428,0.4414634654251998,0.4528686276431713,32.4266006497769,35.31082890419122,33.86871477698406,0.47087372839450836,1420,585
0.4455112162289918,0.4529333212154469,0.4492222687222194,32.26516870727637,35.36581508694997,33.815491897113176,0.4713168740272522,1420,585
0.4330175666496014,0.4491755278336809,0.44109654724164116,31.7828502411477,36.20197750958545,33.99241387536657,0.47093868255615234,1420,585
0.45373766607158156,0.4426019086085458,0.4481697873400637,31.67671209258629,35.858277085293786,33.76749458894004,0.47058553993701935,1420,585
0.44500095566111175,0.46506885385681773,0.45503490475896474,31.821394207369543,35.77606297944957,33.79872859340956,0.470906525850296,1420,585
0.4383444028632059,0.4482258212633288,0.4432851120632674,31.717497526004014,35.184820974737214,33.451159250370615,0.4705711454153061,1420,585
0.4644715090384785,0.44315993349812666,0.4538157212683026,31.997915614429093,35.380906038654516,33.6894108265418,0.47021184861660004,1420,585
0.4439036874270408,0.46596956632876707,0.4549366268779039,31.041776686529094,36.44020082677845,33.74098875665377,0.4704875499010086,1420,585
0.4368125074089696,0.4684791655257981,0.4526458364673839,33.05705848567019,36.59229403679107,34.82467626123063,0.4705251604318619,1420,585
0.46750540651203587,0.45374410302473184,0.4606247547683838,32.88300882769898,35.554157806753906,34.21858331722645,0.46995067596435547,1420,585
0.4417045096545389,0.46106140881420793,0.45138295923437344,31.371214131147205,36.57764250583322,33.97442831849021,0.47027887403964996,1420,585
0.42914775742166095,0.46925114957946257,0.4491994535005618,32.588981703620796,35.553297883812974,34.07113979371688,0.4707757234573364,1420,585
0.37172860543659614,-0.5484749994270499,-0.08837319699522689,13.99152491102328,11.423826392595073,12.707675651809176,0.47743213176727295,50,692
0.37499605943054926,0.3880314349101796,0.38151374717036446,25.082565665751215,23.264232165747405,24.17339891574931,0.47507965564727783,50,692
0.43031681032995295,0.4379561879147377,0.4341364991223453,27.977756671878854,27.24096156250259,27.60935911719072,0.4743274301290512,50,692
0.47180590103618486,0.4644173709227389,0.46811163597946187,28.184195209793355,28.863301290883925,28.52374825033864,0.4743846505880356,50,692
0.42385835428859553,0.3993668570752883,0.4116126056819419,25.440622841219792,23.82015386542221,24.630388353321003,0.47514308989048004,50,692
-0.2900313187919005,-0.7651886426667704,-0.5276099807293355,6.487988385151344,10.483400580028144,8.485694482589745,0.4807802140712738,50,692
-0.5611398261947894,-0.5221585441821976,-0.5416491851884935,7.872315054611571,10.334711238300713,9.103513146456141,0.4824097007513046,50,692
-0.4516345159027713,-0.7160495999347647,-0.583842057918768,7.505810388751634,10.019019885805163,8.7624151372784,0.47807563841342926,50,692
0.36905221458314136,-0.4219405575773944,-0.026444171497126523,16.284679392658553,10.249872057306908,13.267275724982731,0.47790785133838654,50,692
0.35497884817536834,0.34280195159651494,0.3488903998859416,21.714493555882388,19.333390221999387,20.52394188894089,0.47580377757549286,50,692
0.43188881280745184,0.39629100654510513,0.41408990967627846,27.09460238948555,29.439830797002966,28.267216593244257,0.47279690206050873,50,692
0.41373846453562396,0.41632482950806576,0.41503164702184486,27.53024778493222,28.17709318636359,27.853670485647903,0.4737846851348877,50,692
0.38365973070484105,0.45378592181630734,0.4187228262605742,27.188415398503423,30.837518152443355,29.012966775473387,0.4729045629501343,50,692
0.43748198508107866,0.441534388732124,0.4395081869066013,28.43947758715421,31.110520928857806,29.77499925800601,0.4737377166748047,50,692
0.4781841571674493,0.4803667820114521,0.47927546958945066,29.471756367975857,30.062696184096165,29.767226276036013,0.47339509427547455,50,692
0.4076185712467071,0.4589271655821721,0.43327286841443957,27.63396945777747,30.91910070660897,29.27653508219322,0.4733116179704666,50,692
0.4555777338905614,0.5113898956551995,0.4834838147728805,30.922459485457175,30.349506189233498,30.63598283734534,0.4737493693828583,50,692
0.43883705669287565,0.4523201320070301,0.44557859434995284,29.74066798219272,30.5482122590584,30.14444012062556,0.4736969619989395,50,692
0.47038779585109075,0.46095735907856417,0.4656725774648275,28.307481992435882,30.830265364646888,29.568873678541387,0.4733726978302002,50,692
0.4275232356852114,0.4779635627581445,0.45274339922167794,28.38680674012146,34.26306236991299,31.324934555017222,0.4731193333864212,50,692
0.43534121592796576,0.4512975540802545,0.44331938500411017,28.125520567117963,32.6591771315365,30.392348849327234,0.4737764894962311,50,692
0.41741120646264507,0.4553063295501754,0.43635876800641027,29.44138222441707,33.383441570677896,31.412411897547482,0.4730701744556427,50,692
0.39470486013871947,0.47198562026752716,0.4333452402031233,28.109313081048516,32.1546193606644,30.131966220856455,0.4734555631875992,50,692
0.41501866292913075,0.4852129317748532,0.450115797351992,30.048282968312428,31.730328208391317,30.889305588351874,0.4727562516927719,50,692
0.4604092686682582,0.4593391618743742,0.4598742152713162,31.05977456339973,31.274728628099055,31.16725159574939,0.4734581410884857,50,692
0.428199794695648,0.48003349439846954,0.4541166445470588,28.197860161775605,32.13095717645062,30.164408669113115,0.4727962911128998,50,692
0.4692572533505957,0.47118194836070576,0.47021960085565073,28.6807020377195,32.27490503647836,30.47780353709893,0.47375383973121643,50,692
0.40462802455459934,0.45376540180322106,0.42919671317891017,29.580900093632778,32.52674070079636,31.05382039721457,0.47272178530693054,50,692
0.49337175040604975,0.468795197118995,0.48108347376252236,29.203328433970682,30.823840693376464,30.013584563673575,0.4731578826904297,50,692
0.4815089970653983,0.4910108633931511,0.4862599302292747,28.748732675538943,31.391639408231036,30.070186041884988,0.4735972732305527,50,692
0.43982324901508124,0.47688671755086176,0.45835498328297153,28.404519024370682,32.761230011184686,30.582874517777682,0.4734128564596176,50,692
0.4521256397194038,0.4702193054357672,0.4611724725775855,29.132156874745352,31.388565702907368,30.26036128882636,0.47322769463062286,50,692
0.43559091699140334,0.4483515869500236,0.44197125197071346,32.493977244442476,33.53551638438507,33.01474681441377,0.47316741943359375,392,692
0.4416927999761707,0.4415774623801693,0.44163513117817,31.02058993685021,31.93106849559551,31.475829216222863,0.47354425489902496,392,692
0.4057270365022483,0.4585158377807369,0.4321214371414926,31.17646999997845,34.35743683850231,32.76695341924038,0.473563015460968,392,692
0.4424143442246406,0.44356083620423276,0.4429875902144367,31.654666349332743,34.100901113062726,32.87778373119774,0.47407621145248413,392,692
0.41296438796023094,0.44543187411061835,0.42919813103542465,32.28686485995829,33.95224074413411,33.1195528020462,0.473176971077919,392,692
0.43406867252712317,0.45637486800026816,0.4452217702636957,31.136558149032993,34.06830474563826,32.602431447335626,0.4740156978368759,392,692
0.42463705685384484,0.41847766155390614,0.4215573592038755,32.685101076941415,34.40279165516611,33.54394636605376,0.4728090763092041,392,692
0.45185514000860333,0.4242254180536287,0.438040279031116,30.585062230241572,33.047008055760394,31.81603514300098,0.4737742692232132,392,692
0.43919077831331416,0.433304318536877,0.4362475484250956,30.793138884775214,34.14276291825975,32.46795090151748,0.47363361716270447,392,692
0.4360414097039373,0.41293194810101036,0.4244866789024738,31.833198122248547,34.85235285779125,33.3427754900199,0.4732230007648468,392,692
0.4251865783089294,0.43310040227198043,0.42914349029045495,31.621895832063704,34.304052774612444,32.96297430333807,0.4731571823358536,392,692
0.4049173959661937,0.4106369600176782,0.4077771779919359,31.291350260131768,33.91349987853829,32.60242506933503,0.4727550148963928,392,692
0.468914208414429,0.4521230852236741,0.4605186468190515,30.809428056960137,32.9776332816474,31.893530669303768,0.4742335081100464,392,692
0.44986628419813246,0.416964686206321,0.4334154852022267,32.18405525289197,32.31829984165451,32.251177547273244,0.47305217385292053,392,692
0.40115479008975086,0.4482350163044902,0.42469490319712055,30.848452012166547,33.68835490930156,32.26840346073405,0.47309882938861847,392,692
0.4634810979141503,0.4520565981459955,0.4577688480300729,31.274270064032823,33.62307148948722,32.44867077676002,0.47343868017196655,392,692
0.45211336780196093,0.4321586531298296,0.44213601046589524,31.33816726018639,32.02014914780646,31.679158203996423,0.47301916778087616,392,692
0.44966214874716454,0.4360674195840165,0.4428647841655905,30.264091893026364,32.506373445497466,31.385232669261917,0.47347599267959595,392,692
0.4662354111969055,0.44566406909429895,0.4559497401456022,30.74924251275718,33.30174691985852,32.025494716307854,0.4727591574192047,392,692
0.4684313873969234,0.44237360239629187,0.45540249489660767,30.743820065026057,32.41085204021709,31.577336052621572,0.4736083745956421,392,692
0.40433632391797186,0.45736774502780553,0.43085203447288867,31.119559281497256,33.06703768997363,32.093298485735446,0.4726980924606323,392,692
0.43914248583798055,0.45495266134254025,0.44704757359026037,30.73576448081146,33.457005668205106,32.096385074508284,0.4732821583747864,392,692
0.44108651944119875,0.44008325021224654,0.44058488482672264,31.833217841729088,31.558606012383354,31.695911927056223,0.47379086911678314,392,692
0.45200813326510114,0.4488661742084946,0.4504371537367979,31.637272869320913,31.349396974455043,31.49333492188798,0.47382305562496185,392,692
0.4307780286402981,0.4428310399946433,0.4368045343174707,31.634794575830686,32.48879593213709,32.06179525398389,0.47380785644054413,392,692
0.4474267307250827,0.445053242655898,0.44623998669049036,32.10149809094468,32.7565214330907,32.429009762017685,0.474218413233757,392,692
0.42124417242496803,0.4489082459507039,0.43507620918783596,31.93633456342249,31.675057829549164,31.805696196485826,0.47379887104034424,392,692
0.45588166045600276,0.45153301857580874,0.45370733951590575,32.445714921402654,33.82572461192279,33.13571976666272,0.4743533581495285,392,692
0.4286812118931692,0.4342963034493584,0.4314887576712638,31.649726624757104,33.2714833650494,32.46060499490325,0.4741775244474411,392,692
0.44831574368203964,0.4388328457741933,0.4435742947281165,34.751018433651026,32.816559169441895,33.783788801546464,0.47480887174606323,735,692
0.454907034285557,0.45129014024680947,0.45309858726618324,33.996252457463775,33.59551778210218,33.79588511978298,0.4747351408004761,735,692
0.3994518881453011,0.4194037040839499,0.4094277961146255,28.925578829175773,27.087846233072046,28.00671253112391,0.4790903627872467,735,692
-0.2622783835425892,-0.7894227583020988,-0.525850570922344,6.153860708339888,10.71375362780134,8.433807168070615,0.48361675441265106,735,692
0.3426160569412391,0.026845952609947526,0.18473100477559332,21.265303838655502,14.052697918526508,17.659000878591005,0.4796760380268097,735,692
0.4249621616633093,0.38585961531620155,0.4054108884897554,29.053144395170904,28.86119836139663,28.957171378283768,0.4762965440750122,735,692
0.4486435049800748,0.3842764547750907,0.41645997987758276,31.60263689963092,29.529978177111825,30.566307538371372,0.47554053366184235,735,692
0.46675278246509255,0.42702443432484094,0.44688860839496675,31.705469633681158,32.19959050509323,31.952530069387194,0.47559283673763275,735,692
0.4516254990568126,0.424328046007136,0.4379767725319743,34.67016720477225,31.584081044398722,33.127124124585485,0.47636015713214874,735,692
0.4671737066745771,0.4180304300434228,0.44260206835899996,31.47834401681323,31.49890426527771,31.48862414104547,0.4756462574005127,735,692
0.4570491413109921,0.4146537192873322,0.4358514302991622,34.75395894233371,32.32236955376419,33.53816424804895,0.47550638020038605,735,692
0.4698390299191207,0.420001553421992,0.44492029167055636,31.296415536066917,33.7016017189495,32.4990086275082,0.475301593542099,735,692
0.4611870548042276,0.41546501222308385,0.43832603351365573,35.78937282322355,32.04574234510639,33.91755758416497,0.47552672028541565,735,692
0.4721069885479444,0.4048283502021559,0.43846766937505016,31.37262027754349,33.05055759354812,32.211588935545805,0.4751317799091339,735,692
0.4668902666691418,0.40446892958644376,0.4356795981277928,33.683135029376196,32.337551322994386,33.01034317618529,0.475298747420311,735,692
0.47943301244780184,0.4056617982410827,0.44254740534444226,32.97795627347237,34.05902388077167,33.518490077122024,0.47502411901950836,735,692
0.4727021182691854,0.417576286814598,0.4451392025418917,33.61476577010187,31.915320922851773,32.76504334647682,0.47546954452991486,735,692
0.4722549133896149,0.4211384452562658,0.4466966793229403,33.70602860546445,32.50043782783916,33.1032332166518,0.4752167910337448,735,692
0.4625242362263456,0.4317673011913316,0.4471457687088386,34.02210519815308,32.61795774547322,33.32003147181315,0.47546976804733276,735,692
0.457700103467466,0.4089182856355693,0.4333091945515176,34.59194431508884,31.54034426642723,33.06614429075803,0.47530846297740936,735,692
0.46157740909203654,0.40937547600874014,0.4354764425503883,33.787864697726654,32.146765916062286,32.96731530689447,0.47522956132888794,735,692
0.4637499966759178,0.41635815924683894,0.4400540779613784,34.40232828538413,32.96147706481508,33.68190267509961,0.4751860797405243,735,692
0.4631830602831151,0.4101214913718971,0.4366522758275061,34.09309622201401,32.18811770452233,33.14060696326817,0.4751870483160019,735,692
0.468778136912346,0.44171059314143324,0.4552443650268896,34.06683329808964,33.97187340310951,34.01935335059957,0.47581806778907776,1077,692
0.46103559240746467,0.4282631010763517,0.44464934674190815,34.0964245446631,34.98553258168233,34.540978563172715,0.475273460149765,1077,692
0.47742037272702725,0.4423461921812224,0.4598832824541248,34.62248110671333,33.43336375982996,34.02792243327164,0.47557103633880615,1077,692
0.5006987597968653,0.4346160740837064,0.46765741694028584,34.89888808942545,34.612695042991156,34.7557915662083,0.47619691491127014,1077,692
0.43760651260138084,0.4284154241174832,0.433010968359432,34.49862772703008,34.42269695985009,34.46066234344009,0.47545528411865234,1077,692
0.46119843782154035,0.439555642690253,0.45037704025589664,34.49753536133953,36.02016150056987,35.2588484309547,0.4756305068731308,1077,692
0.4741148286737394,0.4587659536863184,0.4664403911800289,35.27913849904262,34.0194824798677,34.64931048945516,0.47589775919914246,1077,692
0.4674231220268081,0.43804269028670745,0.45273290615675776,33.85110858983625,34.78978359487322,34.320446092354736,0.4755968153476715,1077,692
0.4667954376700918,0.43190340843584896,0.4493494230529704,34.991861614089956,34.96258874008404,34.97722517708699,0.47519049048423767,1077,692
0.4665477071017394,0.4427471684861759,0.45464743779395766,35.42333904319466,35.25962740815543,35.34148322567505,0.4757976084947586,1077,692
0.48448011878309455,0.44511204528946124,0.46479608203627787,35.018829933041346,33.71957094214048,34.36920043759091,0.4755331575870514,1077,692
0.48269418425400507,0.44781704547762624,0.4652556148658157,35.24135038895455,34.07686920089892,34.659109794926735,0.4757999926805496,1077,692
0.45934905019583544,0.4250284104106717,0.44218873030325356,35.54957604672576,34.53161864939408,35.04059734805992,0.4751863032579422,1077,692
0.45930481379531757,0.40142522465460034,0.43036501922495896,35.61242482024777,35.238403661894054,35.42541424107091,0.4751867651939392,1077,692
0.4539158065421432,0.4273058404551594,0.4406108234986513,35.203184012520346,34.16024251405191,34.68171326328613,0.47572629153728485,1077,692
0.4672483055260038,0.4506987606408922,0.458973533083448,35.38172864371313,35.65292246926442,35.51732555648877,0.47509999573230743,1077,692
0.4630627871100417,0.456510085554815,0.4597864363324283,35.46917117011028,34.89553803187803,35.18235460099416,0.4753067046403885,1077,692
0.45216495375374893,0.4404193157178803,0.44629213473581464,35.79037002392721,33.728066456096975,34.75921824001209,0.4752936214208603,1077,692
0.46486829909013444,0.4443209512161565,0.45459462515314547,35.78845111952085,35.2815733897056,35.53501225461322,0.4748607277870178,1077,692
0.4563868261976018,0.458605602034803,0.4574962141162024,35.46739635322151,35.07767178670207,35.27253406996179,0.4751121699810028,1077,692
0.43157078162605966,0.4324567186083532,0.43201375011720644,36.01784337851611,34.97077326157669,35.4943083200464,0.4747345894575119,1077,692
0.4954341578324488,0.446900333697255,0.4711672457648519,36.106562524428504,32.45577316792057,34.28116784617454,0.47507229447364807,1077,692
0.47057621531422456,0.4371932524772708,0.4538847338957477,35.383351169483845,33.92460258186953,34.65397687567669,0.475250706076622,1077,692
0.4386182082920157,0.4407846317040048,0.43970141999801027,35.229334533646956,35.211719598498654,35.220527066072805,0.4747411906719208,1077,692
0.44543288179343127,0.4032994176300092,0.42436614971172026,35.337584605001425,35.877034845977,35.607309725489216,0.474678710103035,1077,692
0.4630393631452345,0.4525073522478844,0.45777335769655947,35.091919872737336,36.205356827118585,35.648638349927964,0.47476449608802795,1077,692
0.4553702582341843,0.46582219533409996,0.46059622678414214,34.92895387667978,34.56381592481321,34.74638490074649,0.4754496067762375,1077,692
0.4872968523398325,0.4476870001515324,0.4674919262456825,35.604796057919714,33.23984349175193,34.42231977483582,0.47490741312503815,1077,692
0.4476647784777384,0.4297742115201417,0.43871949499894003,35.32058771543255,32.91047010599434,34.11552891071345,0.4748205691576004,1077,692
0.46298711355922156,0.4388634686767026,0.4509252911179621,36.56294444434017,36.223140187365914,36.39304231585304,0.47444166243076324,1077,692
0.44838239625877235,0.438918820807383,0.4436506085330777,35.43138615265474,32.85581651958213,34.14360133611844,0.47448787093162537,1077,692
0.46612865504329704,0.4465976229484797,0.4563631389958884,35.774889530892445,35.457886828391416,35.61638817964193,0.4744724631309509,1077,692
0.45053640212291757,0.4345753772697628,0.4425558896963402,32.5783301349299,34.70718360961083,33.64275687227037,0.4749217629432678,1420,692
0.4501738289413098,0.4475161638590725,0.44884499640019115,34.31873242405371,33.19369992480669,33.75621617443019,0.47497326135635376,1420,692
0.44583198928485357,0.4440845701036104,0.44495827969423196,32.706091003211505,35.3607278148974,34.03340940905446,0.4749796986579895,1420,692
0.4758767818898487,0.4654581562453193,0.470667469067584,34.761636852199956,33.64093278906148,34.20128482063072,0.4757125675678253,1420,692
0.45254758882276636,0.45937507629184204,0.4559613325573042,32.2159823137518,35.43881976063543,33.82740103719362,0.47550682723522186,1420,692
0.44022610389623673,0.4636235732310239,0.4519248385636303,33.151014981189334,35.13600776227562,34.14351137173247,0.4754175841808319,1420,692
0.4467950926368546,0.4507542192005442,0.44877465591869936,33.884596187364046,34.913912069182274,34.39925412827316,0.47556909918785095,1420,692
0.45891529550675064,0.46175361510367674,0.46033445530521366,33.02524452885531,34.73933903685791,33.88229178285661,0.47574278712272644,1420,692
0.4657557605417606,0.4638241696855929,0.46478996511367676,31.93449521838459,35.96408511120555,33.94929016479507,0.47654274106025696,1420,692
0.45728052800184765,0.46078475562341475,0.4590326418126312,32.77926855390063,34.97080619633221,33.87503737511642,0.47658589482307434,1420,692
0.44767864976808414,0.45259550064508103,0.4501370752065826,33.63668486916366,35.53657664184116,34.58663075550241,0.47622790932655334,1420,692
0.4163694423903853,0.42055815666456403,0.4184637995274747,32.538046945232104,34.46411337013077,33.501080157681436,0.4760900139808655,1420,692
0.4412166701986247,0.4486064967321849,0.4449115834654048,32.02210420402091,36.288793819835476,34.1554490119282,0.47667454183101654,1420,692
0.45215756179359634,0.4559918516675398,0.45407470673056805,31.98928774635661,35.801989252981755,33.89563849966918,0.4775288254022598,1420,692
0.4212577642757775,0.4409129723239044,0.43108536829984095,31.63075088897927,35.08569269663735,33.35822179280831,0.4768044799566269,1420,692
0.4463161577895115,0.46657508760237104,0.45644562269594124,32.07039014005913,34.37945442909152,33.22492228457533,0.47756174206733704,1420,692
0.44027766071699015,0.4461752550820612,0.44322645789952564,32.23924170303832,34.92891504862124,33.584078375829776,0.4775695353746414,1420,692
0.444306121971459,0.4566473602440917,0.45047674110777536,31.47287133639839,34.68663439426027,33.079752865329326,0.47746245563030243,1420,692
0.4263432449858718,0.4363558325787246,0.4313495387822982,31.923165374321414,34.65902501544187,33.29109519488164,0.4777339845895767,1420,692
0.4432509924295987,0.4534720284300538,0.44836151042982625,31.779866783171084,35.747753073760904,33.763809928465996,0.47743818163871765,1420,692
0.43435337294184595,0.4571744610891447,0.44576391701549534,31.755206172174073,35.893199953930576,33.82420306305232,0.4773690104484558,1420,692
0.4311526962071206,0.4553877382221879,0.44327021721465426,31.197986091246708,36.40212568088458,33.80005588606564,0.4774695485830307,1420,692
0.4335882810590806,0.45631731041355783,0.4449527957363192,31.247738275280565,36.703147864632925,33.97544306995675,0.4780474156141281,1420,692
0.4366052565925262,0.44469879810210694,0.44065202734731657,32.298396113774054,35.35227382868595,33.825334971230006,0.47783179581165314,1420,692
0.4277160790971633,0.45458156521965615,0.4411488221584097,30.948831898234946,35.43810288083618,33.19346738953556,0.4775313138961792,1420,692
0.42444406897646936,0.43329535615364334,0.42886971256505635,31.207661498901334,35.97313537024267,33.590398434572,0.4773808419704437,1420,692
0.43626984591797446,0.45864587739631263,0.4474578616571435,30.89483874268843,36.36276516105501,33.62880195187172,0.4779173880815506,1420,692
0.44479663729403185,0.4293586862422787,0.43707766176815527,32.62902989593631,35.15953485204266,33.89428237398948,0.47779764235019684,1420,692
0.4397429798234993,0.4397068367910758,0.43972490830728755,30.937162802209823,34.69478881047451,32.815975806342166,0.4776889234781265,1420,692
0.4265458588225169,0.44011384233115464,0.43332985057683576,31.595603364318762,34.76018926230314,33.17789631331095,0.47744613885879517,1420,692
0.4439234072857211,0.42797221253336976,0.4359478099095454,32.192931561834946,36.33964861258273,34.26629008720884,0.4772646427154541,1420,692
0.44407512525777415,0.4556195440698549,0.44984733466381455,31.833884523402833,35.41466063985342,33.62427258162813,0.4776630401611328,1420,692
-0.29974947594276746,-0.6586401292304901,-0.4791948025866288,6.850074036975907,10.391855653720485,8.620964845348196,0.4836164265871048,50,799
0.2646614530626323,-0.21172853038221406,0.026466461340209108,16.306354877847642,10.935553409661077,13.62095414375436,0.4819647818803787,50,799
0.38810021192388355,0.36866445972401635,0.37838233582395,26.07644806590369,27.20515410696202,26.640801086432855,0.47905516624450684,50,799
0.4903586981247358,0.4157107784889824,0.45303473830685914,30.370502041009644,27.880133295334733,29.125317668172187,0.47889454662799835,50,799
0.4422108281410326,0.4089605628587649,0.4255856954998988,30.414049736381855,31.41367708209942,30.913863409240637,0.47836834192276,50,799
0.44170542359047116,0.4131285522055025,0.4274169878979868,29.465632231538216,29.51199870598853,29.48881546876337,0.47801999747753143,50,799
0.4465877600868262,0.4560093320768461,0.45129854608183617,30.661624429220275,29.792521017703688,30.22707272346198,0.47740332782268524,50,799
0.4327791201123392,0.439335798891592,0.4360574595019656,30.44694576150972,29.569979615535743,30.008462688522734,0.478165939450264,50,799
0.4640229157539501,0.42083312198256617,0.4424280188682581,31.67134723182385,29.62822466435589,30.64978594808987,0.478541299700737,50,799
0.39665211329428335,0.49007356585344136,0.44336283957386236,29.068161073298235,31.025828997025172,30.046995035161704,0.47749949991703033,50,799
0.391458664426268,0.47491206272026687,0.4331853635732674,28.614648326273695,29.844518823883686,29.229583575078692,0.47686536610126495,50,799
0.4486542449249418,0.45979637378189464,0.4542253093534182,30.186878316980906,29.71402347802615,29.95045089750353,0.47773365676403046,50,799
0.42298236446979953,0.47750433233592304,0.4502433484028613,30.298887511849085,31.189488242001136,30.74418787692511,0.47777438163757324,50,799
0.39873591795237584,0.4731313358671282,0.435933626909752,29.712485639159812,30.981493024272535,30.346989331716173,0.4775801748037338,50,799
0.4087659182893789,0.4890871378417805,0.4489265280655797,29.789096993750363,30.87741945443613,30.333258224093246,0.4773818254470825,50,799
0.39394721506282343,0.4904994334644771,0.4422233242636503,29.326164600015705,30.152985639015185,29.739575119515443,0.4776199609041214,50,799
0.4106716447229985,0.46855705319946594,0.4396143489612322,30.366740225704458,31.711081474772126,31.03891085023829,0.47808027267456055,50,799
0.4280527389006061,0.4826921405804191,0.45537243974051256,29.014517159266905,30.937959355839467,29.976238257553184,0.4776573032140732,50,799
0.4263526027332401,0.46357364543233814,0.44496312408278915,30.151783486637783,31.699194693923122,30.92548909028045,0.478289470076561,50,799
0.44620520541159364,0.45868942502437293,0.4524473152179833,30.44741789524667,30.58771160223604,30.517564748741357,0.4783804565668106,50,799
0.38895461360440675,0.46621888978864523,0.427586751696526,29.700193955437072,31.495728245569428,30.597961100503248,0.4771871715784073,50,799
0.398254786974453,0.45755135354318505,0.427903070258819,29.885126800946722,31.75871458999219,30.82192069546946,0.4771549850702286,50,799
0.4159200268029429,0.454436040785105,0.435178033794024,30.59134249053587,32.227372680692156,31.40935758561401,0.47759051620960236,50,799
0.43231235665697915,0.47908462094655113,0.4556984888017651,30.752536612738254,31.881924350937382,31.317230481837818,0.4779902249574661,50,799
0.444277170745654,0.4622660225149678,0.4532715966303109,29.180238833724022,31.563547806701774,30.371893320212898,0.47750236093997955,50,799
0.41566070189027277,0.46437324290804644,0.4400169723991596,28.731478134293027,33.370404831317174,31.0509414828051,0.47728878259658813,50,799
0.4173836426574478,0.48425230233341204,0.45081797249542993,29.795433264672248,31.008703440901137,30.402068352786692,0.4772673100233078,50,799
0.4232989839514519,0.4906079127730495,0.4569534483622507,30.170152506488908,31.622045393605436,30.896098950047172,0.4772722125053406,50,799
0.40234769712866963,0.47871133800213217,0.44052951756540093,28.05134040149534,31.602341396006103,29.826840898750724,0.47709546983242035,50,799
0.41819048762498173,0.4789547648463679,0.44857262623567484,29.111134538467983,32.237462765166704,30.674298651817345,0.47618548572063446,50,799
0.4246290896233613,0.4939952046387394,0.4593121471310504,28.73180523024988,32.06380702506047,30.397806127655173,0.4763522297143936,50,799
0.4105066579568744,0.4014897971571752,0.4059982275570248,32.475777635231175,31.70888536417289,32.092331499702034,0.4768739640712738,392,799
0.4109744418185795,0.4551941451560416,0.4330842934873106,29.539732238865415,32.8367416237036,31.188236931284507,0.4782533794641495,392,799
0.3911866490648782,0.3953770072929076,0.3932818281788929,32.045016901277194,33.451574414576775,32.74829565792699,0.4781797528266907,392,799
0.3967490107400755,0.4391032822225198,0.41792614648129767,32.956876163773785,33.144892066322015,33.0508841150479,0.4781643897294998,392,799
0.39041305114965996,0.40115211904620096,0.39578258509793046,32.10274269356074,33.60280983514978,32.852776264355256,0.47856712341308594,392,799
0.4022862936848758,0.391676644689568,0.3969814691872219,29.72540905649387,33.027857570878425,31.37663331368615,0.4792494475841522,392,799
0.4131327018409327,0.3916392406560992,0.40238597124851594,32.842286418565166,32.68953711511769,32.76591176684143,0.47913432121276855,392,799
0.4088401970076206,0.4091036690243834,0.408971933016002,31.42977471691928,32.615474010179106,32.02262436354919,0.4797203838825226,392,799
0.4081568492734391,0.3857249433638837,0.39694089631866136,32.10261495628574,32.12317875911005,32.11289685769789,0.4796800911426544,392,799
0.4087514842899261,0.4087381549770967,0.4087448196335114,33.203441893944984,32.905604746861925,33.054523320403455,0.47965867817401886,392,799
0.3805129337159269,0.4088311461683899,0.3946720399421584,31.12807465989651,33.108324246656075,32.11819945327629,0.480365589261055,392,799
0.39117315304390965,0.4205646108690295,0.4058688819564696,31.68292976472748,32.83919996356654,32.26106486414701,0.4805191159248352,392,799
0.3823498165072681,0.43953913761106916,0.41094447705916864,31.437651350733216,33.57460531866509,32.506128334699156,0.4802922308444977,392,799
0.3765989232015875,0.4309008815134456,0.4037499023575165,31.698416830033626,34.46533806120197,33.0818774456178,0.4802275449037552,392,799
0.4005857973958981,0.4237328297112067,0.4121593135535524,32.439301154665415,33.89743152565346,33.16836634015944,0.47916701436042786,392,799
0.4200684125755324,0.39618955082457735,0.40812898170005485,29.76069868842385,29.415604803580944,29.588151746002396,0.4814990311861038,735,799
0.46054210686188096,0.4236620040081473,0.44210205543501413,31.50250384911264,31.501239190617646,31.50187151986514,0.4805430769920349,735,799
0.4528872684432219,0.4232097356218239,0.4380485020325229,30.054828103267955,32.196187058009414,31.125507580638683,0.4810672700405121,735,799
0.4503365966286784,0.3749745565721363,0.41265557660040736,31.918087751613008,29.852823141603924,30.885455446608468,0.4812368303537369,735,799
0.43627782412783783,0.3958668933295397,0.41607235872868875,30.095213970816964,29.870016482582574,29.98261522669977,0.4808328300714493,735,799
0.43929991714642086,0.4119964936758767,0.4256482054111488,31.193736493509896,30.372056954906807,30.78289672420835,0.47930264472961426,735,799
0.4650522168999537,0.39490549225366817,0.42997885457681095,31.847915277655567,29.248888939526907,30.548402108591237,0.47995391488075256,735,799
0.47176290365047135,0.42749776997030814,0.4496303368103898,33.291435244988534,32.331384362726354,32.811409803857444,0.48061564564704895,735,799
0.465913437443012,0.4190172371360512,0.44246533728953164,32.443672451207185,29.795568624530453,31.11962053786882,0.48112374544143677,735,799
0.47183149482424447,0.41106922381312816,0.4414503593186863,33.162101199432875,29.205081195889665,31.183591197661272,0.4801948368549347,735,799
0.45994658075123,0.4078886463966948,0.4339176135739624,32.062675047417024,32.75547744832496,32.40907624787099,0.4797739088535309,735,799
0.4854365251736457,0.4139503560683515,0.4496934406209986,34.61254612534447,30.36119330939027,32.48686971736737,0.48019522428512573,735,799
0.4699106954290649,0.4264929859758208,0.44820184070244284,33.000796970231264,32.59879009506495,32.79979353264811,0.48057815432548523,735,799
0.4427750420930099,0.43391211752979186,0.4383435798114009,32.44420069933534,32.38900398582156,32.41660234257845,0.4798331558704376,735,799
0.46494103280277876,0.4138942498447149,0.43941764132374683,31.554116569291185,33.22076395131106,32.387440260301126,0.4792787730693817,735,799
0.47231610525349826,0.4259267226380775,0.44912141394578786,32.63197216751294,32.90359561931068,32.76778389341181,0.4801243841648102,735,799
0.458011883327027,0.4191899704212072,0.4386009268741171,32.1173663727774,32.617030653317734,32.36719851304757,0.4794003963470459,735,799
0.45438340818806505,0.4192441708278598,0.43681378950796246,31.445043342663013,33.01955566320008,32.232299502931546,0.47921329736709595,735,799
0.45612918519972545,0.41076853675448866,0.43344886097710705,31.744267659503354,33.01602956447114,32.380148611987245,0.47934970259666443,735,799
0.45471632213433993,0.4317569172267972,0.4432366196805686,31.635504979910806,33.124399634342254,32.37995230712653,0.47982554137706757,735,799
0.4550264570268315,0.43495918290255725,0.44499281996469436,33.553933866611764,32.970217166876935,33.262075516744346,0.4805048257112503,735,799
0.4465089066446718,0.4384950378120192,0.44250197222834553,32.963877462539074,32.90819600659437,32.93603673456673,0.4808274954557419,735,799
0.4427002130874312,0.4181863882720069,0.43044330067971903,33.50950512669746,33.260089524387574,33.38479732554252,0.48012953996658325,735,799
0.4609867254033443,0.4286950435943469,0.4448408844988456,32.758988912584236,32.79090048872326,32.77494470065375,0.4802890419960022,735,799
0.47076791348654035,0.43063108500279057,0.45069949924466546,34.10142735610149,31.890296706066273,32.99586203108388,0.48086801171302795,735,799
0.47357537458203863,0.42516144804122796,0.4493684113116333,33.603347219604736,33.88504944215367,33.7441983308792,0.47920744121074677,735,799
0.4516296866817313,0.44987144497932613,0.45075056583052875,32.79893193551237,30.879187595607128,31.83905976555975,0.4800432324409485,735,799
0.45258326135329363,0.4277179562284894,0.4401506087908915,32.58645339410822,33.00509958859101,32.79577649134961,0.47863325476646423,735,799
0.42706664190439314,0.43992209400424925,0.43349436795432117,32.07936403704044,32.39560432541488,32.23748418122766,0.47904786467552185,735,799
0.4668131630291924,0.42723740984433106,0.44702528643676176,32.2955749588075,31.84640900661466,32.07099198271108,0.4789987951517105,735,799
0.46026695727597255,0.4261981007124067,0.44323252899418963,32.26623146512315,32.590986039912856,32.428608752518,0.4797839969396591,1077,799
0.472760719404699,0.47139668736451723,0.4720787033846081,32.638796189194075,31.73595621150427,32.18737620034917,0.47969067096710205,1077,799
0.46508258306587924,0.4502836173586783,0.45768310021227876,31.705140053158246,33.24115915700414,32.47314960508119,0.4790782779455185,1077,799
0.45797863000740147,0.43363460631633427,0.44580661816186784,33.09194495341248,32.98319381807758,33.03756938574503,0.4793909192085266,1077,799
0.4439155851433553,0.40651595742814595,0.4252157712857506,32.859320695713684,32.13013788582283,32.49472929076826,0.4791265279054642,1077,799
0.43785861994175695,0.435986302676541,0.43692246130914897,32.16558607813792,32.707835058160455,32.43671056814919,0.47969189286231995,1077,799
0.43236459599448124,0.41667731997522095,0.4245209579848511,32.07889370765911,33.11381742564412,32.59635556665162,0.4795919507741928,1077,799
0.44027690558286614,0.4366483197278637,0.4384626126553649,31.884590821396344,32.81075710977721,32.34767396558678,0.48039403557777405,1077,799
0.4396821663729809,0.401168133512229,0.42042514994260494,32.428874555526875,33.80758434636367,33.11822945094527,0.4802222102880478,1077,799
0.44903114385288134,0.42907265030984243,0.4390518970813619,32.87742043827193,32.97215731113019,32.924788874701065,0.48093777894973755,1077,799
0.446246424224258,0.4196031826308102,0.4329248034275341,34.219238653313475,33.818282527858536,34.018760590586005,0.48070091009140015,1077,799
0.4452711686620181,0.3992085385347848,0.42223985359840144,33.88830606445086,32.417457678729505,33.15288187159018,0.48133179545402527,1077,799
0.4328633995805127,0.42344040239916125,0.42815190098983696,33.64127698574174,31.90166101418405,32.77146899996289,0.4815664142370224,1077,799
0.427503831597867,0.42309243177123873,0.4252981316845529,33.34861278993313,32.40328740758263,32.87595009875788,0.48130594193935394,1077,799
0.42230621700165033,0.42215826305913484,0.4222322400303926,34.63500819030284,31.64768058688412,33.14134438859348,0.4814765453338623,1077,799
0.4244499304222221,0.44161272153203346,0.4330313259771278,32.774432029062446,32.17807392884529,32.476252978953866,0.48196063935756683,1077,799
0.43603727769660705,0.4450147526121721,0.4405260151543896,34.186973883558444,33.882807311345594,34.03489059745202,0.48207762837409973,1077,799
0.43245161945570526,0.43160575515746985,0.43202868730658756,34.02557789934424,32.45760242724111,33.24159016329268,0.48233239352703094,1077,799
0.42862600512688526,0.4499465239020703,0.4392862645144778,33.68129491382567,32.5671750465499,33.12423498018778,0.48273663222789764,1077,799
0.4446914316987086,0.4276476237924333,0.43616952774557094,33.25139534811383,33.40784684158487,33.32962109484935,0.482215940952301,1077,799
0.43701882356305427,0.4272802965391602,0.4321495600511073,32.98157469746067,32.46979742392174,32.7256860606912,0.4824054390192032,1077,799
0.44271527325259846,0.4483886029075347,0.44555193808006655,34.02884242373787,33.73696946756583,33.88290594565185,0.4828612208366394,1077,799
0.45289375204074755,0.42880850610333027,0.44085112907203894,33.59631288634168,33.58341800090245,33.58986544362206,0.4823901802301407,1077,799
0.43874652120437674,0.42203576078621685,0.4303911409952968,33.10919384015306,33.6545491670722,33.38187150361263,0.4821993410587311,1077,799
0.4365841194278942,0.41671188700301076,0.4266480032154525,32.976299201351615,33.764205560384426,33.370252380868024,0.48213207721710205,1077,799
0.4251469771209205,0.4414098919320725,0.4332784345264965,33.26298459938322,33.72857546296056,33.49578003117189,0.4822653830051422,1077,799
0.4313712132305514,0.4342784858660858,0.43282484954831857,34.22227180657202,32.875814888529746,33.54904334755088,0.4817717373371124,1077,799
0.4413081000934426,0.4570438307007406,0.4491759653970916,33.75736035964277,34.88464576239138,34.32100306101707,0.48206891119480133,1077,799
0.43778010229826025,0.43421427552452546,0.43599718891139283,34.377532468244496,33.53898826321981,33.95826036573215,0.48202136158943176,1077,799
0.4271730390870207,0.4413653112863362,0.43426917518667846,34.11947526040387,33.76888224366447,33.94417875203417,0.48225270211696625,1077,799
0.4599666096893654,0.4283646011974498,0.4441656054434076,34.55787368420538,33.5769689409765,34.06742131259094,0.4823274612426758,1077,799
0.44104923850869654,0.4473301069866275,0.444189672747662,32.78760340336736,33.8396805380894,33.31364197072838,0.48198401927948,1077,799
0.4427328269866561,0.43159041057194325,0.4371616187792997,34.52868440663314,33.96385961135622,34.24627200899468,0.481722816824913,1077,799
0.44208413545892694,0.42310674852421726,0.43259544199157207,33.92977225463432,33.766311175959444,33.84804171529689,0.4820162206888199,1077,799
0.4336021303358845,0.41941915795223905,0.4265106441440618,28.958733146545526,33.12741344106207,31.043073293803797,0.48235127329826355,1420,799
0.45605147893947434,0.41121670437400026,0.4336340916567373,29.8041652873158,34.03389295934395,31.919029123329878,0.4816707372665405,1420,799
0.433984840593884,0.41559585101880125,0.4247903458063426,30.026166207483506,33.17187349874101,31.599019853112257,0.4816702604293823,1420,799
0.41477133773198327,0.4619997053609084,0.43838552154644583,30.100965618209667,34.107270256248135,32.1041179372289,0.48202937841415405,1420,799
0.4176630139639985,0.46854519019146673,0.44310410207773265,29.95120777031874,34.85864501044931,32.40492639038402,0.48188719153404236,1420,799
0.39288451609913494,0.46679244701849093,0.42983848155881293,30.352360669695386,35.37311733876851,32.86273900423195,0.4821631610393524,1420,799
0.42294683900340907,0.4478418760574236,0.43539435753041633,29.746887398694405,35.36591326387986,32.556400331287136,0.48217183351516724,1420,799
0.4413916312075781,0.4379104518200539,0.43965104151381595,30.26624604342984,34.44565078484746,32.35594841413865,0.48183871805667877,1420,799
0.4471862921574299,0.4440699312400054,0.44562811169871763,30.064430107886793,33.14811486970821,31.6062724887975,0.48284152150154114,1420,799
0.4557697979195343,0.41714114355420046,0.4364554707368674,30.962605516606153,33.330004662025516,32.14630508931583,0.4832683950662613,1420,799
0.45126575044763356,0.4441614452741543,0.44771359786089393,30.09777474645006,34.840970113259125,32.469372429854594,0.48315951228141785,1420,799
0.43225513835293916,0.4380824329684451,0.43516878566069217,30.280349517175093,33.53056126225777,31.90545538971643,0.48351840674877167,1420,799
0.46390714127134486,0.4143401521572862,0.43912364671431553,30.351361416311253,34.65917185634529,32.50526663632827,0.4824932664632797,1420,799
0.42023322201397223,0.4775300542010603,0.44888163810751625,30.402816387928553,35.48098229269785,32.9418993403132,0.4830765873193741,1420,799
0.437232096569764,0.4534289089381018,0.4453305027539329,30.570594903319343,35.608189403969405,33.089392153644376,0.48276545107364655,1420,799
0.44486350592002527,0.44533019780324734,0.4450968518616363,30.120983119772834,35.206819018441074,32.663901069106956,0.48349080979824066,1420,799
0.4309065505379926,0.41459712336467125,0.4227518369513319,31.095772584800077,34.48708133500601,32.79142695990304,0.4814647287130356,1420,799
0.4172149720149001,0.46386043780775793,0.44053770491132904,30.33168664231971,35.47062817781022,32.90115741006497,0.4831383377313614,1420,799
0.4559711539678672,0.41894861643459225,0.4374598852012297,30.995450578989008,34.897604006900195,32.9465272929446,0.48214466869831085,1420,799
0.4328838951863772,0.45759983157867623,0.4452418633825267,30.198521780604924,34.93503500868504,32.566778394644984,0.4830835908651352,1420,799
0.4493256431359883,0.420393980922993,0.43485981202949064,30.962542025333047,34.56554315077094,32.76404258805199,0.48166489601135254,1420,799
0.4122078994671433,0.4523748187018393,0.43229135908449134,30.115125135671295,34.76941157419904,32.442268354935166,0.4823140501976013,1420,799
0.43284418286970605,0.44209423916246293,0.4374692110160845,31.577630838238726,34.07191230901267,32.824771573625696,0.4821973145008087,1420,799
0.43676132789846367,0.4436523814912358,0.44020685469484977,30.63508665669759,34.46770924180181,32.551397949249704,0.4819311648607254,1420,799
0.4406720076638188,0.4371656567908552,0.43891883222733696,28.756860053967554,34.26107710599831,31.508968579982934,0.4822724014520645,1420,799
0.4520449921929525,0.432231681927975,0.4421383370604638,31.534155997523897,35.43264806344989,33.48340203048689,0.4814588576555252,1420,799
0.4505818388089313,0.4504642036496509,0.4505230212292911,29.33690598550768,35.48335420347919,32.41013009449343,0.48191332817077637,1420,799
0.4385540154219228,0.43427893987418326,0.436416477648053,32.34635557713903,34.996353928230604,33.67135475268482,0.48025694489479065,1420,799
0.43923947632545307,0.4411089686303429,0.44017422247789795,31.334618699284103,35.541909436757216,33.43826406802066,0.48147156834602356,1420,799
0.42088750111407325,0.4672305271298314,0.4440590141219523,29.375859582415938,35.82009948290687,32.597979532661405,0.48142029345035553,1420,799
0.4269069250272856,0.4492442562997476,0.43807559066351665,30.541326663295425,35.70896039267214,33.12514352798378,0.48133447766304016,1420,799
0.4190674636250151,0.4541329305177861,0.43660019707140063,29.245299009180165,35.723724660108644,32.48451183464441,0.48145362734794617,1420,799
0.4416959727695576,0.443758853695213,0.4427274132323853,31.798257323607977,34.62720474224979,33.212731032928886,0.4809509217739105,1420,799
0.4221992049409033,0.442390453154196,0.4322948290475497,28.167059459512256,34.67487192939373,31.420965694452995,0.481173038482666,1420,799
0.4320144841364779,0.26971586342249126,0.35086517377948456,22.834220860391415,21.50056398230663,22.16739242134902,0.4830220341682434,1420,799
0.4092298461325446,0.37279963397079785,0.39101474005167125,28.25174708069731,28.158991781137463,28.205369430917386,0.4804348796606064,50,906
0.45795132350113116,0.3721497877411022,0.4150505556211167,28.97381803956551,26.04440493224895,27.50911148590723,0.4810715317726135,50,906
0.4332101824719045,0.42866960141915267,0.4309398919455286,29.16094480965989,28.574741053472337,28.867842931566116,0.4811369478702545,50,906
0.4490162621543007,0.41834766343036,0.43368196279233034,30.500522226748522,26.759459181233844,28.629990703991183,0.481452077627182,50,906
0.45211945272736254,0.4253255828525885,0.4387225177899755,29.985201455226434,31.148959992307393,30.567080723766914,0.4803150147199631,50,906
0.45761299846955905,0.3945538498901199,0.42608342417983947,30.66106868626879,26.244372241156352,28.452720463712573,0.4810354560613632,50,906
0.4120176279992354,0.43839755062381885,0.42520758931152713,28.86764089333008,29.862770956491836,29.36520592491096,0.481288880109787,50,906
0.4679039827108147,0.40706287452788914,0.4374834286193519,31.062433169512143,29.718581679813344,30.390507424662744,0.48156993091106415,50,906
0.43451787914332435,0.4462551643378634,0.4403865217405939,29.202220963404415,30.639181661057275,29.920701312230847,0.4813626855611801,50,906
0.4636261139135612,0.4022754758781024,0.43295079489583177,30.502357642417607,29.51777947158868,30.010068557003144,0.4815983176231384,50,906
0.4596729887511867,0.40729134904088815,0.4334821688960374,30.292385852646724,29.819342996678753,30.055864424662737,0.4819084256887436,50,906
0.4322435600331932,0.4022779707630555,0.41726076539812434,29.376871950676367,30.46708238362371,29.92197716715004,0.4816749393939972,50,906
0.43364800081985083,0.40567506901548506,0.41966153491766794,29.407760168101973,30.2236953069882,29.81572773754509,0.4817593991756439,50,906
0.3936820649245791,0.39638342662264925,0.39503274577361414,27.916792988250023,30.361168872758004,29.13898093050401,0.48123644292354584,50,906
0.3707663054274624,0.3214140194612589,0.34609016244436064,29.263823496652677,23.131316269757153,26.197569883204913,0.4843929409980774,50,906
-0.8402322998422429,-0.5764859348297893,-0.7083591173360161,8.53227623722557,11.26086280489932,9.896569521062446,0.4907124638557434,50,906
-0.944040234700529,-0.7246439552600293,-0.8343420949802791,8.349894947017543,10.884251793473327,9.617073370245436,0.4894201457500458,50,906
-0.7911687576711594,-0.7578793930364167,-0.7745240753537881,7.402497614958029,10.846073715374752,9.12428566516639,0.48767657577991486,50,906
0.21382542002017998,-0.26288126422039537,-0.024527922100107694,13.21627436917517,10.633324075362683,11.924799222268927,0.48900967836380005,50,906
0.3903219949525549,0.21308611495154509,0.30170405495205,22.01579881277591,16.47268124545564,19.244240029115772,0.4867461621761322,50,906
0.4250076037599861,0.3384144970759689,0.3817110504179775,27.30699938159444,22.53406071296514,24.92053004727979,0.48472413420677185,50,906
0.3999682807062333,0.38856939640815513,0.3942688385571942,26.118445281613937,28.093844757998216,27.10614501980608,0.48359015583992004,50,906
0.39746085649764556,0.37227828625783355,0.3848695713777396,27.50520934000067,27.88008726002439,27.69264830001253,0.48339687287807465,50,906
0.38666604094826856,0.39985097743535514,0.3932585091918118,28.981805502171113,27.697877553631823,28.33984152790147,0.48413318395614624,50,906
0.3946780515881087,0.4004247759934268,0.39755141379076775,27.652414795609396,29.094031405519278,28.37322310056434,0.482853502035141,50,906
0.39329340569957594,0.4258986711887624,0.40959603844416914,27.686426159467956,27.979601962033385,27.83301406075067,0.48415741324424744,50,906
0.3944167826624871,0.45495259573654306,0.4246846891995151,27.00213986797488,29.365643673689288,28.183891770832084,0.4831883907318115,50,906
0.38734382411694807,0.40705499365657605,0.3971994088867621,28.619900020868634,27.56943622485092,28.09466812285978,0.48300817608833313,50,906
0.4060218794160513,0.36108032027848763,0.3835510998472694,27.45361199614739,27.935953167969597,27.694782582058494,0.4824250638484955,50,906
0.43193889815085545,0.3687529696205045,0.40034593388567996,29.461378496076488,27.543137072999375,28.50225778453793,0.4837610423564911,50,906
0.4509331962487255,0.4360080735078356,0.44347063487828053,31.234388989596685,28.87895734988029,30.056673169738488,0.48356425762176514,50,906
0.454408698447016,0.4048258235815477,0.4296172610142818,30.50725328642752,29.33913611901322,29.92319470272037,0.4834592044353485,50,906
0.42808222926543965,0.4322072597845321,0.43014474452498586,29.189134216236457,29.92915184009589,29.559143028166176,0.4834733009338379,50,906
0.44546892484783723,0.4039079258539886,0.4246884253509129,30.141678790463164,27.498086137500934,28.819882463982047,0.4839024841785431,50,906
0.4062851775101183,0.40463530509126505,0.4054602413006917,28.761987719956664,31.762670878206503,30.262329299081586,0.48455430567264557,392,906
0.44317303629824684,0.3704964324475279,0.40683473437288736,30.747538740982215,31.489132988295307,31.11833586463876,0.48413877189159393,392,906
0.3964848251572808,0.4194896421537715,0.40798723365552614,29.230039886844114,31.392096221002447,30.31106805392328,0.4849673956632614,392,906
0.41907343510158007,0.3954206559017626,0.40724704550167135,30.222827377024718,31.16669881966086,30.69476309834279,0.48449471592903137,392,906
0.4437425590575039,0.41724041123229894,0.43049148514490143,30.1946787031393,31.600741828776457,30.897710265957876,0.48495709896087646,392,906
0.39251437564020275,0.38485823062157337,0.38868630313088803,29.561630514888964,29.594395088696114,29.57801280179254,0.4845971167087555,392,906
0.4476350078402501,0.3974574067230353,0.4225462072816427,31.52945375058118,31.484450736389846,31.506952243485514,0.48493289947509766,392,906
0.45408837284043696,0.39115988529161294,0.422624129066025,30.78883845920325,32.046715762900135,31.41777711105169,0.48506374657154083,392,906
0.4287576113597561,0.39887194901453704,0.41381478018714657,30.397787494598273,31.605597357814695,31.001692426206482,0.4851674884557724,392,906
0.421937979640876,0.3979168787951496,0.4099274292180128,30.378994532618766,31.32183042914847,30.85041248088362,0.48545314371585846,392,906
0.44840859607064265,0.409729959948003,0.4290692780093228,30.82287178399906,31.297578217468697,31.06022500073388,0.4855855703353882,392,906
0.4231054619085514,0.41070007812891013,0.4169027700187308,30.482762967902048,32.06424507205569,31.27350401997887,0.48540037870407104,392,906
0.43972388428373266,0.4122476050908482,0.42598574468729045,30.8017009269458,31.65546830077956,31.22858461386268,0.4856000542640686,392,906
0.46393369446982324,0.3963216792537942,0.4301276868618087,30.620196074496032,30.357859081532588,30.48902757801431,0.4856244921684265,392,906
0.40411592998129914,0.3960851870047732,0.40010055849303616,29.93529922474598,32.78677227513778,31.361035749941877,0.4852363020181656,392,906
0.425349944790723,0.40234297110904926,0.41384645794988617,30.45350305588749,32.196190210380855,31.32484663313417,0.4856601059436798,392,906
0.4574614664868755,0.40572186928159626,0.43159166788423586,31.657798211299053,31.558054723948292,31.60792646762367,0.4859859049320221,392,906
0.4499522537353953,0.39536002174687984,0.4226561377411376,30.640801429143316,32.68986832937446,31.66533487925889,0.485671266913414,392,906
0.426727699026267,0.40188834291096853,0.41430802096861774,30.206287770336782,31.962233796044778,31.08426078319078,0.4859226644039154,392,906
0.4779769600678741,0.3885241855448482,0.43325057280636114,31.578102668793342,31.30570605691529,31.441904362854316,0.48560360074043274,392,906
0.4191845352525027,0.4268899363626374,0.42303723580757,30.716137444132382,33.40561796480806,32.06087770447022,0.48549702763557434,392,906
0.420455630323264,0.41815125198471187,0.41930344115398793,31.941571685675015,30.026693185433196,30.984132435554105,0.48653444647789,392,906
0.3975293746053622,0.4163687731695025,0.40694907388743234,29.526732779826627,29.496385249435704,29.511559014631167,0.48689526319503784,392,906
0.4045196043997954,0.40756857648312983,0.4060440904414626,29.38099879659828,32.314002442812516,30.8475006197054,0.4859740287065506,392,906
0.42205375446026727,0.4112624136344321,0.4166580840473497,30.904416343925913,32.47221293561801,31.68831463977196,0.48569805920124054,392,906
0.4171294873584941,0.4072258341938283,0.4121776607761612,30.218764693033936,29.48632992414512,29.85254730858953,0.487079456448555,392,906
0.4605271567165779,0.3922212204336696,0.42637418857512377,30.63821129883503,30.71002827407658,30.674119786455805,0.4859383553266525,392,906
0.4377285805912262,0.39871885952191655,0.4182237200565714,30.756439579081626,31.497210280516274,31.12682492979895,0.48400554060935974,735,906
0.38060630957540814,0.4082960674037716,0.3944511884895899,30.085175911602114,29.61281871069209,29.8489973111471,0.485080286860466,735,906
0.1645000277004475,-0.8076384838286025,-0.3215692280640775,9.612122398342017,11.180333228633277,10.396227813487647,0.4886997938156128,735,906
-0.46187987280910325,-0.8148800907133098,-0.6383799817612066,8.714498792295474,11.028562341303482,9.871530566799478,0.49326513707637787,735,906
-0.5474594948842698,-0.6493372515090939,-0.5983983731966819,8.149756500557004,10.52195057072841,9.335853535642707,0.49093836545944214,735,906
0.38937283531137834,-0.5949692676449084,-0.10279821616676504,17.94353559555729,9.920881099022182,13.932208347289736,0.4895728528499603,735,906
0.35675799872725567,-0.07914121762235445,0.13880839055245062,22.14490377145985,13.126557427171013,17.63573059931543,0.4894643872976303,735,906
0.3205427105892988,0.27676394134569393,0.2986533259674964,21.290872790768223,22.032953656665846,21.661913223717036,0.4876144826412201,735,906
0.4096038483605692,0.34899698452651584,0.3793004164435425,27.799813704221894,27.617646017053012,27.708729860637455,0.4875785559415817,735,906
0.3689839740363783,0.343515940844821,0.3562499574405996,29.64541046159636,27.108121321329143,28.376765891462753,0.4856836199760437,735,906
0.40082062608187313,0.35311773036861216,0.3769691782252427,30.589099935679396,28.084622495843995,29.336861215761694,0.4862852692604065,735,906
0.40768225770946964,0.39593693235168215,0.4018095950305759,32.00253436722906,29.74531468483139,30.873924526030223,0.48612940311431885,735,906
0.4158777463621836,0.35096131772926265,0.3834195320457231,30.834606649792786,28.56514362699499,29.699875138393885,0.4859575927257538,735,906
0.3990539325471242,0.3628907615308481,0.38097234703898614,31.47890942538717,29.022964710737135,30.25093706806215,0.4862493872642517,735,906
0.4255074760576373,0.3883380765768908,0.40692277631726403,29.890642448180824,29.871836677597898,29.881239562889363,0.4861401319503784,735,906
0.428643930320537,0.3979399433003527,0.41329193681044485,30.344050948879527,30.17115532753972,30.257603138209625,0.48623424768447876,735,906
0.42366101352534186,0.3411206177360204,0.3823908156306811,30.377682291750688,28.48744251897425,29.432562405362468,0.48646703362464905,735,906
0.40282489586446624,0.35937623624718745,0.3811005660558269,32.53832493265297,29.91662390430334,31.227474418478153,0.4856957793235779,735,906
0.39226461928080797,0.40397919023460943,0.3981219047577087,30.574114944373157,29.896193455926063,30.23515420014961,0.4864271432161331,735,906
0.40600667653831773,0.38913961693278987,0.3975731467355538,30.106653668252207,29.797238899240188,29.951946283746196,0.48655372858047485,735,906
0.3955032039263853,0.39745083208575943,0.3964770180060724,30.490508279181793,29.65234064262186,30.071424460901824,0.48624493181705475,735,906
0.39790284738301673,0.3427004849573201,0.3703016661701684,31.553796057091567,28.91935352987281,30.23657479348219,0.48601119220256805,735,906
0.4241052701081667,0.3917071778480608,0.4079062239781137,30.033942083319907,29.822960871136143,29.928451477228023,0.4863419085741043,735,906
0.40877618549418465,0.3630250153137734,0.385900600403979,30.01362022283359,29.32999590089365,29.671808061863622,0.48632417619228363,735,906
0.417431750703996,0.41944463664087805,0.41843819367243706,29.309469827701587,33.156402502286205,31.232936164993895,0.4871596395969391,1077,906
0.4615357089054631,0.4143143547064497,0.4379250318059564,29.945921086523605,30.793800100105685,30.369860593314645,0.48796918988227844,1077,906
0.41857716680433454,0.42270996079688183,0.4206435638006082,28.995966333354065,33.11279374119771,31.05438003727589,0.4871115982532501,1077,906
0.49446133961500843,0.41667808769496867,0.45556971365498855,29.1120924650671,30.83609553357331,29.974093999320203,0.4884958863258362,1077,906
0.4320120091294899,0.4139310823918399,0.42297154576066487,30.46800435055921,32.645585789610415,31.55679507008481,0.48691053688526154,1077,906
0.4703818411429117,0.42292055616010454,0.44665119865150815,28.766707387098503,32.21804956360726,30.49237847535288,0.48816749453544617,1077,906
0.4448583434942175,0.429572178063675,0.43721526077894624,31.943741481405148,33.231275418570426,32.58750844998779,0.48724228143692017,1077,906
0.47077623716093486,0.42143202492281195,0.4461041310418734,30.65639338199559,33.04678458037527,31.85158898118543,0.48822256922721863,1077,906
0.44111388350877706,0.4275005193965084,0.43430720145264273,30.42999565233748,32.45239330438915,31.441194478363315,0.4877389818429947,1077,906
0.4654026662097513,0.44705298596982035,0.45622782608978585,28.748113458889172,33.40390776099011,31.07601060993964,0.4877374768257141,1077,906
0.4434861239189769,0.42885970720783084,0.4361729155634039,31.244606123306855,32.04025503478393,31.642430579045396,0.4881543815135956,1077,906
0.4522136353036729,0.4448889603946768,0.44855129784917486,29.004137495839313,34.53128653397435,31.767712014906834,0.4877576678991318,1077,906
0.45449087923684234,0.44271963235761636,0.4486052557972293,31.794392919675584,32.55680510547189,32.175599012573734,0.48844507336616516,1077,906
0.475180756268121,0.44062439801031567,0.45790257713921834,29.696101137351675,34.429256320917865,32.062678729134774,0.4882720857858658,1077,906
0.4341245900557999,0.4381736857920234,0.43614913792391163,31.057590866512868,32.96413700464452,32.0108639355787,0.48856766521930695,1077,906
0.4624597348484167,0.45924998147968854,0.4608548581640526,29.341061176700837,35.076321877910054,32.20869152730545,0.48824217915534973,1077,906
0.47370435392222765,0.43107105754542413,0.4523877057338259,32.39643852435405,33.407448254226345,32.901943389290196,0.4888858497142792,1077,906
0.4825173748796207,0.4370464938352523,0.45978193435743653,31.745960797114122,33.90219105635392,32.824075926734025,0.48885515332221985,1077,906
0.41677581763916605,0.44637280930777967,0.43157431347347286,31.651259229067442,33.32999132502142,32.49062527704443,0.4888369143009186,1077,906
0.4590666464962845,0.4512146937563374,0.45514067012631093,31.93644013848323,35.65053295939458,33.79348654893891,0.48803406953811646,1077,906
0.4629288588835772,0.4475735042888462,0.4552511815862117,29.376475173546666,34.66597216297869,32.02122366826268,0.4893456846475601,1077,906
0.4536251593119064,0.45962557139589894,0.45662536535390263,29.280718739835496,35.85290692227099,32.56681283105324,0.4886225014925003,1077,906
0.4287134134024016,0.4357190005751627,0.43221620698878216,31.51010863277557,33.426413990837645,32.46826131180661,0.4889030307531357,1077,906
0.4486816224839266,0.4491365410082062,0.4489090817460664,28.90189920051409,35.05177436358996,31.976836782052025,0.48841361701488495,1077,906
0.45261498039691633,0.45296085878134845,0.4527879195891324,29.735409604872054,34.90228522118437,32.31884741302821,0.48898401856422424,1077,906
0.4432030792633043,0.43601751850345655,0.43961029888338043,32.04989953151068,33.137779227422286,32.59383937946649,0.4890734851360321,1077,906
0.46663529440903223,0.4376364305758566,0.4521358624924444,29.317235624194055,34.20311405031456,31.760174837254308,0.4883572608232498,1077,906
0.4612268546062158,0.42827598204769346,0.44475141832695464,30.243786256688587,34.46990322491489,32.35684474080173,0.4882739931344986,1077,906
0.4374353551264448,0.4303033585077139,0.4338693568170794,30.63850529918099,33.35963789100062,31.999071595090804,0.48822788894176483,1077,906
0.43579908317486676,0.43256899586700265,0.4341840395209347,30.79748658643133,33.76864157932364,32.28306408287749,0.4881027191877365,1077,906
0.4549252227765813,0.4667779302135633,0.4608515764950723,28.762558550915145,34.63047260315968,31.696515577037413,0.4868718534708023,1420,906
0.42127561003293296,0.4650384527543867,0.4431570313936598,31.609317114663913,34.42315037369476,33.01623374417934,0.4872919023036957,1420,906
0.4428965799723819,0.4390771312167017,0.4409868555945418,30.37168235735394,32.50090330511737,31.436292831235654,0.4871915876865387,1420,906
0.44521300480187637,0.44837847710585765,0.446795740953867,30.01542788400876,32.54115985950934,31.27829387175905,0.48730485141277313,1420,906
0.44737592327037207,0.4564637399520015,0.45191983161118676,29.697141089638233,32.495372308585985,31.09625669911211,0.4874431639909744,1420,906
0.4509015154011466,0.45343699310150803,0.4521692542513273,29.65124809553888,32.499900464319104,31.075574279928993,0.4874688386917114,1420,906
0.4472233189145566,0.4746474595567865,0.46093538923567157,30.244599982752387,33.5436543514977,31.894127167125042,0.4878597557544708,1420,906
0.45100271660805963,0.47520145331950775,0.4631020849637837,30.630951700801646,33.8603468849946,32.24564929289812,0.487721785902977,1420,906
0.45773479379612064,0.45517252476229036,0.4564536592792055,31.08050759273498,34.32411798388275,32.702312788308866,0.4876946806907654,1420,906
0.3979726463118839,0.4567025468944291,0.4273375966031565,27.45948569744831,35.41976148470186,31.439623591075083,0.48650628328323364,1420,906
0.4065373737391404,0.42016721586149064,0.41335229480031555,26.74472732678666,33.44440666060775,30.094566993697203,0.48702406883239746,1420,906
0.4378323756595814,0.45807063886187915,0.4479515072607303,28.062971847687827,34.314380101200356,31.18867597444409,0.48657867312431335,1420,906
0.4530565358106754,0.47137480545121996,0.4622156706309477,29.26866190833963,34.93221695918156,32.1004394337606,0.48787081241607666,1420,906
0.4675772938974841,0.4541949905824053,0.46088614223994473,29.06721879024106,34.22727785884645,31.647248324543753,0.4876779615879059,1420,906
0.409457385071022,0.4679970451637209,0.43872721511737145,31.944051725525895,33.731673544735095,32.83786263513049,0.48756925761699677,1420,906
0.4160931027843972,0.4585692082699697,0.4373311555271835,30.019270361310614,36.109285852561776,33.06427810693619,0.4876161962747574,1420,906
0.4157026071152708,0.4574264047456595,0.43656450593046514,28.532227558570785,33.78220225661004,31.157214907590415,0.4877728372812271,1420,906
0.45500541571435726,0.4478901761935843,0.4514477959539708,29.09682298033153,32.37671555681602,30.736769268573777,0.48875729739665985,1420,906
0.4226031863813912,0.45719298843355344,0.4398980874074723,27.19716585666215,33.60113194589179,30.399148901276966,0.48919452726840973,1420,906
0.4304951295765256,0.459884549681573,0.4451898396290493,26.11076839667111,35.2842889883991,30.6975286925351,0.4889492690563202,1420,906
0.41938353269832057,0.48001746398950684,0.4497004983439137,28.534375454194155,34.86067626899807,31.697525861596112,0.48786526918411255,1420,906
0.43408832869597247,0.45051177838629386,0.44230005354113316,27.022564329062465,33.615053213226886,30.318808771144674,0.4889950603246689,1420,906
0.43505775126488033,0.4434238349860611,0.4392407931254707,27.436872496665146,33.553175550640354,30.49502402365275,0.48902909457683563,1420,906
0.43509290786869576,0.44999759428652236,0.44254525107760906,27.521133674316143,35.6114860801444,31.566309877230275,0.4890297055244446,1420,906
0.4075726031373085,0.47242489308950436,0.43999874811340645,25.654039699661233,34.436250186787966,30.0451449432246,0.4888324737548828,1420,906
0.4314810221559835,0.4593206127725815,0.4454008174642825,26.238789882982147,35.27021899643581,30.754504439708978,0.4893798381090164,1420,906
0.40843295398375545,0.46275029097982356,0.4355916224817895,28.674730128297526,35.085880159578245,31.880305143937886,0.48834262788295746,1420,906
0.40128997133946387,0.453779624737073,0.42753479803826844,26.123697697509314,35.08288316278892,30.603290430149116,0.48912473022937775,1420,906
0.44370322306281,0.46817801188974756,0.4559406174762788,28.063065370731984,33.86795671826952,30.96551104450075,0.4894890785217285,1420,906
0.4314249462799103,0.4625700566834646,0.4469975014816875,27.92708229657203,35.962644923124,31.944863609848017,0.4891917109489441,1420,906
0.4175884097763357,0.4451089570725036,0.4313486834244197,30.359209525784284,34.076589964515854,32.21789974515007,0.48901697993278503,1420,906
0.4415654712281118,0.4543254426777727,0.44794545695294224,28.62395931469178,35.434985501654104,32.02947240817294,0.48915308713912964,1420,906
0.4191689018583914,0.4394382263158548,0.4293035640871231,27.567040549765224,34.32670088008242,30.946870714923822,0.4892232418060303,1420,906
0.4479569345746709,0.44542681688766034,0.44669187573116564,28.80610165389911,33.69155111882221,31.248826386360662,0.4893426150083542,1420,906
