left_ratio_x,right_ratio_x,avg_ratio_x,avg_width,eye_distance,normalized_x,screen_x,screen_y
-0.37746330480786927,0.38620329356086747,0.004369994376499098,72.9487816255838,142.7328455450065,0.5155702531337738,50,50
-0.4384862297806171,0.5034655202161221,0.03248964521775252,71.82648918736147,150.2278097372049,0.5210611820220947,50,50
-0.45867347712182993,0.4918207850898713,0.016573653984020692,71.32214228522979,147.9074638586681,0.5250811874866486,50,50
-0.4734638337072361,0.4856827715773324,0.006109468935048157,70.60520058772447,146.80402052404835,0.5293142795562744,50,50
-0.47524413123970843,0.4984388685946706,0.011597368677481096,70.16284077242872,146.41286565199005,0.53450046479702,50,50
-0.4925221667679193,0.5013733849572838,0.004425609094682231,69.32300794398881,146.21138293869728,0.5393615961074829,50,50
-0.5053005628524628,0.5232507318050014,0.008975084476269268,70.62844658431197,149.31624487240344,0.543810099363327,50,50
-0.5174749736238804,0.5126311009720197,-0.0024219363259303517,70.6667272242922,150.09022571300181,0.5474192798137665,50,50
-0.48631042798812707,0.5130728001227262,0.013381186067299544,71.43923357515577,149.05990461905915,0.550690621137619,50,50
-0.49221976612008767,0.519051281197016,0.01341575753846419,72.303606358684,150.11895323419927,0.5522769093513489,50,50
-0.48665373528659306,0.5292105876840248,0.021278426198715894,73.02500275619067,150.85755492045806,0.5536142587661743,50,50
-0.485843440525626,0.5328547915516985,0.023505675513036228,74.26498570017216,152.28717446158288,0.5540021061897278,50,50
-0.4772580951565717,0.5428213127772848,0.03278160881035658,74.26876973781691,152.82953743880756,0.5532993674278259,50,50
-0.48983100634048693,0.5350903650007168,0.02262967933011495,75.04158440464991,154.29322526858377,0.5521279871463776,50,50
-0.4874585840403551,0.5308350734153056,0.02168824468747524,75.50259524899752,157.7606917367692,0.5504906177520752,50,50
-0.49886183522994737,0.5362024988156558,0.01867033179285424,75.5365882112348,160.49617995829584,0.5520408153533936,50,50
-0.46354025315131786,0.5629608465340064,0.04971029669134425,77.65942629932894,160.27442851054025,0.5559376180171967,50,50
-0.4737335988219272,0.5656299697555428,0.04594818546680779,79.19710750800456,163.7582975269861,0.5581769943237305,50,50
-0.4839533516344145,0.5757829434788971,0.04591479592224132,78.27731645100314,166.34358844748058,0.5601366460323334,50,50
-0.4660301218720045,0.5646859726018392,0.04932792536491734,79.0233525357421,167.37732262760383,0.5623351633548737,50,50
-0.4827783244599656,0.5601631590900538,0.03869241731504408,79.71455923877096,168.09774740402912,0.5640563070774078,50,50
-0.4691641132662155,0.564950175387825,0.04789303106080475,80.89094801671195,167.53420145508932,0.5659640431404114,50,50
-0.47036840651298395,0.558274090120415,0.0439528418037155,81.78937283456834,168.94053538082895,0.5671443045139313,50,50
-0.48719798769063705,0.5638689286317619,0.038335470470562405,81.81851598389532,170.32471840247976,0.5679730176925659,50,50
-0.48309889166653536,0.5701406637973185,0.04352088606539159,82.17548402322824,171.64586088691402,0.5689671039581299,50,50
-0.4931327401781665,0.5587444355422881,0.032805847682060824,81.79985062805986,176.90441365010773,0.5728527009487152,50,50
-0.5066364088931385,0.5723395699720498,0.03285158053945564,80.95223697323271,177.64321628636725,0.574963390827179,50,50
-0.5068909111743736,0.5645167137614066,0.02881290129351649,82.07914343041271,178.9595430989929,0.576723039150238,50,50
-0.5013568517979217,0.5708237021653154,0.034733425183696875,81.69838232644409,178.32045025154906,0.5774876177310944,50,50
-0.5007833183480029,0.5598367667463041,0.02952672419915059,82.55553685234244,178.31417211816316,0.5779494941234589,50,50
-0.5160895633319319,0.544494054466382,0.014202245567225047,82.94314721397988,178.5255575372711,0.5810230374336243,226,50
-0.5137770188187479,0.5465079295234072,0.01636545535232964,83.20050548450622,178.33058710819068,0.5809571743011475,226,50
-0.5115409828897227,0.5448652297673338,0.01666212343880552,83.365413341861,177.95959487850448,0.5808208584785461,226,50
-0.506059433827849,0.5502935516485961,0.02211705891037352,83.72913254406132,177.95185093028127,0.5808770954608917,226,50
-0.5069158393354714,0.5514056522013625,0.022244906432945577,85.23947778977451,177.60795014487104,0.5806844532489777,226,50
-0.5083040865622951,0.5462311303313583,0.018963521884531598,85.91617477695256,177.97272331579558,0.5802705585956573,226,50
-0.5091286929439622,0.5398575403792115,0.015364423717624642,85.93460258992286,177.805986926493,0.5799672901630402,226,50
-0.5076385435018388,0.543690188242512,0.01802582237033662,84.72412259025108,177.52526012555492,0.5794995725154877,226,50
-0.5071522438381705,0.5453263861570665,0.01908707115944802,85.08521410050133,177.5062181820675,0.5789913833141327,226,50
-0.50588653779553,0.5426928091685016,0.018403135686485828,84.49775953837779,177.4983116819847,0.57876256108284,226,50
-0.508772618409678,0.54911829930213,0.02017284044622597,84.50979484935897,177.20325168364604,0.5784367322921753,226,50
-0.5028134429667205,0.5480347473625043,0.022610652197891934,85.45334670684502,177.08397583775917,0.5781317353248596,226,50
-0.5044074758536515,0.5426942489958532,0.019143386571100818,85.67698228653853,177.09887611448494,0.5776900053024292,226,50
-0.5087470446083057,0.5427345421555183,0.01699374877360632,85.00873845145776,177.20378261846574,0.5773159265518188,226,50
-0.5044987811749971,0.5404472195473804,0.01797421918619163,85.57827707492876,176.90608048868725,0.5769257843494415,226,50
-0.5046369026713811,0.5404099699219402,0.017886533625279588,85.80928440247806,177.17878751791457,0.5765913128852844,226,50
-0.5054968394787402,0.5387634392597604,0.0166332998905101,85.89987703610966,177.02527806909185,0.5763886570930481,226,50
-0.5051918541540648,0.5401004784376048,0.017454312141770012,86.1756612436098,177.37806423693627,0.5759487748146057,226,50
-0.5044541873221543,0.5414640075507146,0.018504910114280126,86.5090503041684,176.98691236138245,0.5759386718273163,226,50
-0.5064800786022211,0.5433106272769131,0.01841527433734602,86.1351798520584,177.09379460076337,0.5755614638328552,226,50
-0.5092768958221178,0.547170957901101,0.018947031039491635,85.83090277803024,177.56698258879405,0.5754251778125763,226,50
-0.5106168318584714,0.544824784266725,0.017103976204126792,86.05139270664392,177.3739694997671,0.5753970444202423,226,50
-0.5098606184311749,0.5419463562069073,0.016042868887866213,86.07925270543811,177.59867499800663,0.5752353370189667,226,50
-0.5093757456592581,0.5445105295590514,0.01756739194989665,85.9662575547894,177.59772513048654,0.5752051174640656,226,50
-0.5101954628668286,0.5466459897664037,0.018225263449787532,85.86030553257953,177.57170206157352,0.5752112865447998,226,50
-0.5100162514433071,0.5442389840479358,0.017111366302314357,85.92836199484324,177.70143712047314,0.5752004683017731,226,50
-0.5123979888182169,0.5473860473934314,0.017494029287607293,86.15987343600115,177.91009373822465,0.5751464664936066,226,50
-0.5099317550895461,0.5416386891264788,0.01585346701846635,86.56248889722829,177.5889162175463,0.5752738118171692,226,50
-0.51116222501908,0.5439543377826344,0.016396056381777158,86.21117096308686,177.69696026503814,0.5751892030239105,226,50
-0.5111524537110915,0.5436435016997974,0.016245523994352917,86.52174649889263,177.7828851610099,0.5751930773258209,226,50
-0.5089656304386152,0.5459374119736926,0.018485890767538704,86.60926036164203,177.6759696058223,0.5751132369041443,226,50
-0.5077733997636573,0.5435666650276471,0.01789663263199487,86.60499253770838,177.981918685456,0.5750925540924072,226,50
-0.5101734610261551,0.5429848027756006,0.016405670874722722,86.42752288309153,177.72266824343413,0.5750696063041687,226,50
-0.5091511714997782,0.5455599112440815,0.018204369872151682,86.51061242992603,177.79313128203435,0.575067013502121,226,50
-0.5306752900893309,0.5205525578831253,-0.005061366103102816,85.10090891107944,178.67570957118556,0.5732755064964294,403,50
-0.5203824684105657,0.5187093906655948,-0.000836538872485415,84.9927362791846,178.0035472488182,0.5721854567527771,403,50
-0.5105310037720793,0.5242245878409535,0.00684679203443711,85.98101370194954,179.2092734685086,0.5709388554096222,403,50
-0.5212897806824243,0.5306744677382311,0.004692343527903431,85.41627672043012,180.28843565704648,0.5695590972900391,403,50
-0.5225208804762149,0.5379140387688102,0.007696579146297622,85.23984360750796,181.52192373091296,0.5685504972934723,403,50
-0.5118900861722692,0.5319409847152116,0.010025449271471198,85.6022384448942,180.05116292803984,0.5681225955486298,403,50
-0.5075710334408032,0.5301388451889478,0.011283905874072298,85.3414402419617,179.5082182564948,0.5679951608181,403,50
-0.5072433621768884,0.5341355951813043,0.01344611650220795,85.77131580660374,180.15091527555433,0.567782998085022,403,50
-0.5060067592539683,0.5282433701115679,0.011118305428799768,85.76348486187793,179.49123325739572,0.5678983628749847,403,50
-0.508599882179264,0.5288004974600159,0.01010030764037595,85.66800593744301,180.11684478499444,0.5677046179771423,403,50
-0.5090530562954844,0.5277386840815783,0.009342813893046975,85.45004257025396,179.52945440916508,0.5678638517856598,403,50
-0.5112101262332067,0.5300920152981499,0.009440944532471574,85.86482955335391,180.464335954913,0.5677136182785034,403,50
-0.5072399342380811,0.5246083408360435,0.008684203298981175,85.61741449391639,179.33945600557806,0.5678950548171997,403,50
-0.5103333082912952,0.5278942377861272,0.008780464747416006,85.37848835076124,180.44906433186597,0.5675827860832214,403,50
-0.5091337277145088,0.5274294107719403,0.009147841528715728,85.58340833771402,180.6062493403597,0.5675717890262604,403,50
-0.50835157820992,0.5309606533075694,0.011304537548824656,85.67198460818992,181.00845528125492,0.5674706399440765,403,50
-0.5127676084209616,0.527183215640983,0.007207803610010721,86.09347308688996,180.6996665294224,0.5670582354068756,403,50
-0.5114605004781863,0.5258385233330938,0.007189011427453762,85.6884490103063,180.597659153867,0.5668957531452179,403,50
-0.511703014789905,0.5321765375794757,0.010236761394785354,85.95357668801998,180.57812409718008,0.5668517351150513,403,50
-0.5122909612034471,0.5303800009243644,0.009044519860458677,85.39529928688759,180.1024467171824,0.5668841302394867,403,50
-0.5141799372006377,0.5337636299875689,0.009791846393465586,85.56067354436433,180.4792892947997,0.5667284429073334,403,50
-0.5142234585484795,0.5337347549567594,0.009755648204139933,85.65831373865765,180.13641995206905,0.5665968954563141,403,50
-0.5120071089379341,0.5280835648342397,0.008038227948152787,85.75010931993879,179.88212586288907,0.5665351152420044,403,50
-0.5142595935348067,0.5331722357902875,0.009456321127740419,86.09058188371043,180.48867933314605,0.5665425658226013,403,50
-0.514602155019713,0.5367952930556679,0.011096569017977453,85.96877584792676,180.74855106987485,0.5665203928947449,403,50
-0.514999203782149,0.5346692013588745,0.009834998788362748,86.06825251603289,180.8219041799512,0.5664990246295929,403,50
-0.5201940296496101,0.5380268014732564,0.008916385911823144,85.1227391440332,180.8871457292853,0.566733181476593,403,50
-0.514881200822946,0.5380241050391283,0.011571452108091185,85.57821561385168,181.35279432345993,0.5668444037437439,403,50
-0.5147065979568923,0.540504172041357,0.012898787042232351,85.90774598803667,181.39558164446214,0.5668867230415344,403,50
-0.5171384293700652,0.5354501777378872,0.009155874183911006,86.03728951051568,181.23261808552,0.566986471414566,403,50
-0.5183709767701252,0.5388122368633652,0.010220630046619994,86.01704999841687,181.30127486107745,0.5671367347240448,403,50
-0.5176871071836433,0.5410774725838884,0.011695182700122542,85.9587743440976,181.01721075944084,0.5671330094337463,403,50
-0.5219495621387926,0.5212720918783605,-0.00033873513021603907,85.37911307479253,178.7216980091458,0.5637603998184204,579,50
-0.517986884929784,0.5249250239065834,0.003469069488399701,84.90010943363116,178.80984136187564,0.5631728172302246,579,50
-0.5076293083736231,0.5221012705360922,0.007235981081234577,85.13964854020907,177.69205252759065,0.5625699758529663,579,50
-0.5119567073150888,0.5062577465078563,-0.002849480403616267,84.53557717887804,177.4307840561432,0.5615690648555756,579,50
-0.5147956230995491,0.5053165410479881,-0.004739541025780503,84.39467485196946,178.20484000074157,0.5607881247997284,579,50
-0.5151891715262986,0.5067620035612652,-0.0042135839825167,84.7696086922376,176.9904395847135,0.5600623190402985,579,50
-0.5039702527528593,0.5042530216329492,0.00014138444004491157,85.42765901656466,176.70141295729215,0.5592634677886963,579,50
-0.5161373193865814,0.503680778901113,-0.006228270242734202,85.63353268149699,177.87439275266243,0.5579277575016022,579,50
-0.5156278289973718,0.507383551045487,-0.00412213897594238,85.26240638120797,177.4402984498333,0.5566636025905609,579,50
-0.5148830633105518,0.5047436818560475,-0.005069690727252163,85.07276771690024,176.93434490444974,0.5555761456489563,579,50
-0.517218820905689,0.5159468984619371,-0.0006359612218759803,84.74039183039088,177.2460714022043,0.5543444454669952,579,50
-0.5128902195848313,0.5172308253365938,0.0021703028758812692,84.37397772516096,176.9234052156325,0.5530370473861694,579,50
-0.510302881506661,0.5137484328836329,0.0017227756884859446,85.2920044139638,176.73680527127368,0.5524777770042419,579,50
-0.5110451750606074,0.5072098336952194,-0.0019176706826939949,85.26671930914762,176.26280775969596,0.5519775152206421,579,50
-0.5107387400596928,0.5087897363255827,-0.0009745018670550554,85.02236352750958,176.18558428646597,0.5517387092113495,579,50
-0.5115788362287392,0.5045967789493722,-0.0034910286396835355,85.03525343650085,176.36668012011526,0.5516110360622406,579,50
-0.514306313117398,0.506093673770442,-0.0041063196734780205,85.49693307211636,176.4904464560914,0.5515457093715668,579,50
-0.5111259757662956,0.5079365066602242,-0.0015947345530357149,85.6017550339593,176.73062124296476,0.5514475107192993,579,50
-0.5114039746632606,0.5036048881881645,-0.003899543237548042,85.29908518334827,176.75391466451399,0.5514065325260162,579,50
-0.5137029822301695,0.5045362442188248,-0.004583369005672355,85.38311104866764,176.5749855017178,0.551384449005127,579,50
-0.5137117665104179,0.5039130120663344,-0.004899377222041756,85.44008838637572,176.70120465494188,0.5513769388198853,579,50
-0.5125085292370408,0.5040434120977895,-0.004232558569625677,85.53730567201643,176.6097756806207,0.5514095723628998,579,50
-0.5133936728385662,0.5071307834078831,-0.003131444715341547,85.5646772154379,176.56930972963715,0.5513990521430969,579,50
-0.5126530314786478,0.508648870424174,-0.002002080527236938,85.39295816125305,176.70418980508128,0.5513813197612762,579,50
-0.5146106112311941,0.5109517825927128,-0.0018294143192406631,85.54558338767231,176.58970709761545,0.551366001367569,579,50
-0.5151226334235022,0.5094415279299769,-0.002840552746762648,85.45355496756389,176.5682383250703,0.5513648688793182,579,50
-0.5158446543839273,0.5136049711223624,-0.001119841630782492,85.71654196039162,176.52649992034037,0.5513097643852234,579,50
-0.5161754356137487,0.5069962924044196,-0.004589571604664555,85.44108143796697,176.4408242618627,0.55129075050354,579,50
-0.5173390338003255,0.511594238684812,-0.002872397557756756,85.7813611640363,176.4279719595409,0.5513767898082733,579,50
-0.5158628788125325,0.5063204792946926,-0.004771199758919931,85.42843396589274,176.53173009992506,0.5514532327651978,579,50
-0.5153723435737878,0.5043381558173468,-0.005517093878220525,85.30772126529487,176.54502651419264,0.5515709817409515,579,50
-0.5140604370788223,0.502282140317886,-0.005889148380468168,85.21793216253654,176.55064273835546,0.5516601502895355,579,50
-0.5156410627746544,0.5050237309879885,-0.005308665893332953,85.05348457018108,176.46514992020064,0.551772266626358,579,50
-0.5145491963460408,0.5038822486663072,-0.00533347383986682,85.23154655805058,176.60915979950408,0.5518161356449127,579,50
-0.5278372928469132,0.4984117470480351,-0.014712772899439036,84.95403869597996,176.94439207146945,0.5503727495670319,756,50
-0.5271081621527424,0.4929109200157237,-0.017098621068509345,84.24805593089098,176.93003587181735,0.5498583018779755,756,50
-0.42665250768549634,0.40773254705945294,-0.009459980313021699,84.07466954458475,167.58867959679736,0.5485136210918427,756,50
-0.4213864890744492,0.4058543594512579,-0.007766064811595641,86.86115095291923,172.33030052554756,0.548528641462326,756,50
-0.3913466664698281,0.3148696121978113,-0.03823852713600839,85.56818364707654,159.76943054998253,0.5467491149902344,756,50
-0.47461406891543595,0.4848669258147453,0.005126428449654663,83.67413631052088,176.57367207442692,0.5486481189727783,756,50
-0.515699962360262,0.4965176223794833,-0.009591169990389364,83.36831375473446,179.33399365376727,0.5480679273605347,756,50
-0.5197851248539861,0.48855290895089154,-0.015616107951547276,83.16069287095738,178.4451717366995,0.5479061305522919,756,50
-0.5181054047105038,0.4930696263446043,-0.01251788918294977,83.24325223212142,177.54681583815736,0.5479419529438019,756,50
-0.5310796843142399,0.5020010669805123,-0.014539308666863815,84.16257724378255,177.9881577566396,0.5477656722068787,756,50
-0.5268687768999231,0.49547245261530426,-0.015698162142309402,83.67957021382821,177.668015547393,0.5476117730140686,756,50
-0.5306401136619748,0.4952433106684501,-0.017698401496762356,83.87841410839411,177.55038126639263,0.5474994480609894,756,50
-0.5309048369652354,0.49461783115548635,-0.018143502904874514,83.98901509292854,177.93393811549103,0.5473858416080475,756,50
-0.5308783635201149,0.4940139648092661,-0.018432199355424367,84.07330011891983,178.50986403041196,0.5471091270446777,756,50
-0.5316266942784698,0.49627831306172443,-0.017674190608372664,84.0061169843637,179.261704898847,0.5470277667045593,756,50
-0.5295405106227759,0.4965437769605534,-0.016498366831111222,84.02963335675179,178.78987056313719,0.5469517707824707,756,50
-0.5294344604508519,0.4956095944478698,-0.016912433001491034,84.34537535550061,178.88168061965365,0.5469289422035217,756,50
-0.527448317179779,0.49216015898188237,-0.01764407909894833,84.01016977114408,178.48152918839986,0.5467639863491058,756,50
-0.5249841099467872,0.49308806946764216,-0.015948020239572536,84.12150927092644,178.6996791993663,0.5467463731765747,756,50
-0.522778542126082,0.4915866412479841,-0.015595950439048933,84.20254818794761,178.84995020496208,0.5466847717761993,756,50
-0.5246470525302567,0.49042944558327267,-0.017108803473492,84.13963640514123,178.63035406109705,0.5465548038482666,756,50
-0.522044193330341,0.4923237110310807,-0.014860241149630166,84.30594583244392,178.8959386909062,0.5465658158063889,756,50
-0.5268257112342666,0.4908675525742016,-0.017979079330032482,84.18744394653135,178.57057792428074,0.5464936792850494,756,50
-0.5258017030908272,0.49257207850511997,-0.01661481229285361,84.12660519598315,178.83792545449052,0.5465604066848755,756,50
-0.5246107698403655,0.49198660047791454,-0.01631208468122547,84.04830335421056,178.7241998603665,0.5465204566717148,756,50
-0.5284867111825151,0.4911145770442244,-0.018686067069145357,84.07555240987335,178.81390570310225,0.5465258955955505,756,50
-0.5295339096558729,0.48833723080427965,-0.020598339425796613,84.12342431683192,178.6187960055447,0.5464423298835754,756,50
-0.5273298710259318,0.494838367453513,-0.016245751786209378,84.17597114595924,178.5930365280277,0.5463385283946991,756,50
-0.5306062116422696,0.4929719251190695,-0.018817143261600056,84.39500863829504,178.62094949877155,0.546240046620369,756,50
-0.5298822517329386,0.493527682484287,-0.018177284624325774,84.468869335889,178.5960067277591,0.5462491512298584,756,50
-0.5284107666541158,0.49220613874701014,-0.01810231395355283,84.35855635837947,178.48857721576314,0.5462175011634827,756,50
-0.5286762443032572,0.4890201147940615,-0.019828064754597863,84.28609068036945,178.67457418815022,0.5461365282535553,756,50
-0.5286712078684532,0.4926789375834435,-0.017996135142504865,84.40808976232634,178.7516774567881,0.5462343990802765,756,50
-0.5366975711449854,0.4700235275173563,-0.03333702181381454,83.4828604171573,178.52826303807427,0.5447399318218231,932,50
-0.534980514090105,0.47040426967823956,-0.032288122205932746,84.35808342066636,179.4406387933558,0.5446258038282394,932,50
-0.5355649180008009,0.4743410119845698,-0.030611953008115533,83.62131715222614,178.72380315888597,0.544537216424942,932,50
-0.5358115669752272,0.4749410609037994,-0.030435253035713927,84.08880810399077,179.82789809464174,0.5443486273288727,932,50
-0.5356626128276688,0.47559914194111536,-0.030031735443276725,83.8708995245197,178.85331573273757,0.5441290140151978,932,50
-0.5335891409755333,0.47467341047341116,-0.02945786525106109,83.92386965287686,179.52092842946527,0.543929323554039,932,50
-0.5342123929860634,0.47636174773154405,-0.028925322627259664,84.51047278114625,179.07279270124434,0.5438695847988129,932,50
-0.5346506000749927,0.4811575790462692,-0.02674651051436172,83.95603794434646,179.244670101131,0.5435555577278137,932,50
-0.5362767491536907,0.4821614836522197,-0.0270576327507355,84.27679904247192,179.58508244789493,0.5433091372251511,932,50
-0.5312024048583989,0.4780120625651947,-0.026595171146602092,84.19825351017174,179.668638708892,0.5429892838001251,932,50
-0.5324687736514991,0.49686787120085496,-0.01780045122532209,84.20818541685452,180.44569586446315,0.542243704199791,932,50
-0.533981140209571,0.4784993677084797,-0.02774088625054566,84.3512220907015,179.31191269885323,0.5416482985019684,932,50
-0.534505067390205,0.48168942491526423,-0.026407821237470375,84.63567253046489,179.75656379216682,0.5414060652256012,932,50
-0.5348918414159742,0.4806155814081949,-0.027138130003889677,84.8955891654725,179.58638249561906,0.541175901889801,932,50
-0.5365560375553187,0.48012582646692686,-0.0282151055441959,84.79322560797274,179.53126388257448,0.541126936674118,932,50
-0.5344328098975797,0.4838097258827867,-0.025311542007396493,84.63763318872043,179.68740019246925,0.5411431640386581,932,50
-0.5341205886092252,0.4804811549750646,-0.026819716817080286,84.83620965348943,179.58988328356114,0.541215181350708,932,50
-0.5371635392209796,0.48575632991135737,-0.025703604654811113,85.32134942317825,179.8353018610523,0.5414693355560303,932,50
-0.5366881920705412,0.48195824504173834,-0.027364973514401425,85.45331894082089,180.30034474159496,0.5416619777679443,932,50
-0.5365383087326446,0.48347835305891873,-0.02652997783686295,85.22593523837875,180.22265274375508,0.5417538732290268,932,50
-0.537680212521908,0.48279401659843457,-0.027443097961736718,85.13492945655162,180.04440219939028,0.5419408679008484,932,50
-0.5394010290863538,0.48411786297005605,-0.027641583058148872,85.20808753744151,180.3461295764622,0.5419981330633163,932,50
-0.5383817874337478,0.4831853515282505,-0.027598217952748638,85.07309851208403,179.94889156938123,0.5419757515192032,932,50
-0.5381955805342631,0.48819016184565717,-0.02500270934430296,84.921481915516,180.17724496576767,0.5419194847345352,932,50
-0.5379826881256919,0.485676313239578,-0.026153187443056974,84.79271365119666,179.6405727129675,0.54159976541996,932,50
-0.5379818075099841,0.4833156536552301,-0.02733307692737702,84.62287763632992,179.67119094799452,0.5415319502353668,932,50
-0.5391519815933842,0.483964080136453,-0.0275939507284656,84.71279979560586,179.49970042023855,0.5415400117635727,932,50
-0.5406415355391676,0.4782175358262661,-0.03121199985645076,84.89702702667935,179.6809932570009,0.541703000664711,932,50
-0.5441124516389073,0.4780621264573247,-0.0330251625907913,85.11568742812241,180.00068532344648,0.541852280497551,932,50
-0.542626153261641,0.4725616474332669,-0.035032252914187045,84.51463711733484,179.71564021038407,0.542387843132019,932,50
-0.5387287710413515,0.47476217137652,-0.03198329983241577,85.08106436846148,180.13296944916343,0.5427260398864746,932,50
-0.5401612026697349,0.47548488964874625,-0.03233815651049432,85.4132638587332,179.75378378389195,0.5428076386451721,932,50
-0.541525592402216,0.476279142879253,-0.032623224761481495,85.03761692717477,179.73672851199697,0.5429737418889999,932,50
-0.5412428921287871,0.4762229252581741,-0.03250998343530648,85.09794592220351,179.5488126562606,0.5429814904928207,932,50
-0.5419286943174824,0.4572226665725212,-0.04235301387248058,84.23398099453829,179.1208928875893,0.5423572212457657,1109,50
-0.5414487820588934,0.45733612058797274,-0.04205633073546031,84.2235187183504,179.2902796540485,0.5422891527414322,1109,50
-0.5411453675148716,0.45767628293679474,-0.041734542289038445,83.92056198588703,179.05751026092113,0.5422897785902023,1109,50
-0.5444712149101532,0.45728674334907726,-0.04359223578053795,84.01917237601049,178.68203691457958,0.5422061830759048,1109,50
-0.5424645904675568,0.45833350841886966,-0.04206554102434357,83.93628502133845,179.12955527780343,0.5422182381153107,1109,50
-0.5449549381264511,0.45626736249756966,-0.04434378781444073,83.78601689536113,178.76012611140473,0.5421663969755173,1109,50
-0.5434880861017845,0.45840785465916833,-0.04254011572130806,84.05050986737353,179.05299368507013,0.5420930683612823,1109,50
-0.5422821612889284,0.4574413180168887,-0.042420421636019834,84.01168610463716,179.12697275759078,0.5419973582029343,1109,50
-0.5460714009398041,0.45975273825078783,-0.04315933134450814,84.20162891214315,178.8986038382014,0.5419030785560608,1109,50
-0.5438628584807327,0.45934014745631774,-0.04226135551220747,84.04867702378252,179.18764926324147,0.5417142957448959,1109,50
-0.5453929068117169,0.46031965811104036,-0.04253662435033828,84.00525628292482,178.69238996241072,0.5416063070297241,1109,50
-0.5440515105071961,0.4604614654575617,-0.041795022524817205,83.74440267311113,179.03070181715088,0.5414354354143143,1109,50
-0.543195191217403,0.45854119956817785,-0.04232699582461258,83.7131874074999,178.90270627953987,0.541290357708931,1109,50
-0.5406721398432391,0.4581613341804246,-0.04125540283140727,84.12390152276696,178.9308015342597,0.5406606793403625,1109,50
-0.5376455056498332,0.4568953821017086,-0.040375061774062276,83.80856623484445,177.97726829046798,0.5397842973470688,1109,50
-0.5359580523590833,0.4692709293427778,-0.033343561508152764,83.83121239851002,178.33678596006928,0.5390313565731049,1109,50
-0.5374352077957827,0.46292048020655613,-0.03725736379461328,84.08205325795734,177.35729308462209,0.5381208509206772,1109,50
-0.5376153209680274,0.47016685209673614,-0.03372423443564565,83.68632842598791,176.93055805647475,0.5370853841304779,1109,50
-0.5343722636021442,0.4651372755421114,-0.034617494030016405,83.81289880303946,175.74772411739386,0.5365025252103806,1109,50
-0.5330342795887066,0.4706399696680234,-0.031197154960341617,83.60399451869367,175.3626107868086,0.5355461537837982,1109,50
-0.5364287586035379,0.4756003009031795,-0.030414228850179192,83.60828031137358,175.3510384054755,0.5348860919475555,1109,50
-0.5390469354023828,0.46550328802670665,-0.03677182368783807,83.32831271941919,175.27026451272113,0.5335761606693268,1109,50
-0.5354402293355819,0.4756609362311916,-0.029889646552195143,83.59315443745044,175.26314323151513,0.5335022956132889,1109,50
-0.5294016468969602,0.47231670563875666,-0.028542470629101785,83.58743553521782,175.2430302315969,0.5334899872541428,1109,50
-0.5295077985037047,0.47576004904592734,-0.026873874728888664,84.32449260543875,175.16097232370484,0.5334954857826233,1109,50
-0.5281336942954679,0.4720650282687851,-0.028034333013341378,84.39173565475488,175.08198571261136,0.5336504429578781,1109,50
-0.5288482033153197,0.47149173642599396,-0.02867823344466286,85.07208863716994,175.40877195929093,0.5337742865085602,1109,50
-0.5292287429938903,0.47127735968960416,-0.028975691652143087,85.00346505023373,175.4266119550838,0.5340728461742401,1109,50
-0.5311901182307844,0.4687814548124635,-0.031204331709160454,85.32832291497783,175.77597099296028,0.5341718047857285,1109,50
-0.5297233382203735,0.4711338561918765,-0.029294741014248532,84.94637917055591,175.85008266687123,0.5343185812234879,1109,50
-0.5255396557293901,0.46807123509977405,-0.028734210314808023,84.81598405515123,175.70811632062066,0.5344902873039246,1109,50
-0.5312537687633239,0.46939106989462576,-0.030931349434349054,84.99077474650727,176.26867237642372,0.5347280651330948,1109,50
-0.5319423474985662,0.4665884267619776,-0.03267696036829429,84.89097340769536,176.41797779147538,0.5349617302417755,1109,50
-0.5330134421171623,0.46846862288366325,-0.032272409616749514,84.34598058598564,176.22885581548536,0.5351249724626541,1109,50
-0.5400365594131619,0.45880058722671113,-0.04061798609322537,85.05872576615027,177.96147706145987,0.5340972542762756,1285,50
-0.5149399588002929,0.41434842539872346,-0.0502957667007847,83.26853032787577,172.77726145689854,0.534062534570694,1285,50
-0.4424449956947736,0.39564783282795996,-0.023398581433406812,87.06591293572666,167.32394364780748,0.5353487282991409,1285,50
-0.46200177333130626,0.3501736122403066,-0.055914080545499845,85.97963343418006,166.22943205652547,0.5339420735836029,1285,50
-0.4857403208633738,0.40266291232954676,-0.04153870426691353,83.67011169205438,171.99822778725124,0.5342909097671509,1285,50
-0.4909895149986667,0.4114709419368883,-0.0397592865308892,84.99801437916162,172.85042892143824,0.5341442078351974,1285,50
-0.5279222481538465,0.4283847952149577,-0.049768726469444385,83.59699016950759,175.97055224220034,0.5331991314888,1285,50
-0.5607742832850482,0.46058246049517687,-0.05009591139493566,84.87350821959285,177.86370102503176,0.533326119184494,1285,50
-0.5401277617336048,0.4562667891298159,-0.04193048630189444,84.2810469419767,176.05861465796545,0.5334880203008652,1285,50
-0.5495200865068008,0.4462576112935149,-0.05163123760664298,84.25846025707658,176.3771351953492,0.5333680510520935,1285,50
-0.549586154892914,0.4380929636430476,-0.05574659562493317,84.76042504248392,176.82856520728924,0.5333177447319031,1285,50
-0.5511331777033156,0.4388775211035345,-0.05612782829989055,84.78212747642411,176.64580621502634,0.533387690782547,1285,50
-0.550877886504051,0.43570572193011275,-0.057586082286969126,84.50631426816246,176.41242741504902,0.5335291922092438,1285,50
-0.5514679182887345,0.43990703530828584,-0.05578044149022435,84.68964108505287,176.61761311663113,0.5336447060108185,1285,50
-0.5521310099600086,0.44483044132725835,-0.05365028431637514,84.71849303791012,176.55237777092353,0.5335969626903534,1285,50
-0.5533604538902984,0.4492588309664185,-0.05205081146193996,84.66515620407417,176.80416199035875,0.5336343199014664,1285,50
-0.5525881323811606,0.44290532445297576,-0.0548414039640924,84.28020266480769,176.33851466109016,0.5337758362293243,1285,50
-0.5534844862033079,0.4450881809796124,-0.054198152611847766,84.39688379884794,176.77956182210949,0.5338528007268906,1285,50
-0.5492733533411333,0.44559290650714944,-0.051840223416991904,84.46421547947801,176.77501273139953,0.5338670164346695,1285,50
-0.5525955021043713,0.44591034621869285,-0.0533425779428392,84.33067559751376,176.73739221722064,0.5340047627687454,1285,50
-0.550448690767275,0.4344910911998663,-0.05797879978370435,83.97027089101837,176.43306513408194,0.5340147167444229,1285,50
-0.5533797203481547,0.43495461460769147,-0.05921255287023164,83.95751496438704,176.40356529798422,0.5340006053447723,1285,50
-0.5546887611010167,0.43838290664646423,-0.058152927227276247,84.28455493562984,176.5859106948034,0.5340953171253204,1285,50
-0.5518069397099847,0.43668803572054377,-0.057559451994720484,84.20659678866707,176.64116937519506,0.5341258198022842,1285,50
-0.5547920311170339,0.44263457857972177,-0.056078726268656065,84.01393812531467,177.0501651510177,0.5341730415821075,1285,50
-0.5565010499687075,0.4458268831203344,-0.055337083424186556,84.19883557043073,176.89092946900894,0.5342672914266586,1285,50
-0.5521388772482481,0.4416821258678828,-0.05522837569018263,84.13484648614636,176.8664908818204,0.5342717468738556,1285,50
-0.5557971085290591,0.4491743778636275,-0.05331136533271577,83.84219778182829,176.86480013634707,0.534523144364357,1285,50
-0.5530726713847245,0.4495122718383258,-0.05178019977319934,84.29927968432742,177.64463540736867,0.5343139469623566,1285,50
-0.5556179182113969,0.44865831417039675,-0.053479802020500095,84.07467854313802,176.9813298995792,0.5345068275928497,1285,50
-0.5554919150690928,0.4496064029197848,-0.052942756074653985,84.36161276779994,177.50587181629757,0.5344134569168091,1285,50
-0.5542505210959816,0.44515209468082895,-0.05454921320757633,84.33155189309653,177.19456215833912,0.5343856066465378,1285,50
-0.5523303650372463,0.44159331189939305,-0.05536852656892663,84.02205557027878,176.59206343994714,0.5344094485044479,1285,50
-0.5516613109342835,0.44222923009658427,-0.054716040418849615,83.86122882047009,176.16224763185798,0.5343399345874786,1285,50
-0.5597081921351496,0.43557630262088093,-0.06206594475713431,83.97553264705067,177.03779970984377,0.5344091802835464,1462,50
-0.5580391349992475,0.4319505084991816,-0.06304431325003296,83.80268789682903,176.96971570624174,0.534421294927597,1462,50
-0.558865382998167,0.43619838849168396,-0.061333497253241526,83.5672798625528,177.14185647343174,0.5344364494085312,1462,50
-0.5457481949247697,0.4372504865369076,-0.05424885419393102,84.09255799319936,175.7733207552966,0.5338312238454819,1462,50
-0.46289698692463094,0.33798150930126125,-0.06245773881168484,85.45802506852655,164.14904089533005,0.5338857620954514,1462,50
-0.43379117196331557,0.36680205494342477,-0.0334945585099454,86.83733583326105,165.31879735939648,0.5348632037639618,1462,50
-0.5217716473222035,0.34283685426566424,-0.08946739652826963,84.49294739298867,169.00884383599671,0.5315616726875305,1462,50
-0.5804461518611251,0.3654633493193454,-0.10749140127088988,82.35964581009792,173.01380504086887,0.5307506769895554,1462,50
-0.5581029021023264,0.43256191115045434,-0.06277049547593602,83.32309214459906,175.5488643174526,0.5321791619062424,1462,50
-0.5572939995871613,0.42334323284881215,-0.06697538336917458,82.77630688685912,174.54003213712343,0.5323924124240875,1462,50
-0.5564400297712789,0.43350115890842117,-0.06146943543142888,82.88863230588397,175.55393677032663,0.5324345827102661,1462,50
-0.5576220771766446,0.4231241665637979,-0.06724895530642333,82.7087490900123,175.36590288009612,0.5324834585189819,1462,50
-0.5603967710542584,0.4325735398704546,-0.06391161559190192,82.64631125921855,175.72403389795844,0.532661110162735,1462,50
-0.5565731514061397,0.4335285883634892,-0.06152228152132527,82.7236400016099,175.51137221673827,0.5328793078660965,1462,50
-0.5577024313680367,0.43123630129981205,-0.0632330650341123,82.49177922615392,175.24533283510564,0.5328467041254044,1462,50
-0.555942530660545,0.43148060610784966,-0.06223096227634767,82.54788833950657,175.57572711719754,0.5329512357711792,1462,50
-0.5587817491739056,0.4344672712450205,-0.06215723896444253,82.44584190315689,175.65946904868974,0.5330753773450851,1462,50
-0.5564506021012366,0.4339114899364188,-0.061269556082408916,82.35751425658754,175.47551294618464,0.533127024769783,1462,50
-0.5561375154258367,0.43422928229641333,-0.06095411656471167,82.54605697017308,175.60172307345658,0.5330939143896103,1462,50
-0.5583180957402657,0.43423211811332274,-0.06204298881347148,82.896625609517,175.91732380243113,0.5331238657236099,1462,50
-0.5587424916184139,0.436991721683301,-0.060875384967556456,82.66758254868759,176.1605918505853,0.5331636369228363,1462,50
-0.5595180045708277,0.43682700591630824,-0.06134549932725972,82.4736898174181,176.0801984073823,0.533210888504982,1462,50
-0.5623567835894651,0.4336818600135264,-0.06433746178796934,82.77600858511906,176.09261215161538,0.5331573784351349,1462,50
-0.5620998416199707,0.43333597603321655,-0.06438193279337709,82.88293533641306,175.90598104292408,0.533190906047821,1462,50
-0.5606487614189545,0.43594708536582605,-0.062350838026564215,82.74475494173377,176.29983443209267,0.5332777500152588,1462,50
-0.5599317208932062,0.43673518700933045,-0.061598266941937874,82.93801200242693,176.21186990559713,0.5332442373037338,1462,50
-0.5618445342646731,0.4376179705361966,-0.06211328186423823,82.71419636583259,176.12797979140865,0.5332436859607697,1462,50
-0.5628964908880592,0.43559906664928577,-0.06364871211938669,82.84284339233909,176.17078562962413,0.533202201128006,1462,50
-0.5626885831450913,0.44069935433360247,-0.06099461440574441,82.97896166563957,176.27795413164583,0.5332065522670746,1462,50
-0.5609485443440414,0.43411129447075414,-0.06341862493664363,82.9894957325142,175.85147536337124,0.5331977605819702,1462,50
-0.5631337271213723,0.4372433453564887,-0.06294519088244183,83.04777566116837,176.1909280897673,0.5331919938325882,1462,50
-0.5596905276392313,0.4389840922738478,-0.06035321768269175,82.99870266215729,176.25646461324732,0.533272311091423,1462,50
-0.564296467377888,0.43720908463761043,-0.06354369137013877,82.93964204661478,176.3982927713772,0.5332566946744919,1462,50
-0.5610516925927023,0.4433558422120163,-0.05884792519034299,82.90620669628387,176.05599588490657,0.5332894027233124,1462,50
-0.4577233355689772,0.5841412359479876,0.0632089501895052,87.97868966155667,177.13068279532064,0.5417496860027313,50,270
-0.4417351877051662,0.5894192760500276,0.07384204417243073,87.97271806000421,177.08243488612797,0.5421543121337891,50,270
-0.4371655322063209,0.5918818928629033,0.0773581803282912,87.5360449126461,177.10607608182056,0.542838528752327,50,270
-0.41734226338999236,0.5942382922546174,0.08844801443231254,86.57584599763861,176.0604294452565,0.5432882010936737,50,270
-0.42564507199487456,0.5963761880449966,0.08536555802506102,87.27634658341519,175.79519797642396,0.5431956201791763,50,270
-0.42971238877624973,0.592492653847213,0.08139013253548161,87.62411958117349,176.4691897977505,0.5433444529771805,50,270
-0.42426395851849646,0.593698790576359,0.08471741602893126,87.5851560826846,176.68683716065806,0.5436034202575684,50,270
-0.4244484898849639,0.5907284806947937,0.08313999540491487,87.62044127861444,176.83368039557595,0.5439604371786118,50,270
-0.4194149210258466,0.5837411068418682,0.0821630929080108,87.87143515583124,176.70618874303727,0.5442806333303452,50,270
-0.4122765368722888,0.5832995489927263,0.08551150606021873,87.17656459617982,176.53294998000322,0.5449272692203522,50,270
-0.4272157639828638,0.5837706294023594,0.07827743270974777,87.59519875552343,176.84967889098098,0.5450421273708344,50,270
-0.4248890064624317,0.587198732839236,0.08115486318840212,87.86033559614279,176.63210672966585,0.545247808098793,50,270
-0.4269383174706077,0.5871007166321006,0.08008119958074647,87.51846004256313,177.18798541045766,0.5452695488929749,50,270
-0.4228164637668682,0.5877181561148591,0.08245084617399545,87.75391355898823,176.8451831267384,0.5452799648046494,50,270
-0.4216490086591583,0.5879135709119429,0.08313228112639229,87.92803531651953,176.63608122795952,0.5452733784914017,50,270
-0.41901967667090567,0.587239377592059,0.08410985046057667,87.81840107297299,176.391626660994,0.5450197756290436,50,270
-0.4210794153477895,0.5878623758113668,0.08339148023178866,87.75976621877633,176.8279247262801,0.5449761152267456,50,270
-0.4246840633916867,0.5851633854945651,0.08023966105143923,87.7641191357636,176.3894058988355,0.5449272990226746,50,270
-0.4247206949944349,0.5895753639051737,0.08242733445536943,88.0503681826452,177.0430766942716,0.5448615998029709,50,270
-0.4225684048461386,0.58863374288426,0.08303266901906067,87.79857272155523,176.78477965843396,0.5449436753988266,50,270
-0.4225561327140459,0.5898362898555104,0.08364007857073225,87.94462026617875,177.0804036550277,0.5449294447898865,50,270
-0.42498375707858876,0.589561567504633,0.0822889052130221,87.75506960456056,177.47901551309891,0.5448515117168427,50,270
-0.42364597707120494,0.5883032714752566,0.08232864720202585,88.1917790454229,177.34931877316313,0.5448140650987625,50,270
-0.4218455868238163,0.5962863238986462,0.08722036853741497,87.91740892164032,177.31451270540816,0.5448289513587952,50,270
-0.42422986054044914,0.592528027021534,0.0841490832405424,87.8669309439783,177.18277870732854,0.5447453856468201,50,270
-0.4234832035972363,0.5928923958182128,0.08470459611048828,87.70010747193172,177.23838455119474,0.5447186380624771,50,270
-0.42487186945032895,0.5939463517522621,0.08453724115096656,87.7754765828283,177.29974342141304,0.5446493774652481,50,270
-0.4247169657541586,0.591497019178332,0.08339002671208667,87.5443838376363,177.1816775976979,0.5444942116737366,50,270
-0.42302714631667404,0.5919893471683446,0.08448110042583529,87.46822925965867,176.99268870507004,0.5445106774568558,50,270
-0.4207948026567455,0.5899749936465872,0.08459009549492086,87.38410677348485,176.74539107977574,0.5445240139961243,50,270
-0.4227749425714889,0.587729100046736,0.08247707873762353,87.20244110786574,176.668782220232,0.5445345044136047,50,270
-0.42674831458452167,0.5898408317995044,0.08154625860749137,87.30568540851493,176.9263776636741,0.544517308473587,50,270
-0.42962706175973636,0.5802461229330139,0.07530953058663878,88.06659152538987,176.0704812997291,0.5440571159124374,226,270
-0.4311204913224127,0.5802741348381786,0.07457682175788294,88.04248133173377,176.32480130005703,0.5440919995307922,226,270
-0.4335178809625276,0.5799345978059065,0.07320835842168946,87.99527810278299,176.55893230951017,0.5441546589136124,226,270
-0.4454800922045391,0.5762199614561199,0.06536993462579038,87.88445447121265,177.27300843937374,0.544065460562706,226,270
-0.45184551670366474,0.5717605254574439,0.0599575043768896,88.46789373113702,177.50751821587932,0.5440428256988525,226,270
-0.45076829127027884,0.5791249023664758,0.0641783055480985,88.44390445707475,177.83246958969414,0.5442169308662415,226,270
-0.447140196735796,0.5782081090016715,0.06553395613293775,88.52677215492375,177.592679476705,0.5442390441894531,226,270
-0.45221357179517696,0.5794102831732184,0.06359835568902072,88.28405815304173,177.83832767742544,0.5442551523447037,226,270
-0.45249665147739526,0.5828859241414268,0.06519463633201578,88.13612647038731,177.9842726780277,0.5442246794700623,226,270
-0.453715554724733,0.5812973869602627,0.06379091611776483,88.15357076776331,177.79986830753325,0.5441280454397202,226,270
-0.4528867701528348,0.5784098561497649,0.06276154299846506,88.27563384979197,177.8318208422595,0.5440930724143982,226,270
-0.45322603286001495,0.5810019078581793,0.06388793749908217,87.96017582983148,177.86571929932498,0.5440864264965057,226,270
-0.4555700467256045,0.5828373190396021,0.0636336361569988,87.77957587951444,178.0496398254315,0.544103130698204,226,270
-0.4525326071984421,0.5814646539824705,0.06446602339201418,87.60987818881415,177.8372917064591,0.5441116690635681,226,270
-0.45178080483017324,0.5761806289495482,0.0621999120596875,87.82182208891669,177.79501047805277,0.5441029965877533,226,270
-0.452396966481537,0.5759857722167531,0.06179440286760804,87.65523415536921,177.7693056656759,0.5440579503774643,226,270
-0.45634393004539625,0.5705003888607084,0.057078229407656084,87.63619227491033,177.77845586931886,0.5437863171100616,226,270
-0.453072376500665,0.5735672478931556,0.0602474356962453,87.35256360403775,178.14083578352304,0.5438301116228104,226,270
-0.45173433756415693,0.5713018195912355,0.05978374101353928,87.28902935372653,177.8911852474102,0.543853759765625,226,270
-0.45451004792487526,0.577765325630181,0.06162763885265288,87.80619568134486,178.12138978775667,0.5438156723976135,226,270
-0.4572596427652653,0.5745943368768698,0.05866734705580223,87.59888783386516,178.28683157865746,0.5439259111881256,226,270
-0.45907770075721754,0.5733833512782484,0.057152825260515405,87.81883078671818,178.7637587969362,0.544152095913887,226,270
-0.46267143881761397,0.5716696500511222,0.05449910561675414,87.41219560395862,178.72127647474935,0.5442315638065338,226,270
-0.4676913254056233,0.5741925427367125,0.053250608665544596,86.79577675288881,179.0995382848095,0.5443089455366135,226,270
-0.4608693049098484,0.5726739429257439,0.05590231900794776,86.73290270730936,178.68644738045663,0.5445108264684677,226,270
-0.4595500722149677,0.5704428475595776,0.055446387672304975,86.27510479019213,178.5098644720764,0.5445020794868469,226,270
-0.46228027200617966,0.5621964162481702,0.04995807212099526,86.95560361677516,178.3398073595075,0.5445102155208588,226,270
-0.45996673338939054,0.5718258027942563,0.05592953470243289,86.4879774759772,178.64736305190155,0.5445962250232697,226,270
-0.46208574015651743,0.5738047464558572,0.05585950314966989,86.6812105755912,178.65863048160364,0.5444184839725494,226,270
-0.4634882751244563,0.5701188112790904,0.05331526807731704,86.64348009998457,178.67907149448408,0.5442981719970703,226,270
-0.46191215337142905,0.5713154720543324,0.054701659341451686,86.77949946627577,178.7398385030639,0.5443082749843597,226,270
-0.4641957373287206,0.5721274806646067,0.05396587166794306,86.96877389003971,178.5867270036375,0.5442686378955841,226,270
-0.46752439583444577,0.5505159553123214,0.04149577973893784,86.42264646697785,177.21267360041938,0.543702706694603,403,270
-0.4728076734397978,0.550164740046033,0.0386785333031176,86.4079545565989,177.5758068417901,0.5435650646686554,403,270
-0.47126432586823075,0.5512922802295185,0.04001397718064387,86.61057881712149,177.8414046977959,0.5435460656881332,403,270
-0.4685136165536671,0.548042969850961,0.03976467664864697,86.71134041052593,177.696724879845,0.5435006767511368,403,270
-0.4734392146388561,0.5488210775372293,0.037690931449186615,86.72942535808258,177.95693877107644,0.5433742702007294,403,270
-0.47632195902763297,0.543853064992461,0.033765552982414015,86.58297009793593,177.90965412742813,0.5433496981859207,403,270
-0.47786583635382746,0.5488299254681406,0.03548204455715656,86.83833433281623,177.97943293189095,0.5433524549007416,403,270
-0.477847216721599,0.5476381346466973,0.03489545896254914,86.9060272462199,178.17106164374073,0.5433210134506226,403,270
-0.47782448136172073,0.5446941176101047,0.03343481812419197,86.83864399778886,178.05782067956412,0.5432843714952469,403,270
-0.47788344180212855,0.5427442863139192,0.03243042225589535,86.43508294569696,178.15246273760363,0.5432943850755692,403,270
-0.4793126654978492,0.5454584088904346,0.03307287169629272,86.67217401108492,178.56629204414924,0.5434483587741852,403,270
-0.4796026325112328,0.5427644034657586,0.0315808854772629,86.69736954991528,178.66155890544317,0.5435730665922165,403,270
-0.4771092528024121,0.5394189837504009,0.031154865473994375,86.66454139985728,178.36932988057842,0.5436156988143921,403,270
-0.4789196165517325,0.5411115073121382,0.031095945380202855,86.47586848437594,178.53323565273809,0.5436955094337463,403,270
-0.4814295152792502,0.5396492322112466,0.0291098584659982,86.55645989136033,178.58304553021102,0.5437095314264297,403,270
-0.48213443788369764,0.5409039715570626,0.02938476683668248,86.56566210831076,178.12497880273602,0.5437661409378052,403,270
-0.4810869819403556,0.5481473767898227,0.033530197424733565,86.72704124040325,178.462780047841,0.5439455509185791,403,270
-0.4820638443583178,0.5487515528038942,0.03334385422278821,86.70146526995154,178.5633418892431,0.543992355465889,403,270
-0.4833982361440503,0.5421415012870722,0.02937163257151093,86.96809132701952,178.11051463446228,0.5439374446868896,403,270
-0.47955146740531,0.5469170374526043,0.03368278502364716,86.81657736612351,177.71982601684988,0.5440173298120499,403,270
-0.48124098907130586,0.5444613035537008,0.03161015724119748,86.42263058026008,177.83738579354744,0.5440294146537781,403,270
-0.4839297895193078,0.5442971612759598,0.03018368587832601,86.66405902649157,177.82860310985433,0.5439895540475845,403,270
-0.48540296802328287,0.547819412509309,0.031208222243013062,86.55756435279598,177.96872641793107,0.5439690798521042,403,270
-0.48304479109068743,0.5436395872208832,0.030297398065097902,86.66009090495704,177.83603348784015,0.5439678430557251,403,270
-0.48340292137694446,0.5488808356186351,0.03273895712084532,86.6654646497503,178.14182570736355,0.5439791977405548,403,270
-0.4833672422610051,0.5493398930187045,0.032986325378849685,86.62185450577701,178.07636980262694,0.5439945012331009,403,270
-0.4823394920212253,0.5468654402038663,0.03226297409132051,86.53780726137225,177.97871322854402,0.5439259260892868,403,270
-0.48226298614219953,0.5481919149368365,0.03296446439731848,86.49015003112734,177.75793510873822,0.5439809113740921,403,270
-0.4816480144351891,0.5480707170449257,0.0332113513048683,86.38216810284317,177.75533341439998,0.5440042018890381,403,270
-0.48466703002806416,0.5473376770546974,0.03133532351331661,86.57176095661634,178.1226463262614,0.5439256727695465,403,270
-0.4817262820011065,0.5468054869257586,0.03253960246232604,86.65984968933007,177.7600005123783,0.5439825505018234,403,270
-0.4813959176571237,0.5478331131984,0.03321859777063815,86.47200241273345,177.78719666244027,0.5439963489770889,403,270
-0.4813054616266063,0.5482116367081559,0.03345308754077478,86.33507621163508,177.94204447759606,0.5440146178007126,403,270
-0.479355750075812,0.5453488809015826,0.032996565412885315,86.19182394378996,178.14566763897787,0.5440119057893753,403,270
-0.4877135819176197,0.5266212996026134,0.01945385884249684,86.5406204408726,177.13527603173978,0.5432279109954834,579,270
-0.4898704211550243,0.5226075501628813,0.016368564503928484,86.35390190996085,177.1828450842974,0.543181836605072,579,270
-0.4948219460231571,0.5224215206004537,0.01379978728864828,85.96674782054242,177.21844560070278,0.5431004166603088,579,270
-0.4969240843819108,0.5217193252598684,0.012397620438978796,86.34769743360003,177.1116784711878,0.5431302487850189,579,270
-0.49520925637635543,0.5229901557865275,0.013890449705086044,85.98274218676548,177.24481381211655,0.5431223064661026,579,270
-0.4931357636806419,0.522634386915447,0.014749311617402533,85.74345878595113,177.35657242395888,0.543026939034462,579,270
-0.4928577071437864,0.5241511858501905,0.015646739353202044,86.21234845301697,177.22539350156106,0.5430319607257843,579,270
-0.4961456969697251,0.5248806648492248,0.014367483939749848,86.16342147881372,177.25114213077595,0.5430071353912354,579,270
-0.4975977211718257,0.523421652663526,0.012911965745850157,85.83857891779849,177.14803423540852,0.5429770648479462,579,270
-0.49842182121495304,0.5239591634545616,0.012768671119804287,85.79345592344856,177.19089621755094,0.5429371893405914,579,270
-0.4978998681664832,0.5233890996804319,0.012744615756974359,86.01783509560404,177.34914313504885,0.5429330170154572,579,270
-0.49524434990753013,0.5218460461840475,0.013300848138258686,86.11121087048289,177.53362076694063,0.5428615063428879,579,270
-0.4925371797912278,0.5214923390314267,0.014477579620099434,86.14698236027712,177.47398472791443,0.5428716540336609,579,270
-0.49439632866025135,0.521942389653178,0.013773030496463307,86.21501706114746,177.32024996781232,0.5427583307027817,579,270
-0.4938798304034689,0.5230034096882895,0.014561789642410311,86.15138426117514,177.2067363787205,0.5427580624818802,579,270
-0.49414927276975673,0.5234398753738595,0.014645301302051383,85.9314638152421,177.25009736033124,0.5426549166440964,579,270
-0.4957910312584337,0.5209661367797778,0.012587552760672027,86.1053152262417,177.27621688743895,0.5426981747150421,579,270
-0.4972847560418019,0.5194523215267924,0.011083782742495274,86.08582289725263,177.44623285940267,0.5426815748214722,579,270
-0.49693492204542256,0.5209003939770168,0.011982735965797131,86.22164618358659,177.32384853408774,0.5426246076822281,579,270
-0.4942967564329273,0.5181030786781644,0.01190316112261855,86.18476252007528,177.4440578250873,0.5426813364028931,579,270
-0.49340706253120103,0.522017443513457,0.014305190491127995,86.0995277025149,177.37523409139158,0.5425450503826141,579,270
-0.4964629926458193,0.5247388584158168,0.01413793288499876,86.0620524890877,177.1426524974871,0.542616605758667,579,270
-0.49711351395074715,0.5222962080202563,0.01259134703475459,86.06498155133863,177.03029397320407,0.5425891429185867,579,270
-0.49900973644114655,0.5207525600307985,0.01087141179482598,86.19373390794226,177.0330506471376,0.5425247102975845,579,270
-0.4982751139400578,0.5135004344008198,0.007612660230381013,85.68372657240236,177.03623253165392,0.5424586236476898,579,270
-0.49874080587786185,0.5137513130962968,0.007505253609217499,85.87589290057454,177.05614245272926,0.5422336012125015,579,270
-0.4983062498672837,0.517601876885244,0.009647813508980113,85.93230367622756,177.26991899699757,0.5422516465187073,579,270
-0.4965194921775075,0.5228284686503819,0.013154488236437195,85.95169888591164,177.59277542638915,0.5421912968158722,579,270
-0.49724820265665265,0.516507140664148,0.009629469003747698,85.92513137911054,177.324238077129,0.5421214997768402,579,270
-0.5103134396558457,0.5024621117281353,-0.0039256639638552415,85.28952289087056,178.21169537526066,0.5401043593883514,756,270
-0.5148327872451106,0.5053025501593396,-0.004765118542885527,85.3783090329547,177.2297475041481,0.539940744638443,756,270
-0.5180784546140259,0.5033913003859656,-0.007343577114030164,85.60492274576956,178.26530840175852,0.5400371700525284,756,270
-0.5145647739048055,0.5025003001484535,-0.0060322368781760005,85.63845632004669,177.53214997133466,0.5399780869483948,756,270
-0.5083446660894247,0.5026305957883694,-0.0028570351505276537,85.89288877904421,177.97605385028902,0.5400253236293793,756,270
-0.5073955058266605,0.5069085932307801,-0.0002434562979402033,85.8878249549994,177.6005762010558,0.5401431322097778,756,270
-0.5104231104214894,0.5094675434305572,-0.00047778349546606647,86.10773469887059,178.0753913988773,0.5401712656021118,756,270
-0.5058517159863342,0.5059950946895688,7.168935161733225e-05,86.08414634098403,177.81953582002004,0.5401194095611572,756,270
-0.5052077099344681,0.5060136642577099,0.0004029771616209099,86.13102583976678,177.85087969761992,0.5401000380516052,756,270
-0.5037862194532615,0.5069212515626544,0.0015675160546964606,86.1847430872239,177.71531350336454,0.5401489734649658,756,270
-0.5016534254712343,0.5075182558519471,0.002932415190356419,85.79114198705028,177.5952466475754,0.5401237308979034,756,270
-0.5018781692788814,0.5086384228537721,0.00338012678744537,85.55026837703696,177.82287804807228,0.5401751101016998,756,270
-0.501110429372196,0.506483109515726,0.002686340071764992,85.66115800723935,177.54867642613786,0.5401537865400314,756,270
-0.5010373746558496,0.501332404261046,0.00014751480259816985,85.65034346005625,177.40644511962645,0.5401596128940582,756,270
-0.5004681099000167,0.5029082645463014,0.0012200773231423878,85.70912803062299,177.40286622894493,0.5402505993843079,756,270
-0.5002453104495936,0.504310971253114,0.002032830401760166,85.54553682189021,177.23555313636678,0.5402691513299942,756,270
-0.5019657996431227,0.5038157538171821,0.0009249770870297103,85.49256866433808,177.57106443525169,0.5402175933122635,756,270
-0.49944171574156504,0.5035573335517929,0.0020578089051139226,85.84463591962215,177.26635012505406,0.5402930825948715,756,270
-0.4983811810059059,0.5047951978258505,0.0032070084099722895,85.4323993773727,176.88094138090767,0.5403480529785156,756,270
-0.49777666143329885,0.5065536610244308,0.004388499795565964,85.42437084165398,177.11730261044082,0.540376290678978,756,270
-0.49855823343077554,0.5057747708673933,0.0036082687183088824,85.79080110323127,177.14175555016732,0.5404130071401596,756,270
-0.49980337902082866,0.5055326007210831,0.0028646108501272083,85.73475129006465,177.1550150085016,0.5404178500175476,756,270
-0.5015091214751505,0.5048693728423993,0.0016801256836244116,85.97951742240983,177.19092972003082,0.5403771102428436,756,270
-0.5017466670425283,0.5064004891581358,0.002326911057803749,86.01636455493534,177.14737409499952,0.5403835773468018,756,270
-0.49880456669407985,0.5045462129087731,0.002870823107346626,85.85862819268812,176.91773954427964,0.5404490530490875,756,270
-0.5018962548711524,0.5079045201387337,0.003004132633790624,86.1981929066194,177.21661072654643,0.5403682440519333,756,270
-0.5008246237872722,0.5034177127570356,0.001296544484881701,85.97892444608743,176.9081614524212,0.5404431521892548,756,270
-0.5043680782219288,0.5073802126665004,0.0015060672222858007,86.06830913835879,177.16844134594842,0.5403767079114914,756,270
-0.5012792996641747,0.5082825216744168,0.0035016110051210303,85.97911725460315,177.1214920846498,0.5404473096132278,756,270
-0.5020672592860395,0.5080727155914763,0.0030027281527184035,85.97079226850568,177.32909395246966,0.5404660850763321,756,270
-0.5023976138106284,0.5112128898600676,0.004407638024719607,85.51096461579696,177.4863183138891,0.5404543876647949,756,270
-0.5030494353332843,0.5088003264849937,0.0028754455758547293,85.67622074110642,177.23441103851965,0.5405384451150894,756,270
-0.5027134482809774,0.5041620978485897,0.0007243247838061295,85.29610986784056,176.85435408483383,0.5404995381832123,756,270
-0.5200037892872873,0.48341182910935504,-0.01829598008896613,85.00569829022518,176.4125577706707,0.5395731329917908,932,270
-0.5242514323359386,0.4810368711517922,-0.021607280592073203,84.91781339965105,176.36653092564504,0.5393367409706116,932,270
-0.5268648456476799,0.4765018161295731,-0.02518151475905339,85.10563237714767,176.53584025115987,0.5391795933246613,932,270
-0.52261139368562,0.4744521119761084,-0.024079640854755807,85.18025488076265,176.2427353978175,0.5391785204410553,932,270
-0.5227755059952911,0.47608796715755924,-0.02334376941886593,85.04333013743229,176.401433257667,0.5391405373811722,932,270
-0.522483758672582,0.47623188330649535,-0.02312593768304333,85.16975380756716,176.2048674215031,0.5391635149717331,932,270
-0.5220994115090182,0.4799709111654486,-0.021064250171784787,84.87726830375627,176.33038621445937,0.5391776412725449,932,270
-0.5235857959185115,0.47850322479140467,-0.02254128556355342,84.80857437047379,176.62143159425958,0.539188876748085,932,270
-0.5195332846898486,0.4810437961294108,-0.01924474428021891,84.73767872254528,176.5732172788189,0.5391955077648163,932,270
-0.5159501197461682,0.4845950457694641,-0.01567753698835206,84.54274190445071,176.5450258964296,0.5393426418304443,932,270
-0.5167853436566918,0.48345622049598297,-0.016664561580354426,84.41707101321035,176.0617463495648,0.5393883436918259,932,270
-0.5220313712423698,0.4837885854677049,-0.019121392887332417,84.60544293442935,176.17251936196163,0.5392248183488846,932,270
-0.5214016531817418,0.48792994762116537,-0.01673585278028822,84.70176463402302,176.54473185464914,0.539203867316246,932,270
-0.523178309063342,0.4812577820742217,-0.020960263494560122,84.62217787932042,176.44353413372508,0.5391606092453003,932,270
-0.5227692965516851,0.4817053495360336,-0.020531973507825763,84.78624877090166,176.61543876786521,0.5390789955854416,932,270
-0.520156834763916,0.48569557755152853,-0.01723062860619376,84.92407647625609,176.7252292292171,0.5390588194131851,932,270
-0.5215795475810517,0.4809241666130606,-0.020327690483995575,84.5674518367789,176.3416179848256,0.5390548855066299,932,270
-0.5228707167843303,0.4817551844192204,-0.02055776618255495,84.66150222157333,176.48247893639729,0.5389416366815567,932,270
-0.5209627593162378,0.480905695574097,-0.0200285318710704,84.64772217073931,176.46766352807924,0.5390083193778992,932,270
-0.5214897746220692,0.4829510989212218,-0.01926933785042373,84.5916232849307,176.32847288905137,0.5389745086431503,932,270
-0.5209518633678395,0.4852296237840749,-0.01786111979188229,85.04173814936271,176.48962160083337,0.5389482378959656,932,270
-0.5190866932759162,0.4867732564916963,-0.016156718392109942,85.13560032702902,176.55748004881428,0.5388412922620773,932,270
-0.5311928247726942,0.45478957952068805,-0.0382016226260031,84.70793681032723,175.53109282677894,0.5374785810709,1109,270
-0.5231874303991373,0.4564558030383956,-0.03336581368037084,84.60746089354464,175.12797296223746,0.5374365299940109,1109,270
-0.5236795223027936,0.45559913398603596,-0.034040194158378806,84.51267947710889,175.31242319320873,0.5374466925859451,1109,270
-0.5231181485998961,0.4571299562826964,-0.032994096158599856,84.51798781079448,175.04486464235814,0.537365272641182,1109,270
-0.529105062523994,0.45885344438719716,-0.035125809068398434,84.4526916823803,175.1322413121928,0.5371606647968292,1109,270
-0.5311738337124055,0.4579516405862248,-0.036611096563090334,84.42814876910842,175.05807408425534,0.5371567606925964,1109,270
-0.527092922932301,0.45756038892667833,-0.03476626700281135,84.5879975811645,175.37673729520145,0.5371858179569244,1109,270
-0.5283099496078641,0.4588205773220004,-0.034744686142931885,84.37261680758978,175.57717791889735,0.537148728966713,1109,270
-0.5305653255577496,0.45726187360912457,-0.036651725974312516,84.29812956444948,175.20013419422338,0.537056028842926,1109,270
-0.5273058474074398,0.4588107483965637,-0.03424754950543804,84.2435858673511,175.09788174652994,0.5369972884654999,1109,270
-0.5291454231743669,0.45197589596160265,-0.038584763606382105,83.96537966965569,175.07896141878058,0.5368784219026566,1109,270
-0.5295317510815281,0.4514398602153966,-0.03904594543306572,84.23157396325979,175.44178542087613,0.5368812531232834,1109,270
-0.5290925143552023,0.4578980394660126,-0.035597237444594865,84.1776047736407,175.52003824324544,0.5369553416967392,1109,270
-0.5287190249888327,0.45033221081238567,-0.039193407088223525,84.03753055437082,175.27480646184947,0.5368676632642746,1109,270
-0.5262416508907724,0.4540138281276895,-0.036113911381541436,84.18797750310245,175.0666923465409,0.5368013679981232,1109,270
-0.5246641022605946,0.4512488695455316,-0.036707616357531475,83.9628497028401,175.04227852958738,0.5365142673254013,1109,270
-0.5256906970784891,0.44830630762457047,-0.03869219472695934,84.01424890941823,174.89596462259567,0.5363282561302185,1109,270
-0.5237192876683584,0.44803601840313184,-0.03784163463261328,83.87747769217725,174.8642388676888,0.5362809002399445,1109,270
-0.5254167847715311,0.444903316242179,-0.04025673426467605,83.82422994460313,174.57191804645583,0.5361669659614563,1109,270
-0.5268976295253828,0.4507821912315757,-0.038057719146903535,83.97400980098033,175.30479187550253,0.5361387729644775,1109,270
-0.5314874114581262,0.44763294481622123,-0.04192723332095247,84.2007381673079,174.78042398071435,0.5361093580722809,1109,270
-0.5298471004462022,0.4532516853131023,-0.03829770756654996,84.05801534941533,175.19405225307665,0.5361736863851547,1109,270
-0.5349833304188597,0.4504926109662802,-0.04224535972628976,84.07192043126639,174.97758695551244,0.536040872335434,1109,270
-0.5322778301310253,0.45122752233247015,-0.04052515389927755,84.27910593462002,175.20333044140486,0.5360715985298157,1109,270
-0.5321891230307657,0.4490392953272897,-0.041574913851738005,83.96589047256009,175.21612811914787,0.5359627306461334,1109,270
-0.5342516952628666,0.45055523033872263,-0.041848232462072005,84.23699725917646,175.54834185404806,0.5358756482601166,1109,270
-0.5346409608543888,0.44645162081813833,-0.044094670018125254,84.12666883902432,175.1936730364451,0.5358236283063889,1109,270
-0.5353091520997233,0.45090885952635795,-0.04220014628668267,84.17158431006067,175.29884268823065,0.5358809530735016,1109,270
-0.5347178284822337,0.4525520172560971,-0.041082905613068293,83.9763865463097,175.24463755836226,0.5360149145126343,1109,270
-0.5362743905274462,0.45376036291052085,-0.04125701380846267,83.98573312947335,175.4323321378395,0.5358023345470428,1109,270
-0.5363432713702873,0.45204519873292337,-0.04214903631868194,83.8646499849192,175.32868501790819,0.535910427570343,1109,270
-0.5380398034369451,0.4513049402619858,-0.04336743158747966,83.93958491292034,175.3227445333179,0.5358936637639999,1109,270
-0.5365844974422015,0.4516372556773367,-0.042473620882432395,83.88233074850163,175.35250562182173,0.535909116268158,1109,270
-0.5336031652996464,0.44925720962273563,-0.04217297783845536,83.80175809431304,175.45714854732287,0.5358856916427612,1109,270
-0.5352681493129996,0.4453942916402156,-0.044936928836392,83.79273728658315,175.3374116380022,0.5359515249729156,1109,270
-0.5556676577841992,0.45252001339639575,-0.05157382219390175,84.46490090342812,177.27866882845873,0.5346377938985825,1285,270
-0.5532480143832829,0.4523506716805587,-0.05044867135136208,84.72780421075427,177.31843644795134,0.5347577631473541,1285,270
-0.5517975516160589,0.44580237000987016,-0.05299759080309438,84.16204124643895,176.69086681615758,0.5347680896520615,1285,270
-0.5511703097497455,0.449548408575353,-0.05081095058719623,83.79786654895598,176.73561245952948,0.5349413454532623,1285,270
-0.5493937662032753,0.45254323957920634,-0.04842526331203448,83.92724521993175,176.86583885879406,0.5349989533424377,1285,270
-0.5512674062180126,0.4470702835349106,-0.052098561341551025,83.87114756366032,176.4855060876668,0.5349389910697937,1285,270
-0.5505834938140111,0.44615980553185797,-0.05221184414107655,83.45331964086438,176.4337185644749,0.5349098891019821,1285,270
-0.5501861953212801,0.4401018859745492,-0.055042154673365457,83.5573731136875,176.16492717853527,0.5349795520305634,1285,270
-0.5501514423520749,0.43640289731600235,-0.056874272518036284,83.52235229417764,176.16062632280563,0.5350182205438614,1285,270
-0.5504973503429016,0.43358062673695347,-0.05845836180297406,83.40502315657594,175.68642476838212,0.5349497050046921,1285,270
-0.5527614130679193,0.43747479572583525,-0.057643308671042004,83.51287453906633,175.7424049607813,0.5349596440792084,1285,270
-0.5531288293813524,0.4444878902224115,-0.05432046957947048,83.73455705551183,175.83492680607583,0.5349569916725159,1285,270
-0.5531212746158929,0.44217858845262165,-0.05547134308163562,84.10941276628107,176.1801868949632,0.5348059833049774,1285,270
-0.5540573596321782,0.4421700605612612,-0.055943649535458495,84.14991084718802,176.35726106523873,0.5346873700618744,1285,270
-0.5528592662185612,0.4399687657997772,-0.056445250209392006,84.25230146654204,176.6091281212809,0.5346461981534958,1285,270
-0.5539179946491896,0.4456648828469618,-0.05412655590111387,84.13770937121002,176.2669160226252,0.5347320884466171,1285,270
-0.5574526378660167,0.44935586742208994,-0.054048385221963396,83.98733727384196,176.36931945744104,0.5347876101732254,1285,270
-0.5549987840751639,0.4465743340763602,-0.05421222499940184,83.81422670644162,176.59510542912275,0.5348736494779587,1285,270
-0.5515660254033774,0.45013570261585706,-0.05071516139376017,83.89706670628017,177.0952047581496,0.5351533889770508,1285,270
-0.549053215458832,0.45084960437674815,-0.04910180554104193,83.65353156053374,176.63269338822965,0.5352293401956558,1285,270
-0.5497230234074445,0.4475724101867441,-0.0510753066103502,83.50445346544146,176.2481180117477,0.5352149456739426,1285,270
-0.5513476021551,0.4509975364547136,-0.05017503285019323,83.59766402606448,176.65813426405208,0.5352243930101395,1285,270
-0.5515756892013695,0.4501347970768927,-0.050720446062238383,83.65270175435074,176.38115601178222,0.5352720767259598,1285,270
-0.552792812351927,0.44862315073098635,-0.05208483081047033,83.93462416744376,176.31552170164994,0.535265177488327,1285,270
-0.5530397733364681,0.45351939140483427,-0.049760190965816936,83.91507461682353,176.37343432809948,0.5352901369333267,1285,270
-0.5561415694762594,0.44747440311859304,-0.05433358317883316,84.1911104662277,176.2668487518408,0.5353404730558395,1285,270
-0.5523361666992049,0.4449522031719843,-0.053691981763610314,83.88776469377943,176.2842882877664,0.5353066921234131,1285,270
-0.5507540656072942,0.4452542503410412,-0.05274990763312651,83.65042717186293,176.28669538248067,0.5352929383516312,1285,270
-0.552657627242096,0.44368020812707304,-0.05448870955751148,83.655395828412,176.31554233585183,0.5353196114301682,1285,270
-0.553405183895326,0.44892756804884526,-0.05223880792324037,83.76888481834091,176.42678920717114,0.5353066474199295,1285,270
-0.5497984872572156,0.4464539729305479,-0.051672257163333846,83.60828230096092,176.4665794273539,0.5353025645017624,1285,270
-0.5535446520223166,0.44536262648013714,-0.05409101277108974,83.86363344201675,176.50865507624928,0.5352076143026352,1285,270
-0.5542441871613087,0.4280037833503321,-0.06312020190548831,83.4717835634107,175.88811063834322,0.5344775319099426,1462,270
-0.5521244524741609,0.42650615475790243,-0.06280914885812922,83.33618391530874,175.95648369654128,0.5343555510044098,1462,270
-0.5528586931450002,0.4222355780722315,-0.06531155753638437,83.44999349939806,175.75523307033583,0.5342675894498825,1462,270
-0.554443855160245,0.42085576322991686,-0.06679404596516406,83.29653537899026,175.58952970834653,0.534296065568924,1462,270
-0.5542155275762796,0.4171057856092706,-0.06855487098350449,83.3458234507994,175.4353819637555,0.5340704321861267,1462,270
-0.5560504529850093,0.4146458028043825,-0.0707023250903134,83.07501956254313,175.17797289903794,0.5341924726963043,1462,270
-0.5593914886669191,0.4204996927903834,-0.06944589793826786,83.38944776135484,175.73267450560158,0.5340433418750763,1462,270
-0.5580910393788275,0.4248074232785952,-0.06664180805011616,83.16078517657388,175.60005542219014,0.5341265499591827,1462,270
-0.5588407182842797,0.4259888453456012,-0.06642593646933925,82.9790524895748,175.87736741710148,0.5340143144130707,1462,270
-0.5600173318005884,0.423821245840497,-0.06809804298004571,82.8752225335817,175.48903589453298,0.5340089052915573,1462,270
-0.5563855774460358,0.42169332433022105,-0.06734612655790737,82.76995608951796,175.56920380110304,0.5338681936264038,1462,270
-0.5590266207180542,0.4232696618420068,-0.06787847943802369,82.92380189229978,175.5599702719729,0.5338812321424484,1462,270
-0.5603082822563477,0.42369248814206406,-0.0683078970571418,82.98513476154312,175.647287281771,0.5338377803564072,1462,270
-0.5595735349629148,0.4213299203383144,-0.06912180731230022,83.04994292007355,175.66322510944536,0.5337872803211212,1462,270
-0.5602935212480334,0.4311478428721147,-0.06457283918795936,83.18258442333038,176.18556833009177,0.5337706506252289,1462,270
-0.5602855255125928,0.4158221310114932,-0.07223169725054981,82.9977316360138,175.36948856749643,0.5337728708982468,1462,270
-0.5622404932500922,0.42846593537181715,-0.06688727893913751,83.17868527477057,175.47135968084427,0.5338840186595917,1462,270
-0.560720076064798,0.42117841406039236,-0.06977083100220283,83.176960813394,175.7709132492543,0.5336865186691284,1462,270
-0.5604596535715028,0.42316147984329494,-0.06864908686410395,83.35006570730235,175.5188257874204,0.5337179750204086,1462,270
-0.5599258382692067,0.4256466821568454,-0.06713957805618065,82.97407634091837,175.04687293372533,0.5338380336761475,1462,270
-0.5574457704031031,0.4275218282940924,-0.06496197105450532,82.9738528212473,175.3061961630602,0.533771350979805,1462,270
-0.5567045664690521,0.4215689535243492,-0.06756780647235144,82.25321326007557,174.7849865639832,0.5337928831577301,1462,270
-0.5566623055440512,0.4150364664168571,-0.07081291956359703,82.42074206944832,174.72549168898436,0.5337769836187363,1462,270
-0.5601613728714611,0.42027013315967915,-0.06994561985589096,82.5381324134718,175.0385974124373,0.5338536202907562,1462,270
-0.5572629742349445,0.4174097687289719,-0.06992660275298632,82.477048439095,174.74159682676824,0.5338798761367798,1462,270
-0.5583060262441338,0.41964826783046977,-0.06932887920683203,82.96538128956686,175.0177459379324,0.5338717103004456,1462,270
-0.5582441766937624,0.42262426336913905,-0.06780995666231165,82.46872407098506,174.89030071505118,0.5339371263980865,1462,270
-0.5582680648751678,0.42279462824277486,-0.06773671831619646,82.63337241695687,174.72913716954346,0.5338973999023438,1462,270
-0.5589093669584451,0.42237595485424984,-0.06826670605209761,82.70334616172696,174.60417991567502,0.5338285118341446,1462,270
-0.5566841696542056,0.41860344258094967,-0.06904036353662799,82.34494164561417,174.33163482083052,0.5338096469640732,1462,270
-0.5560218916485052,0.41836592715861554,-0.06882798224494485,82.42215544507773,174.21405748189952,0.5337706655263901,1462,270
-0.5596461254737697,0.421401692800153,-0.06912221633680835,82.34368731260743,174.3872619720516,0.5337395370006561,1462,270
-0.558753466898917,0.4237704252223176,-0.0674915208382997,82.20146610342118,174.61108592181992,0.533766582608223,1462,270
-0.4655860446213564,0.5727526584642468,0.05358330692144522,85.84414707551964,176.84919716445225,0.5421479344367981,50,491
-0.46331815852719177,0.5724350790288969,0.054558460250852564,85.66095246344446,176.71776793637147,0.5422574877738953,50,491
-0.4484753385397768,0.5820616275330156,0.06679314449661941,86.23326850981309,175.73302697127073,0.5426230877637863,50,491
-0.44582420074528817,0.5779203041666753,0.06604805171069356,85.42657724775569,176.3364389146386,0.5425562411546707,50,491
-0.45209775699910837,0.5789610828734262,0.0634316629371589,85.98511739814424,175.92957231958195,0.5426197350025177,50,491
-0.4443500963345165,0.5851495836596494,0.07039974366256646,85.98668602738408,175.99449562897752,0.542706623673439,50,491
-0.4500011638823451,0.5838344702821031,0.066916653199879,86.01968399481112,176.58533877916148,0.5426413416862488,50,491
-0.44419771520759166,0.5860823649020306,0.07094232484721946,86.37222073861574,176.23652849404417,0.5428592711687088,50,491
-0.4500977373434526,0.5757729723270434,0.0628376174917954,85.8800520094474,176.46582641622177,0.5427345186471939,50,491
-0.4470800495147508,0.5807737562728578,0.0668468533790535,86.2541886832559,176.1909847144158,0.5429708361625671,50,491
-0.43935090370656193,0.5786145198885249,0.06963180809098146,85.85998221509061,176.37388514298655,0.5430047065019608,50,491
-0.44429824428821857,0.5818992081723392,0.06880048194206032,86.2579298539529,176.31274285174536,0.5430042445659637,50,491
-0.4390777506992431,0.5825176230344333,0.07171993616759512,86.09537253255598,176.22384226492548,0.5431037843227386,50,491
-0.43670533177277915,0.5804332311507183,0.07186394968896959,85.86940808818107,175.95798565168585,0.5431392788887024,50,491
-0.4352828950730535,0.5827285339108932,0.07372281941891984,86.10315680276821,176.0635141354633,0.5432446748018265,50,491
-0.43466368344360773,0.5825495871036886,0.07394295183004046,86.15606710768662,175.94148696837303,0.5433643460273743,50,491
-0.44180230164739065,0.582283819016834,0.07024075868472168,86.2727716035597,175.89216226054134,0.5432811230421066,50,491
-0.43421363814174796,0.583673587849416,0.07472997485383404,85.88956509028691,175.9685996729159,0.5432535409927368,50,491
-0.4382842806355763,0.5837721849857544,0.07274395217508908,85.99475989065033,176.16730809941603,0.5432652235031128,50,491
-0.4342136508280478,0.5851303886821781,0.07545836892706517,86.19420438274881,175.55288187389078,0.5433682799339294,50,491
-0.4374120930932434,0.5848805807695279,0.07373424383814223,85.89472078518799,176.3614174758928,0.5432792454957962,50,491
-0.44291844053034435,0.5852425286880389,0.0711620440788473,86.0477157491325,175.87843019173215,0.5432600229978561,50,491
-0.44161325026402354,0.5789827583721625,0.06868475405406949,86.17892955915465,175.77549572532155,0.5431456714868546,50,491
-0.43989734679683457,0.579263262940292,0.0696829580717287,86.27578875237742,175.72782131600744,0.5430091321468353,50,491
-0.44340040779936124,0.5780035118662012,0.06730155203342,86.09645734246082,176.26936677797505,0.5428685247898102,50,491
-0.4434029745785908,0.5726626178516365,0.06462982163652287,85.95831982187525,175.84104791779342,0.5428798347711563,50,491
-0.4545034916944772,0.5699472844465138,0.057721896376018295,85.87686291319463,176.39997297093478,0.5426096469163895,50,491
-0.4464760496968502,0.570762996916584,0.06214347360986694,86.49811935544093,175.49697746138492,0.5428701937198639,50,491
-0.44860986300318795,0.570522105177745,0.06095612108727855,86.19316642635081,175.89602381883896,0.5427736043930054,50,491
-0.4500155044273323,0.5731761653363512,0.06158033045450945,86.16797896363869,176.03411040980893,0.5427449643611908,50,491
-0.4525050843561847,0.5720211797684758,0.05975804770614554,86.28772844804122,176.1045022251525,0.5426761507987976,50,491
-0.4534233063356095,0.5729220758038219,0.05974938473410621,86.03318911660146,176.29898677727323,0.5426017343997955,50,491
-0.4518327908917661,0.5767858534219557,0.06247653126509478,85.88171114694984,175.979303185848,0.541856974363327,226,491
-0.45883241379604356,0.5704732336026165,0.05582040990328646,86.17953488095915,176.35128437403884,0.5414591580629349,226,491
-0.45901655728186896,0.5717925002901408,0.056387971504135936,86.31289316189464,176.3321028078188,0.5413454920053482,226,491
-0.46334199201547077,0.5723172524774096,0.05448763023096942,86.41749890425614,176.6531538859965,0.541265681385994,226,491
-0.4615490382790465,0.5732721738104594,0.055861567765706444,86.3740883708938,176.37077153898088,0.5412600636482239,226,491
-0.46863032503179824,0.5721758218902661,0.051772748429233906,86.49697067162003,176.3703578851787,0.5411491692066193,226,491
-0.471289662689946,0.5676722992507994,0.04819131828042672,86.46559241188989,176.5430194948996,0.5411845445632935,226,491
-0.47334026731479295,0.5616418299020087,0.04415078129360789,86.25539339863784,176.60622483204034,0.5411928296089172,226,491
-0.468713153158178,0.5664611385907213,0.04887399271627166,85.99445135407194,177.0091927386856,0.541363000869751,226,491
-0.46635913963661807,0.5694246507411974,0.05153275555228967,86.01246673946741,176.85860728036755,0.5414314419031143,226,491
-0.46741850139012814,0.5705401295662582,0.05156081408806504,86.3278118067672,177.0212704740324,0.5414986610412598,226,491
-0.46753625800669985,0.5659534905603134,0.04920861627680678,86.35606821290753,176.8346059826313,0.5415041446685791,226,491
-0.4680243678344783,0.564344563213612,0.04816009768956686,86.65036564951794,176.606656958718,0.5414761751890182,226,491
-0.46954361220397706,0.5654140708514716,0.04793522932374725,86.59222439516707,176.66058038074382,0.5413998067378998,226,491
-0.46979118789509566,0.5569749642208282,0.043591888162866244,86.36317478747831,176.2894030862073,0.5412809550762177,226,491
-0.47587657593672406,0.558738633102816,0.04143102858304598,86.35734789431805,177.0558686300426,0.5410884320735931,226,491
-0.4743705415692875,0.5563176604604605,0.040973559445586505,86.19981740296501,176.88612912633678,0.5409613847732544,226,491
-0.47077235103172327,0.5542245053647951,0.041726077166535896,86.11183155857856,176.6778784397687,0.5409308224916458,226,491
-0.4718220314106245,0.5513023957683953,0.03974018217888542,85.82505525184142,176.91958092996614,0.5408328920602798,226,491
-0.4735294286701649,0.556928737135472,0.04169965423265354,85.48426096860436,176.93220689002192,0.5409947782754898,226,491
-0.47848551794927247,0.5516487159227156,0.03658159898672156,85.26351948822898,177.47552794868454,0.540887638926506,226,491
-0.47651265070475135,0.5535636118343377,0.03852548056479316,85.39374435069317,177.10710436448343,0.541325256228447,226,491
-0.47909926849220236,0.5477467341901944,0.03432373284899601,84.94700132452454,177.2847921717054,0.5416174829006195,226,491
-0.47290508777938806,0.5580893252180613,0.04259211871933663,85.43074966963803,176.70367921931708,0.5423378050327301,226,491
-0.474573679094599,0.5601345631908097,0.04278044204810533,85.80664561333843,177.07874126372204,0.5425314009189606,226,491
-0.4700080961196227,0.556579351654992,0.04328562776768463,85.27653854283022,177.13912438458848,0.5425138175487518,226,491
-0.47699360116459527,0.5552932034715883,0.039149801153496505,85.46474998893852,176.9316134424284,0.5425040870904922,226,491
-0.46780844539086414,0.5557903650054922,0.04399095980731402,85.28407927484994,176.3232884994529,0.5428444892168045,226,491
-0.46437813381127035,0.5565656776544161,0.04609377192157288,84.84767291751186,176.4609035607943,0.5427931249141693,226,491
-0.46120135818422225,0.563398755421444,0.05109869861861088,84.69446256436035,175.99648347695114,0.5429230183362961,226,491
-0.45994508548429114,0.558101869033284,0.04907839177449641,84.63324220936406,175.82936836059835,0.542743131518364,226,491
-0.4531178277826069,0.5696939027562402,0.05828803748681666,84.64358796491268,175.58242700837783,0.5423994362354279,226,491
-0.44770545973352904,0.5612120189068328,0.056753279586651884,84.13050919506546,173.98598000841542,0.541912779211998,226,491
-0.44492368101183116,0.5705677855365591,0.06282205226236395,83.92253718512718,173.61820625286956,0.5408739298582077,226,491
-0.48091620891783726,0.5378116412695788,0.028447716175870774,85.2949512555001,174.58581755527325,0.5365296453237534,403,491
-0.48215452505963996,0.5450079320661209,0.03142670350324045,84.96498405934203,174.09515438593684,0.5368604511022568,403,491
-0.4830304359120431,0.5459194822153097,0.03144452315163332,84.26135678188555,173.48836088093063,0.5370340198278427,403,491
-0.4838408806354592,0.5380106331784301,0.027084876271485453,83.882329033746,173.50045493216243,0.5373653620481491,403,491
-0.48532109614280916,0.5439819888267232,0.02933044634195703,83.77442409301736,173.6060462778209,0.5378933846950531,403,491
-0.488257505350734,0.5452801750197929,0.028511334834529445,84.3159772549221,173.57180638041106,0.5383645296096802,403,491
-0.49447553954799467,0.5391125505107593,0.02231850548138234,84.39348777078973,173.4582548604902,0.5386326014995575,403,491
-0.4919007722095234,0.5510345869705069,0.029566907380491753,83.7147880657444,174.91542703981986,0.5392721146345139,403,491
-0.49147503163530776,0.5433190472927777,0.025922007828734966,83.84119333002694,173.7019665590022,0.5396998822689056,403,491
-0.4819593429758671,0.5473525162560737,0.0326965866401033,84.50689515828722,174.42843639281875,0.5399702191352844,403,491
-0.4857740530594957,0.5555812302130522,0.03490358857677822,84.40030443099118,174.69820476498487,0.5400090366601944,403,491
-0.47107306757527073,0.5515399603857397,0.04023344640523449,84.77227836336425,174.64307451641073,0.5395564585924149,403,491
-0.4722611152345791,0.5362905832333106,0.032014733999365746,85.00911843031751,173.35459527079823,0.537879005074501,403,491
-0.4650632537155998,0.5386114972556845,0.03677412177004233,85.55772106136982,174.88229332454426,0.5370367020368576,403,491
-0.4687185817139529,0.5450769020477604,0.03817916016690373,86.7260061187265,174.94272658296322,0.5367631167173386,403,491
-0.47074149256867476,0.5441352819144823,0.036696894672903796,85.79310355062606,174.96892322863846,0.5364995747804642,403,491
-0.46844648720302573,0.5448886648009729,0.03822108879897357,85.66490076268606,174.4326148237024,0.536450982093811,403,491
-0.4767873398063356,0.5476042472090538,0.03540845370135909,85.79726908631174,176.11854055312122,0.5365936011075974,403,491
-0.4721611053529165,0.5498790744470593,0.0388589845470714,84.95889076171656,175.63596396779985,0.5363454073667526,403,491
-0.4690452485195367,0.5482979202110256,0.03962633584574446,85.31980726974908,175.79659357444788,0.535784587264061,403,491
-0.4702001144116206,0.5503517802809857,0.04007583293468259,85.49293200124669,175.92779755068878,0.5357201844453812,403,491
-0.47069346816346647,0.5518385109828668,0.04057252140970019,86.00607583400424,175.8191379124593,0.5357849448919296,403,491
-0.4769553436604491,0.5545701678332603,0.03880741208640559,86.06874331906266,176.8968946200124,0.5364200621843338,403,491
-0.47486434422691537,0.5489665778325444,0.03705111680281453,86.08943582016056,176.43064022589869,0.5369241833686829,403,491
-0.48011359315377367,0.543709595160379,0.031798001003302656,85.54416892353453,176.8532501725417,0.5370818227529526,403,491
-0.47741368749310703,0.5481765721579588,0.03538144233242588,85.33071908876029,176.78375188852505,0.5372083336114883,403,491
-0.47749343635109853,0.54359957688711,0.033053070268005746,85.5008571752932,176.53201744728102,0.5372360348701477,403,491
-0.47712970315059816,0.5446907895245245,0.03378054318696319,85.06949028008466,177.07316728302592,0.5373377799987793,403,491
-0.47800039712288317,0.5470028947393923,0.034501248808254587,84.80436564982992,176.80998501083732,0.5374350100755692,403,491
-0.4840946045743208,0.5440986968188777,0.030002046122278442,85.29663533084818,177.0282880370906,0.5376876890659332,403,491
-0.4884876741297117,0.5482617591831649,0.02988704252672658,85.95654787801192,177.35108451534379,0.5380358844995499,403,491
-0.4855486420166376,0.5471820039454517,0.03081668096440704,85.90410919274937,177.20189158297396,0.5383350700139999,403,491
-0.48214899663387817,0.5503347739819681,0.03409288867404495,85.99172147229767,176.19545717052821,0.5386000424623489,403,491
-0.42568704616891734,0.3850856949337651,-0.02030067561757612,86.15181921402613,166.2930589908425,0.5400547981262207,579,491
-0.4284884390792469,0.42264981450250894,-0.002919312288368975,86.76874005714302,169.210326473421,0.5412275046110153,579,491
-0.46371533014246635,0.4948634213639388,0.01557404561073622,83.3942303528479,176.11800853165335,0.5435061603784561,579,491
-0.4887067886351893,0.5144852664049188,0.012889238884864734,84.49885063714632,180.84682424599848,0.5439031720161438,579,491
-0.48725030997105645,0.5095663373289605,0.011158013678952028,85.55559383628017,179.35828259858778,0.5442927479743958,579,491
-0.49115057457638256,0.5162328506356174,0.012541138029617427,85.85363999934432,179.72788891275005,0.5445640832185745,579,491
-0.4958189625862059,0.5112601910747219,0.0077206142442579895,86.1188311331676,179.2410897055897,0.5447571128606796,579,491
-0.4985688277608958,0.5172284127808555,0.009329792509979867,85.70589064393845,179.415181449643,0.5447597056627274,579,491
-0.4955668779105067,0.5178315782622777,0.011132350175885486,85.51378572233835,179.4164991204832,0.5447374582290649,579,491
-0.49222051416696555,0.5203689612539394,0.014074223543486919,85.82943295480187,179.06084212425264,0.5448440909385681,579,491
-0.4929864415514788,0.5240839319168307,0.015548745182675933,85.72903687752435,179.0619474524018,0.5448906868696213,579,491
-0.48977860529516815,0.5198742930852622,0.015047843895047042,85.9510161249864,179.14955574779177,0.5448456853628159,579,491
-0.4895267501434656,0.5245870660463482,0.017530157951441305,86.17000451037406,178.59436319127283,0.5446099638938904,579,491
-0.4879188201390008,0.5201811991351789,0.01613118949808906,85.77286098706028,178.43925033113945,0.5440434366464615,579,491
-0.48519944274904214,0.5182459057111216,0.016523231481039735,85.37960670488866,178.2448159656947,0.5429766774177551,579,491
-0.47628519103841244,0.5251254387121443,0.024420123836865953,85.76313112301312,178.1253017615025,0.5426473170518875,579,491
-0.48696416583019936,0.517066672849571,0.015051253509685808,85.53852589140624,177.68055954374182,0.5420122891664505,579,491
-0.48571691281096313,0.519152934013251,0.016718010601143946,85.1992906020501,177.22556747490768,0.5416359007358551,579,491
-0.484364300992777,0.5191314952286538,0.017383597117938382,85.97330965084998,177.56668587703447,0.5413863360881805,579,491
-0.483393005496439,0.5157696968141198,0.016188345658840392,86.05426684019591,177.86682798645447,0.5414972305297852,579,491
-0.4839758292256834,0.5229996307921069,0.019511900783211744,84.91864115426593,177.63155342045815,0.5412440448999405,579,491
-0.48820005965536706,0.5225114955729462,0.017155717958789563,85.48745715142047,178.3606639507178,0.5411675870418549,579,491
-0.4892204568848144,0.5219184722143656,0.016349007664775594,85.50810280245315,178.22019011168922,0.541181668639183,579,491
-0.48702233146705587,0.5201705706926963,0.016574119612820237,85.24887775069342,177.30879135289427,0.5408443063497543,579,491
-0.48048726340975617,0.5240479063657082,0.02178032147797601,84.32031771808047,178.09648157788746,0.5406942814588547,579,491
-0.4788746334807697,0.5182845401975388,0.01970495335838454,84.49050073178299,177.2953664429143,0.5403000861406326,579,491
-0.499134975491382,0.5103884788318899,0.005626751670253921,84.71974686385255,176.93123416134472,0.5397351533174515,756,491
-0.5007186478480192,0.5132785278417403,0.006279939996860551,84.77533637926223,176.88432934738557,0.5396712422370911,756,491
-0.497333477293025,0.5149078968516846,0.008787209779329785,84.65828042709973,176.43955674758692,0.5394205003976822,756,491
-0.49918963666853644,0.5160524998576691,0.00843143159456633,85.08811016165677,176.26304350411218,0.5392936319112778,756,491
-0.49535953486907586,0.5067524047750086,0.005696434952966373,83.8604144335209,176.37602136649357,0.5386963337659836,756,491
-0.4964459518058842,0.5161156667263233,0.009834857460219532,84.64469475992058,176.28545167877945,0.538250207901001,756,491
-0.4948949090060269,0.5084732698367527,0.006789180415362889,84.60424710808711,176.1262217544663,0.5380445718765259,756,491
-0.49689062450835675,0.5089762824003725,0.006042828946007883,84.50148564701885,176.52974497816564,0.537861630320549,756,491
-0.500462566708624,0.5086223779264093,0.004079905608892653,85.06648451791503,176.80829709021586,0.5376525521278381,756,491
-0.5016685597458564,0.5100083736574885,0.004169906955816038,84.835613608137,176.35342158101176,0.5375232249498367,756,491
-0.5013329000728932,0.5093721784259642,0.004019639176535472,84.95751402319866,176.48456629385058,0.5375100523233414,756,491
-0.5024772171386221,0.5120487931744344,0.004785788017906134,85.17876280346465,176.59814064746348,0.5375566929578781,756,491
-0.5052407617150589,0.5106178819498636,0.0026885601174023166,85.27556584598526,176.54617387460848,0.5375696420669556,756,491
-0.505474351164326,0.5118873669560501,0.003206507895862021,85.11227932418748,176.27641145162707,0.5376608669757843,756,491
-0.5057601133673615,0.5097003508228456,0.001970118727742054,85.32190012892849,176.4241107002322,0.5375819504261017,756,491
-0.5040442007568807,0.5098542832136677,0.002905041228393468,85.16026580782142,176.14573618418345,0.5376016497612,756,491
-0.49985187428526084,0.5076201364084386,0.0038841310615888858,84.9792543001513,175.92698482799335,0.5375731289386749,756,491
-0.4998268156654654,0.5089968138596501,0.004584999097092368,84.71932862857442,176.457771991721,0.5374586880207062,756,491
-0.49665635554775467,0.5101137456522438,0.006728695052244549,84.73213560925122,176.17304088744336,0.5373855233192444,756,491
-0.4934890465821808,0.5125354858598876,0.009523219638853414,84.15803368996978,175.94052601519178,0.5371676087379456,756,491
-0.4952442480462127,0.5183557021641916,0.01155572705898944,84.22060001421524,175.56949364678894,0.5368467569351196,756,491
-0.4930256863380029,0.510592961061751,0.008783637361874042,84.6828225124731,175.2540116178054,0.5365812182426453,756,491
-0.4959562914270783,0.5148856791778442,0.009464693875382957,84.50363680387657,175.41667197534758,0.5364237725734711,756,491
-0.4992638963837585,0.5138375889871319,0.007286846301686717,84.7539684462522,175.75367608734354,0.5364585965871811,756,491
-0.4979362242091427,0.5099104357585468,0.005987105774702045,84.81806605476487,175.25084569918792,0.5363278985023499,756,491
-0.4981568468103754,0.5130719409359662,0.007457547062795389,84.80638520071116,175.8023043584302,0.5365356206893921,756,491
-0.49838394961121807,0.5147483148028181,0.00818218259580003,84.75087624341433,175.87585997760192,0.5365600287914276,756,491
-0.4977439416943339,0.5144574847134815,0.008356771509573813,84.56011318759755,175.89792585968232,0.5365203619003296,756,491
-0.4949798984677388,0.5162307926290097,0.010625447080635453,84.48768427434561,175.66356763035358,0.5365101993083954,756,491
-0.4970637126261076,0.5166055760330102,0.00977093170345128,84.62799232245946,175.71356429814665,0.5364229679107666,756,491
-0.49754005624115216,0.5125159842646765,0.00748796401176216,84.66861763674474,175.95756863143575,0.5364205241203308,756,491
-0.49793651118322324,0.5113941250028292,0.006728806909802987,84.92644961371852,175.8974794015806,0.5363693088293076,756,491
-0.49792563585278127,0.5163764067167025,0.009225385431960609,84.85460728796372,175.90706914483604,0.5362815856933594,756,491
-0.49786753871836303,0.51237114981807,0.007251805549853468,84.67498013010211,175.65000001832422,0.5362485349178314,756,491
-0.5020554232167178,0.4901159229741007,-0.0059697501213085424,83.27852255701889,176.30037504877728,0.5336004346609116,932,491
-0.4976036041484206,0.48525111692510836,-0.006176243611656113,84.07890682572413,176.2039858643183,0.533856987953186,932,491
-0.497477412199276,0.48630981013778046,-0.005583801030747765,83.85151405764765,175.6135200235848,0.5338685512542725,932,491
-0.4966123161510491,0.4816606796744945,-0.00747581823827731,83.23550086958971,174.1968534701753,0.5337903052568436,932,491
-0.5037301475328637,0.4799045418537472,-0.011912802839558256,82.98675522298831,173.9638908700909,0.5337385684251785,932,491
-0.501483851271407,0.4789978224555253,-0.011243014407940871,82.95257058162514,173.427051331366,0.5333312898874283,932,491
-0.5029744125188976,0.4803653921743381,-0.011304510172279764,82.99489600592528,173.18645415611445,0.533158615231514,932,491
-0.505808528709495,0.48305587666899363,-0.011376326020250682,83.34355750672945,173.1280020435281,0.5330658853054047,932,491
-0.5038676698139745,0.4804491637855331,-0.011709253014220683,83.4351907656908,173.6368748400396,0.5330471843481064,932,491
-0.507468385637022,0.4807629914141998,-0.0133526971114111,83.38454740998458,173.8768758668654,0.5332086384296417,932,491
-0.50667026002991,0.4835570683141869,-0.011556595857861562,83.34907701891049,173.53818289598786,0.5331087559461594,932,491
-0.5077199935166254,0.48593075732330065,-0.010894618096662395,83.66704259117051,174.4437273450581,0.5333465784788132,932,491
-0.5052392361779002,0.4883648934620564,-0.008437171357921908,83.76755462830779,173.97666935269484,0.5332554876804352,932,491
-0.5082877670964506,0.48452650998306884,-0.011880628556690892,83.61517609355317,174.11630993273596,0.5331485867500305,932,491
-0.5076080658226243,0.48535665371911063,-0.011125706051756834,83.60666406749993,173.57698643384657,0.5329741388559341,932,491
-0.5077601498321853,0.4811306013818776,-0.01331477422515387,83.60092511313167,173.92875147712374,0.533018171787262,932,491
-0.507619941174884,0.48501361421008415,-0.011303163482399903,83.62351107920767,173.71462909417363,0.5330477505922318,932,491
-0.507547552232573,0.48351440143026037,-0.012016575401156304,83.5495113278534,173.82059799894955,0.5331186056137085,932,491
-0.5103081850916948,0.4811761561666778,-0.01456601446250852,83.53480694573787,173.6481159383705,0.5328424274921417,932,491
-0.5108630866212001,0.48602335495198484,-0.012419865834607607,83.3812416055421,173.8049711175973,0.5329617857933044,932,491
-0.5106733079033257,0.48130708640190806,-0.0146831107507088,83.64344153410988,173.56565007782388,0.5328487008810043,932,491
-0.5164736551844814,0.483903280257202,-0.016285187463639716,83.46848005269355,174.2222964450822,0.5330080837011337,932,491
-0.5120151686889393,0.48134100026144216,-0.015337084213748547,83.34741231070291,173.44345974045564,0.5328551679849625,932,491
-0.5114089281269039,0.48136832621633463,-0.015020300955284616,83.517034108563,173.728115881191,0.5329666882753372,932,491
-0.5160712744302133,0.47597920903555085,-0.020046032697331212,83.08983987748735,174.0585366669322,0.5329451709985733,932,491
-0.5152623331307468,0.4787095009425973,-0.018276416094074738,83.26870954696716,174.02048087906536,0.5328928083181381,932,491
-0.5198666381143129,0.4803383751489303,-0.019764131482691294,83.04847389681687,174.0687692260278,0.5328616797924042,932,491
-0.5180485382464955,0.4868468602801357,-0.015600838983179932,83.10689706839275,174.13106699855751,0.5327984243631363,932,491
-0.5207129643432409,0.4664059769755539,-0.027153493683843483,83.09623724203337,173.1495184151111,0.5319971740245819,1109,491
-0.5255177944594684,0.47023767230148233,-0.027640061078993056,82.97833455916651,173.5507831713786,0.5318435877561569,1109,491
-0.5252670183331577,0.46194385777518854,-0.03166158027898458,82.5540192768471,173.5709019280041,0.5315911620855331,1109,491
-0.5274302813178298,0.4642963739830721,-0.03156695366737883,82.40529115047337,173.50616476053426,0.5312780290842056,1109,491
-0.5242752316815196,0.4625661069919306,-0.030854562344794473,82.43167855902533,172.9617608354837,0.5312161594629288,1109,491
-0.527154005443208,0.4649657164487293,-0.03109414449723935,82.35338538568533,172.71332905585288,0.5311359018087387,1109,491
-0.527733228747577,0.4614980609614359,-0.03311758389307054,82.51561877617098,172.74050788977758,0.5309398472309113,1109,491
-0.5244614519539712,0.4655035359650468,-0.029478957994462207,82.77043610153893,172.6982760345939,0.5309782028198242,1109,491
-0.5280902033135292,0.46519872275726226,-0.03144574027813346,82.63202480658211,172.89700695627656,0.5309437960386276,1109,491
-0.5289889929688023,0.4654926130618048,-0.03174818995349876,82.9405018112164,173.3967761214376,0.5310301631689072,1109,491
-0.528214429945943,0.46594721005103645,-0.03113360994745329,82.95279868007316,172.78146802121205,0.5308474451303482,1109,491
-0.5294880437832532,0.46603161265086707,-0.03172821556619307,83.10260863364425,173.2325157218805,0.5309589952230453,1109,491
-0.5304302467943,0.46232366171158823,-0.03405329254135586,82.87537770013942,173.06967643677066,0.530785322189331,1109,491
-0.5306697308456717,0.46789001632486543,-0.03138985726040314,83.09978080576515,173.44716977056729,0.5309403538703918,1109,491
-0.5332618200573253,0.46286533650245854,-0.03519824177743336,82.98779936976177,173.43699550461778,0.5309304147958755,1109,491
-0.5303800242046406,0.46497054017264394,-0.03270474201599832,83.29185548830908,173.59056534192354,0.5308881849050522,1109,491
-0.5343973924458036,0.4634079238402031,-0.035494734302800285,82.7652036856679,173.50714574612374,0.5309211611747742,1109,491
-0.5324886831343545,0.46518384295990495,-0.03365242008722477,83.38294574888309,173.36486711481123,0.5309135019779205,1109,491
-0.5304797625547267,0.46154304315152406,-0.03446835970160134,82.99078509157883,173.40958552244243,0.5308657288551331,1109,491
-0.5293075764507669,0.4676896653872108,-0.030808955531778037,82.82845138936044,173.20163608810245,0.5307403057813644,1109,491
-0.5303859365406858,0.4671206417805927,-0.031632647380046536,83.12251195152717,173.20408963484084,0.530731812119484,1109,491
-0.5273143262084801,0.46752084241850034,-0.029896741894989864,83.29910828856438,173.2635087482712,0.5306019484996796,1109,491
-0.5289733895724856,0.4655439101881665,-0.03171473969215957,83.32735617969533,173.36898763643944,0.5305151343345642,1109,491
-0.53471729024725,0.467485307573904,-0.03361599133667301,83.11068686811319,173.22862756835883,0.5304335802793503,1109,491
-0.5338396215157636,0.46782054159757597,-0.03300953995909381,82.82854274878764,173.46069819586333,0.5304991453886032,1109,491
-0.5328143598622944,0.46564844983661247,-0.033582955012840976,82.8721165856947,173.49174980239601,0.5305698215961456,1109,491
-0.532679464734872,0.4679000169092664,-0.032389723912802815,83.22546748850714,173.27819674599567,0.5304795056581497,1109,491
-0.5363455421996702,0.4646763091650011,-0.03583461651733458,83.06166492224469,173.314836479697,0.5305067449808121,1109,491
-0.5342698868811127,0.4679902253914922,-0.03313983074481022,83.13678867222038,173.74729231445684,0.5305953621864319,1109,491
-0.5354926714923832,0.4614667410110663,-0.037012965240658474,82.82652823268047,173.81074454026233,0.5305953025817871,1109,491
-0.5367767802317099,0.4674154603881013,-0.03468065992180433,83.48275256218434,173.51080838310241,0.5305731892585754,1109,491
-0.5344067628126311,0.4687920820535226,-0.03280734037955427,83.65534022264154,173.63504589020908,0.5306003987789154,1109,491
-0.5303629114020277,0.4677771437233661,-0.03129288383933082,82.9634930059926,173.66664764865752,0.5310461074113846,1285,491
-0.5313945955174494,0.4602869409531635,-0.03555382728214293,83.02905716544717,173.2771140399129,0.5307709872722626,1285,491
-0.5310121815343997,0.4585540810950665,-0.036229050219666575,82.99175597806453,173.53581606159148,0.5306930243968964,1285,491
-0.530763416951087,0.4529318330251404,-0.03891579196297329,82.6448863021082,173.82846050616246,0.5304669737815857,1285,491
-0.5336775970107736,0.4507180933847017,-0.041479751813035926,82.68108074780665,173.81413752396384,0.5302353799343109,1285,491
-0.5396862818195378,0.44809094156661267,-0.045797670126462575,82.88161093516527,174.11274743875114,0.5300213545560837,1285,491
-0.5399316693808616,0.44981455406529736,-0.045058557657782106,82.97571478819778,174.61779488130483,0.5299670696258545,1285,491
-0.541538974903189,0.4508438905706132,-0.04534754216628792,83.09355063696876,174.57245248224635,0.5299018621444702,1285,491
-0.5423087267415854,0.4510906293430933,-0.045609048699246035,82.92373304628151,174.75011673881397,0.5298705697059631,1285,491
-0.5418957076808733,0.4496758718099655,-0.04610991793545388,83.11871749138359,174.80118743339145,0.5299443006515503,1285,491
-0.5426977203113602,0.44851106981147937,-0.04709332524994042,83.05050094672114,174.79196977607265,0.5298718959093094,1285,491
-0.5442034008046109,0.44951164105290886,-0.04734587987585104,83.19753175930944,174.97525495206722,0.5298013836145401,1285,491
-0.5467409506978728,0.4490306358084741,-0.04885515744469934,83.41973615580201,175.0973324637028,0.5297935158014297,1285,491
-0.5417639698113967,0.4476565269514756,-0.04705372142996056,83.2176175827423,174.57970611070874,0.5297833234071732,1285,491
-0.5440545341095472,0.4463577991470012,-0.048848367481273,83.200793624194,174.47109539686545,0.5298719108104706,1285,491
-0.5410427958363304,0.4467892468490222,-0.0471267744936541,83.18321237348619,174.52305589269955,0.5298291444778442,1285,491
-0.5404145851810883,0.45061365796107355,-0.04490046361000738,82.99751139599758,174.44258878377005,0.529892235994339,1285,491
-0.5386576437660967,0.4475877636102618,-0.045534940077917446,82.99769412305737,174.3798249475306,0.5298559069633484,1285,491
-0.5402825481660054,0.4503823829955841,-0.04495008258521066,83.20672926575456,174.7652184243433,0.5298300832509995,1285,491
-0.5378618408783459,0.4485118032700469,-0.04467501880414948,82.72636991127837,174.42337749085485,0.5298458784818649,1285,491
-0.5404830827103804,0.45015591883710315,-0.04516358193663861,82.8088941871246,174.59264948264948,0.5298144817352295,1285,491
-0.5377314416422513,0.4515166965404462,-0.04310737255090255,82.62120429391867,174.334895964711,0.5299036353826523,1285,491
-0.5338406331161939,0.4498707282087878,-0.04198495245370304,82.83146679931633,174.1850708872531,0.5299716144800186,1285,491
-0.5293984815098278,0.4528906012802461,-0.03825394011479086,82.57276318187758,174.2080680404209,0.5300936549901962,1285,491
-0.5316825888492565,0.4499073830328557,-0.04088760290820037,83.06823052042863,174.02906080338343,0.5300000756978989,1285,491
-0.5332966090801341,0.45326711465304875,-0.04001474721354267,82.6151449693263,174.36316669683504,0.5300496816635132,1285,491
-0.5324873770471916,0.4493248915287402,-0.0415812427592257,82.63668455039198,174.1519264744548,0.5301111489534378,1285,491
-0.5337916627734335,0.4465254347573172,-0.04363311400805814,82.63673519237629,174.26969479120308,0.5299379378557205,1285,491
-0.5402813795429198,0.4447639058155422,-0.04775873686368878,83.0356314747741,174.6154810747493,0.5297037959098816,1285,491
-0.5352503032603004,0.454406146513962,-0.04042207837316922,83.11041030087554,174.4333159864043,0.5297977477312088,1285,491
-0.5366341069249698,0.4514873243653748,-0.04257339127979751,83.15168224535583,174.68004872783186,0.5296805649995804,1285,491
-0.5441299745230133,0.43278401842051234,-0.05567297805125046,82.45718195612676,174.44721095267178,0.5289824157953262,1462,491
-0.5456777584147048,0.42876440637805513,-0.05845667601832483,82.04270395684807,174.22322143032622,0.5288888812065125,1462,491
-0.5485163424319912,0.42732026006797386,-0.06059804118200868,82.22279992441446,174.17757286589853,0.5287335813045502,1462,491
-0.5515224533536974,0.42516028512892345,-0.06318108411238699,82.23565275002417,174.67170860220872,0.5285252332687378,1462,491
-0.5537918945767563,0.4217400042501417,-0.06602594516330729,82.37322318023865,174.29437998301714,0.5284029245376587,1462,491
-0.5528607343157439,0.4263674318260098,-0.06324665124486706,82.31945323624939,174.50021842303948,0.5283952951431274,1462,491
-0.5551806088434724,0.4281507407907525,-0.06351493402635996,82.41159364407537,174.87516626919432,0.5284483283758163,1462,491
-0.5556232984354519,0.42969076470723266,-0.06296626686410961,82.0714894107463,175.1222386114448,0.5283354818820953,1462,491
-0.5544411528990008,0.43439276081339717,-0.06002419604280179,81.96204711161194,175.37826145959284,0.5283414125442505,1462,491
-0.557480762675423,0.437695815415297,-0.059892473630063,81.77332223479148,175.67731687467978,0.5283126980066299,1462,491
-0.5548952694911681,0.43791069285875034,-0.05849228831620887,82.18487972866811,175.14460364020366,0.5283665060997009,1462,491
-0.5545030103452763,0.4315685092607975,-0.06146725054223939,81.66571215719132,175.22659770583442,0.528276801109314,1462,491
-0.5510789288897171,0.43128766971446114,-0.05989562958762798,81.86839805403268,174.99566952922237,0.5281998813152313,1462,491
-0.5544598296243184,0.43236462558078415,-0.06104760202176712,81.63228884536588,175.0565252560463,0.5281355381011963,1462,491
-0.5573490495429514,0.43532212987430585,-0.06101345983432277,82.37977107999711,175.26226471306896,0.528194010257721,1462,491
-0.5575324833824603,0.43333036805268715,-0.06210105766488658,81.99285700779073,175.34588403820433,0.5280864089727402,1462,491
-0.558895679357081,0.43469573388843324,-0.062099972734323855,82.0801304742037,175.44521350086467,0.5281140208244324,1462,491
-0.5578347427535818,0.43504298789911566,-0.06139587742723307,81.95129040119062,175.80039756451922,0.5281434655189514,1462,491
-0.5558367370129412,0.4336331971759693,-0.061101769918485954,81.71613668612585,175.3755838982314,0.5281234085559845,1462,491
-0.5566335930311178,0.4349655722380729,-0.06083401039652245,82.2152608456802,175.684724600263,0.5279565155506134,1462,491
-0.554939749365818,0.4337977950096999,-0.060570977178059066,82.15094369514728,175.26332513399853,0.5280164331197739,1462,491
-0.5587096890003251,0.43791093726925556,-0.06039937586553479,82.15679920891459,175.3789749674976,0.5279508084058762,1462,491
-0.5566272259049492,0.4340758159455129,-0.061275704979718126,81.90922747590625,175.3920278010432,0.5278558284044266,1462,491
-0.553146676610056,0.4348467153294198,-0.059149980640318095,82.18755354397943,175.24652522905387,0.5279632806777954,1462,491
-0.5575115834303146,0.43576806702424425,-0.06087175820303517,82.28691438594807,175.67638305457078,0.5278994590044022,1462,491
-0.5568970154308203,0.435113236484357,-0.060891889473231625,82.23966957095833,175.52357914732258,0.5279001891613007,1462,491
-0.5598398077710359,0.43710325282519163,-0.061368277472922145,82.16628387400186,175.9084465488033,0.5279270559549332,1462,491
-0.560722679760928,0.4353504197605095,-0.06268613000020928,81.91431312482264,175.86693233184923,0.5279576480388641,1462,491
-0.5576618037666522,0.4297834916485702,-0.06393915605904099,82.37222144009618,175.66578906992888,0.5280069708824158,1462,491
-0.5604402332390894,0.4291141960957193,-0.06566301857168505,82.17917312350289,175.81875483174554,0.5279395878314972,1462,491
-0.5569091244038934,0.4343923620657992,-0.06125838116904711,82.40795294427355,175.6473697016659,0.5280036777257919,1462,491
-0.5567673075983215,0.4425474746445202,-0.05710991647690064,82.4461921950585,175.8117223016006,0.5281321555376053,1462,491
-0.5548418425316909,0.44230684412264315,-0.05626749920452387,82.48525270584507,175.92390994947147,0.5281084626913071,1462,491
-0.5548475527784282,0.44074059445112895,-0.05705347916364964,82.3719341752082,175.99773075987096,0.5280389487743378,1462,491
-0.5516946468704564,0.4301277741848403,-0.060783436342808084,82.32039611740953,175.12279755648075,0.5280435085296631,50,711
-0.5405680855446304,0.46535562475718073,-0.03760623039372485,82.69407696573636,176.24713257636947,0.5290037393569946,50,711
-0.4897630918168443,0.5156483414960434,0.01294262483959957,83.37050743705561,177.17111239077636,0.5323874801397324,50,711
-0.4470308346825669,0.561074232194009,0.05702169875572105,84.96811978527742,177.05930271470768,0.5349588394165039,50,711
-0.4478539025561875,0.5579252558841733,0.055035676663992894,85.17179468667854,177.25091014581696,0.5355887711048126,50,711
-0.4395421621531308,0.559060863332984,0.059759350589926596,84.90124755180217,176.95746165342908,0.535855233669281,50,711
-0.442770580057848,0.5603912375842812,0.058810328763216624,85.57962163693001,176.2148012646355,0.5360762625932693,50,711
-0.44304759057058085,0.5640293760667185,0.06049089274806885,85.27637513157728,176.28449366218135,0.5363263636827469,50,711
-0.43344645229637646,0.5647805716324568,0.06566705966804015,84.99581022787578,176.91661947164368,0.5367571860551834,50,711
-0.42942337476488884,0.5633267804098341,0.06695170282247262,84.99260054643632,176.32884151352704,0.5368887633085251,50,711
-0.4294357953229648,0.5647510242412682,0.06765761445915172,85.05766861408533,176.65054103597026,0.5369788408279419,50,711
-0.429503393526674,0.563156641962808,0.06682662421806701,84.98985448427223,176.3033399282402,0.5369594246149063,50,711
-0.42342638052223114,0.5627183367603604,0.06964597811906464,85.15152444621725,175.83322412015866,0.5372226238250732,50,711
-0.4255229657416656,0.5673102714829987,0.07089365287066657,85.28687269932945,176.26646366359196,0.5373585820198059,50,711
-0.42781045909840987,0.5653726397972808,0.06878109034943547,85.53300410651987,176.32249202871935,0.537347286939621,50,711
-0.425203019953225,0.5693411225303535,0.07206905128856425,85.01589389203895,176.19562935468244,0.5373456478118896,50,711
-0.4261364508336305,0.5652196351346629,0.0695415921505162,85.71930006591182,176.1335953271951,0.5373958200216293,50,711
-0.4237588198250468,0.5595019980683387,0.06787158912164593,85.51195218195883,175.14433857587662,0.5372621417045593,50,711
-0.4209462893240024,0.560888139117579,0.06997092489678827,85.49623765608578,175.55292901037674,0.5374531894922256,50,711
-0.4205115268598561,0.5656592273269978,0.07257385023357085,85.9725412884554,175.9275818992612,0.5376696437597275,50,711
-0.42209139351692604,0.562047275777585,0.06997794113032946,86.01813599182782,175.6928320697612,0.5375925749540329,50,711
-0.41653029486366433,0.5634065361915667,0.07343812066395117,85.84673533548934,175.88476684711324,0.5379179418087006,50,711
-0.4181846734028966,0.5635172425140773,0.07266628455559035,86.27546804163825,175.69251412284726,0.5380042642354965,50,711
-0.4202192671383275,0.5634665554613303,0.07162364416150138,86.23181746295566,175.80792627265592,0.5380983501672745,50,711
-0.41953742018114565,0.5622281834763972,0.0713453816476258,85.58750261414691,175.76533993151847,0.538167878985405,50,711
-0.4283630664358761,0.5649351094460199,0.06828602150507188,86.17444863418825,176.50830185440475,0.5381058901548386,50,711
-0.4285791143694264,0.5626585469689147,0.06703971629974415,85.72719352287214,176.28594716809894,0.5381219834089279,50,711
-0.4311555448789688,0.564517146168347,0.06668080064468912,85.82120887217013,176.8894869390904,0.5383589714765549,50,711
-0.4353581381767377,0.5648344207537167,0.06473814128848951,85.60337658904088,176.9745661291208,0.5382630228996277,50,711
-0.43304728417849436,0.5648139707629404,0.065883343292223,86.1202181873715,176.88045743672572,0.5383360981941223,50,711
-0.43443973904736216,0.5644398020470085,0.06500003149982317,86.16184205762691,176.75961506135224,0.5383212566375732,50,711
-0.43265751237495187,0.5609880770897647,0.06416528235740643,85.86711199625239,176.4658749156892,0.5383227318525314,50,711
-0.42857715428481735,0.563447606152326,0.06743522593375434,85.90748251269889,176.51872160870857,0.5384610742330551,50,711
-0.43151584877063226,0.5643153405710469,0.06639974590020734,85.9907335748656,176.80232858903247,0.5384591072797775,50,711
-0.44896390516442597,0.5592288565152254,0.055132475675399695,86.73615956044037,177.25578202391947,0.5388584285974503,226,711
-0.44204172201012476,0.5569671096994456,0.057462693844660434,86.65698383233669,177.0805480592961,0.5387419760227203,226,711
-0.45009579979112435,0.5563604860969097,0.05313234315289267,86.43511214644585,177.3243446350234,0.5387156903743744,226,711
-0.45021364680861675,0.5568087925238315,0.05329757285760739,86.5928233408103,177.21853782417347,0.5385405868291855,226,711
-0.457985799284285,0.5565706599702417,0.04929243034297834,86.44695566160706,177.70987540025646,0.5385180562734604,226,711
-0.45522439552188854,0.5570682131709997,0.050921908824555606,86.83817064736174,177.71352301470841,0.5385212302207947,226,711
-0.45280473525578907,0.559625281124776,0.05341027293449349,86.9505801998431,176.98554467983007,0.5386738330125809,226,711
-0.4525134711387556,0.5506193364645721,0.04905293266290822,86.60185061298051,176.85678010937994,0.5386087596416473,226,711
-0.4545693263027025,0.5508477071404001,0.04813919041884879,86.60377115256304,177.15488602051113,0.5387207269668579,226,711
-0.45760994402575056,0.5514528172780807,0.046921436626165075,86.64448198894831,177.5613686136165,0.5387936532497406,226,711
-0.4583019573066499,0.5518652483870732,0.046781645540211636,86.28562186339569,177.5259830495361,0.5388261377811432,226,711
-0.4621822040748778,0.5518109385715839,0.044814367248353054,86.41451820615977,177.8787958744504,0.5389485657215118,226,711
-0.4570634381019894,0.5461152254156729,0.04452589365684176,86.46848158336302,177.28384308420664,0.5392276793718338,226,711
-0.45748580209917555,0.5535112159447333,0.04801270692277887,86.0808540552938,177.7036898007295,0.5395752340555191,226,711
-0.45884513492015383,0.5525415551923187,0.04684821013608245,86.73763630383476,177.83324177501922,0.5396245419979095,226,711
-0.46134900244804516,0.5579637222157496,0.048307359883852236,87.11180113428179,177.67320498287634,0.5400408953428268,226,711
-0.4577028665009712,0.5584693748175888,0.05038325415830883,86.92817787776227,177.3362329275168,0.540144070982933,226,711
-0.4542994857346847,0.5569389544356788,0.051319734350497026,86.66405884119487,176.99314322866294,0.5403435826301575,226,711
-0.45496161522247536,0.5557506872575181,0.05039453601752136,86.71320269628751,177.0373218290334,0.540335014462471,226,711
-0.4555152332611982,0.5573086523433405,0.050896709541071145,86.70750635126743,177.12469703382405,0.5404441654682159,226,711
-0.4537845836026213,0.5562042963181555,0.05120985635776709,86.76799913016185,177.10767851998284,0.5404873937368393,226,711
-0.4505778819180615,0.5553283953749322,0.05237525672843535,86.76304935602833,176.8471011760907,0.5405487269163132,226,711
-0.4522155436794437,0.5583432249282904,0.05306384062442332,86.6431703205199,177.04479129956496,0.5405282974243164,226,711
-0.4524239460122238,0.55936479945422,0.05347042672099811,86.6416522676935,177.11317286848825,0.540602445602417,226,711
-0.4504811142307605,0.5587242339688044,0.05412155986902198,86.68394758622888,177.0016523019728,0.5406448245048523,226,711
-0.44568943835722447,0.5572931372288371,0.05580184943580632,86.23044899690413,176.68563093347353,0.5404898822307587,226,711
-0.44714336538950206,0.5590292667923284,0.0559429507014132,85.57144321013489,176.75283100082714,0.5403686314821243,226,711
-0.4494727334503741,0.5552444186306877,0.05288584259015683,85.86515781542019,176.880327074477,0.5402476042509079,226,711
-0.449396434393847,0.5578198095280734,0.0542116875671132,86.20730406722434,176.42950070041988,0.5402593612670898,226,711
-0.44952199445104457,0.5569864865050733,0.053732246027014374,86.18071582859896,176.830300677658,0.5402592271566391,226,711
-0.4461498833450596,0.5546063012968422,0.054228208975891284,86.15086607169144,176.39108368052027,0.540381446480751,226,711
-0.4477346316341523,0.5540450067811726,0.053155187573510176,86.25470063803103,176.4998858901975,0.5403750389814377,226,711
-0.44620479036200533,0.5575862760211467,0.055690742829570705,85.97410829799333,176.53691806132713,0.5403562039136887,226,711
-0.44932949442045844,0.5554909956115358,0.053080750595538684,86.38623089442075,176.48363172270427,0.5403681099414825,226,711
-0.4497723623892498,0.554437578633544,0.05233260812214713,86.53709880529436,176.5305380085588,0.5402371436357498,226,711
-0.4660610114202857,0.546701632156182,0.040320310367948115,86.1664029023411,177.1425430598516,0.540154442191124,403,711
-0.4674958483714716,0.5505823007232656,0.04154322617589701,86.00092939602438,177.10636818016135,0.5401625484228134,403,711
-0.4665421011076775,0.5497520733314273,0.04160498611187488,85.77474064174373,177.29332529609118,0.5401274561882019,403,711
-0.46740745174745213,0.5520820438911489,0.042337296071848385,86.06452375272991,177.72979336449256,0.5401058942079544,403,711
-0.4667298116050604,0.5523138362542441,0.04279201232459187,85.87582710934495,177.17816774996936,0.5401431322097778,403,711
-0.46803468251286934,0.5535206441618208,0.042742980824475724,86.45095970747722,177.48980466887053,0.540163666009903,403,711
-0.47279765934254386,0.5522538251810566,0.03972808291925636,86.44761522467618,177.68885720312696,0.5401411950588226,403,711
-0.4688402736648444,0.550192620846832,0.04067617359099379,85.85125632242452,176.95301851904148,0.5400784313678741,403,711
-0.46694635476811547,0.5548720895605849,0.0439628673962347,85.98857166746765,177.5761690718926,0.5401415973901749,403,711
-0.46866551065674106,0.5522195541908481,0.04177702176705353,86.14978790767586,177.73198514763604,0.5400459468364716,403,711
-0.46927608848416136,0.5518652600693515,0.041294585792595095,85.89476093592683,177.72096780388586,0.5399987548589706,403,711
-0.46888204836884734,0.5497501136091903,0.040434032620171506,85.93188692273196,177.15256142063367,0.5400347262620926,403,711
-0.4701025042746303,0.5559029339008038,0.04290021481308676,86.38845918869407,177.79790754587793,0.5400128960609436,403,711
-0.47021531863674776,0.5535681009382127,0.04167639115073249,86.18256303218243,177.82429134825105,0.5400731861591339,403,711
-0.46870599273087543,0.550360285113015,0.04082714619106981,85.97991243535375,177.53400304762283,0.5399541109800339,403,711
-0.472191191525456,0.5461629719156286,0.036985890195086274,86.0415449344846,177.80938149016035,0.5398418009281158,403,711
-0.4735923562891527,0.5440141830171196,0.03521091336398344,85.96112569423225,177.52872380594602,0.539862796664238,403,711
-0.4704501061129176,0.5476407230485122,0.038595308467797296,86.11828260158272,177.39664716365402,0.5400212109088898,403,711
-0.4723662835916267,0.5430701178561409,0.035351917132257105,85.90912418571922,177.30491765294417,0.5399308055639267,403,711
-0.4735090805005811,0.5442081464745835,0.03534953298700119,86.03014050717414,177.84087811324324,0.5399337410926819,403,711
-0.4720496866338991,0.5401748173661625,0.03406256536613167,85.87828110400835,177.0598021026344,0.5399301052093506,403,711
-0.4751827035519937,0.5437629482686277,0.03429012235831699,86.16207714476835,177.60254614171288,0.5399418026208878,403,711
-0.4759285966509667,0.5442335818952408,0.03415249262213707,85.87471757196933,177.59988110166893,0.5399373769760132,403,711
-0.47337350122550276,0.545784298452702,0.03620539861359964,85.78529773747253,177.52452296276618,0.5398785620927811,403,711
-0.47615532637471564,0.5483122553871613,0.036078464506222846,85.95399594303291,177.69346627599498,0.5398464053869247,403,711
-0.4711494008730758,0.5484850731966695,0.038667836161796865,85.83399687697637,177.68298840675578,0.5398317873477936,403,711
-0.4697987460128002,0.5476344035074897,0.03891782874734476,85.7576729577426,177.3927452790728,0.539832592010498,403,711
-0.4724100746026491,0.5485707038353311,0.03808031461634101,86.00520923786324,177.9236183654226,0.5397055149078369,403,711
-0.4691010779276424,0.5439651353056785,0.03743202868901804,85.4739600974975,177.50526918791107,0.5397711098194122,403,711
-0.46764621326332045,0.5467002447453869,0.03952701574103323,85.72715738097719,177.60039599730973,0.5397783070802689,403,711
-0.4692245517120991,0.545243146124691,0.03800929720629598,85.79400045240257,177.5185761404411,0.5395800173282623,403,711
-0.4672187794563756,0.54616187244067,0.039471546492147236,85.5317545653221,177.68030305356953,0.5396656692028046,403,711
-0.4674629835656219,0.5210491672476902,0.026793091841034178,83.82903752301294,176.23813490840408,0.5381120443344116,579,711
-0.4681312947885159,0.5230876267938473,0.027478166002665727,83.53492887890712,175.49879502858624,0.5382159352302551,579,711
-0.467403737685169,0.5206796381070647,0.026637950210947864,84.10573066691433,176.16111362005498,0.5380643010139465,579,711
-0.4696781965517751,0.5194428639264264,0.02488233368732562,84.42555912975754,176.13492369787343,0.5380915850400925,579,711
-0.46811635741715674,0.5186281153796913,0.0252558789812673,84.02057629464379,175.90795452455822,0.5381057262420654,579,711
-0.4744011701249049,0.5180871098402693,0.021842969857682193,83.93199510951355,176.01284845624593,0.5380405187606812,579,711
-0.4737379481210041,0.51986721015103,0.023064631015012937,84.43845808634924,175.5102097238872,0.5381776839494705,579,711
-0.46953776162745353,0.5165133351575012,0.023487786765023833,84.45952205022249,175.2989655208735,0.5382235199213028,579,711
-0.46987771123750016,0.5187913085889335,0.02445679867571668,84.65785803988567,175.37907396382226,0.5382505655288696,579,711
-0.4702076741725125,0.5184142610812345,0.024103293454360963,84.4651266159868,175.36724962222047,0.5381263643503189,579,711
-0.47023912524544276,0.5159252039742045,0.022843039364380868,84.14844249986672,175.03135338560156,0.5380396693944931,579,711
-0.4693890455138582,0.514953840267493,0.02278239737681742,84.52521264801709,175.174971235821,0.5380737483501434,579,711
-0.47324807555449516,0.5151865032332544,0.020969213839379636,84.3638472319147,175.21199727628345,0.5379572063684464,579,711
-0.47189750861160246,0.5168525025574273,0.02247749697291243,84.38979010560166,175.4065977692649,0.5380424559116364,579,711
-0.4764672090582667,0.516497196186836,0.020014993564284628,84.39867917970324,175.7348987011186,0.5381081998348236,579,711
-0.47526436152289825,0.5149538135417081,0.019844726009404928,84.4465621280936,175.55891732492665,0.5380127280950546,579,711
-0.47492228855856305,0.5172397865308099,0.021158748986123438,84.42629458463995,175.88761700942803,0.5381292253732681,579,711
-0.472661587825706,0.5169456891553065,0.02214205066480024,84.66654278934723,175.62501666060894,0.5381369143724442,579,711
-0.4723134546422375,0.5122324042275196,0.01995947479264104,84.65665531666403,175.6911063375417,0.538088247179985,579,711
-0.47344825865977624,0.5114751902904341,0.019013465815328923,84.75108881517937,175.5188686634819,0.5380514711141586,579,711
-0.47343603189330097,0.514731822219972,0.02064789516333554,84.86534140140576,175.63094171465139,0.5380827337503433,579,711
-0.4754341401345595,0.5104349312745463,0.017500395569993416,84.53553896132645,175.21983143527567,0.5379923284053802,579,711
-0.47672092678581046,0.5050410974113388,0.014160085312764192,84.40280135170687,174.5109467924196,0.5371639281511307,756,711
-0.4790409564212857,0.5030165967022706,0.011987820140492461,84.5429160803773,174.6516351151321,0.5370429754257202,756,711
-0.48236575171559387,0.49983585636822375,0.00873505232631494,84.7133093545863,174.66477314486391,0.5368908941745758,756,711
-0.4793630536361539,0.4980995123552754,0.009368229359560748,84.83891027299666,174.45791499408548,0.5368774831295013,756,711
-0.4803411514656193,0.4982418298869795,0.008950339210680114,84.63210667201996,174.76173393774346,0.5366182178258896,756,711
-0.48179064572100105,0.49678465698560403,0.00749700563230149,84.67310746437455,174.56548912206043,0.5366484075784683,756,711
-0.47713597046423417,0.4955967780805247,0.009230403808145271,84.66578654361842,174.68990199300532,0.5366401374340057,756,711
-0.4837225041281826,0.49726484924050407,0.006771172556160748,84.65643649412091,175.0871287911951,0.5364595204591751,756,711
-0.4803756706925299,0.495481705276649,0.007553017292059538,84.77663635833954,174.73851084522008,0.536512091755867,756,711
-0.48552709701381275,0.4940423669865808,0.00425763498638404,84.5036019995265,174.905127344351,0.5364850014448166,756,711
-0.4822413378788861,0.496363203003688,0.007060932562400951,84.57843734502603,174.64405071028472,0.5364179611206055,756,711
-0.48446960199355493,0.49601372425133755,0.005772061128891309,84.64800907467301,174.98899645170982,0.5364063233137131,756,711
-0.48243803103763694,0.4910753668914535,0.004318667926908271,84.35781102951137,174.9758621553822,0.5363092571496964,756,711
-0.48003770447193983,0.4927349789331455,0.006348637230602833,84.17353708211628,174.61355924905388,0.5363907814025879,756,711
-0.4803466551780326,0.49113377296579397,0.0053935588938806844,84.34999668407863,174.73524368170447,0.5363218188285828,756,711
-0.47900651687988804,0.4918033456764202,0.006398414398266078,84.5956639504088,174.9378953953307,0.536468505859375,756,711
-0.48003341231376384,0.4929597215114649,0.0064631545988505235,84.31497490715992,174.8471070652204,0.5364288240671158,756,711
-0.4830728310497413,0.4915780530991609,0.004252611024709807,84.5578972402848,175.11532487804502,0.5364725440740585,756,711
-0.48124323180206513,0.493904135102563,0.006330451650248925,84.1926984509836,175.1189747460665,0.5363655090332031,756,711
-0.483126582729116,0.4944558512213784,0.0056646342461312005,84.35166563321268,175.3340189750519,0.5364315807819366,756,711
-0.4803192355268599,0.49394210829993024,0.006811436386535169,83.9674307509354,174.8478299246763,0.5365482717752457,756,711
-0.48209069540147853,0.494920022595191,0.006414663596856246,84.40710280849281,175.26835304343282,0.5364767909049988,756,711
-0.48093574474332196,0.49579906514100175,0.007431660198839896,84.0787167198169,175.0259642813465,0.5364764928817749,756,711
-0.4807324272380335,0.4957980854994293,0.007532829130697888,84.05888800163409,175.24819780534892,0.5364520698785782,756,711
-0.4804632120654778,0.4941588809657551,0.006847834450138646,83.95211147058944,174.91835420439767,0.5364538282155991,756,711
-0.4813778133302054,0.4947053580520021,0.006663772360898351,84.15566480745686,175.3558022014741,0.5364962518215179,756,711
-0.4821786240287782,0.4965752521942284,0.007198314082725088,83.90003491791407,175.5572214628811,0.5366194248199463,756,711
-0.4817427079290564,0.49882038524588046,0.00853883865841204,84.58272951088622,175.28409686895034,0.5365238636732101,756,711
-0.4806551584585815,0.4967835680601862,0.00806420480080236,84.03610752400107,175.25303862438145,0.5365585386753082,756,711
-0.4828114925517668,0.49933394768532363,0.008261227566778412,84.17404399060928,175.46093832939047,0.5365082174539566,756,711
-0.4837528859512348,0.49745562728367404,0.0068513706662196305,84.25479039445092,175.1417437677202,0.5365510880947113,756,711
-0.4830183117589395,0.49574053949622615,0.0063611138686433255,84.23716051025562,175.36526566868514,0.5366256684064865,756,711
-0.48541372732111204,0.4899589739031429,0.0022726232910154354,83.73017523357697,174.87282170611178,0.5363563299179077,932,711
-0.49124852502832,0.48672029998117716,-0.002264112523571421,83.36309618294632,174.4385368726402,0.5361969321966171,932,711
-0.48553042709226496,0.4901820972945169,0.002325835101125967,83.97480450918553,174.82272853782044,0.5360361635684967,932,711
-0.49255954380408956,0.4882262000106874,-0.0021666718967010834,83.91052755020327,174.5087947583556,0.535963386297226,932,711
-0.508017070442645,0.4786660752672118,-0.014675497587716607,84.17523320699871,174.77749883667738,0.5353691726922989,932,711
-0.439682054995854,0.3652828504632773,-0.03719960226628835,85.2762838567032,165.82878029957553,0.5334177315235138,932,711
-0.42306335840893666,0.41429424475568194,-0.004384556826627362,86.28836217127062,171.499873645476,0.5350959151983261,932,711
-0.43035004296602974,0.4179903778821547,-0.006179832541937519,87.52686233511986,171.65173641016503,0.5348184555768967,932,711
-0.43870479037347276,0.4037774627584115,-0.017463663807530644,86.64346584422589,170.88014981675212,0.5339469313621521,932,711
-0.4499133830446156,0.4351640399407286,-0.00737467155194349,84.20992607445544,170.47516020085504,0.5346946716308594,932,711
-0.4929670299748592,0.4773198375728651,-0.00782359620099704,82.80388027535699,176.75315516580412,0.5351224690675735,932,711
-0.4947164564803632,0.4840724477768248,-0.005322004351769216,82.70183578958626,175.66357333566935,0.5354908108711243,932,711
-0.49930428428372237,0.48152086123363175,-0.00889171152504531,82.01017444050709,174.95748638857526,0.5353464335203171,932,711
-0.5014921261944016,0.48507914792750506,-0.008206489133448291,83.26941979762603,175.89701703400402,0.5352802872657776,932,711
-0.4974016652782696,0.48460056834912574,-0.006400548464571942,83.16717580339139,175.45400590185218,0.5354765355587006,932,711
-0.49921559464316095,0.48488211410500387,-0.007166740269078542,83.29015370434787,175.6855710474233,0.5354004055261612,932,711
-0.5010281171617411,0.48026566682984995,-0.010381225165945585,83.20909839596021,175.37400512549834,0.535356268286705,932,711
-0.500032610995645,0.48767577119437,-0.0061784199006375,83.12994008020452,176.09907451280725,0.5354626774787903,932,711
-0.4980476426695336,0.4795369278183509,-0.00925535742559136,82.96854855887253,175.2789853374995,0.535381942987442,932,711
-0.4909499215149431,0.48425877712523097,-0.003345572194856067,82.88628620988055,175.1855221785404,0.5355665236711502,932,711
-0.4939206224304922,0.48148553199720295,-0.00621754521664461,83.13952960945551,174.93219601362117,0.5354436635971069,932,711
-0.4936753725623796,0.48584054027715884,-0.003917416142610375,82.91395240512895,175.26932225923048,0.5355765074491501,932,711
-0.49050330838636275,0.48461105742051874,-0.002946125482922002,82.88294745394197,174.96068154622202,0.53556227684021,932,711
-0.49072809741194656,0.4839735084503754,-0.003377294480785581,82.96982961379518,174.69518117575066,0.5355496108531952,932,711
-0.4889769501177159,0.4803533920111947,-0.004311779053260606,83.017194175294,174.6770719822296,0.5355033874511719,932,711
-0.48906465135843596,0.48041901121030445,-0.0043228200740657585,82.89934557169914,174.83557364358654,0.5354854017496109,932,711
-0.49428647771080264,0.4822235531006015,-0.006031462305100571,82.79693887996073,174.81244797024013,0.535333976149559,932,711
-0.4918805135100465,0.48100098799332563,-0.005439762758360445,83.09240517554623,174.9650064382803,0.5353855937719345,932,711
-0.4961930609973897,0.48089585013330177,-0.007648605432043959,83.40011941902048,175.27564481451665,0.5352689325809479,932,711
-0.4963377275315876,0.48005492471552563,-0.00814140140803099,83.47030741894483,175.22932669074885,0.535272553563118,932,711
-0.49469218206588583,0.48253296751662306,-0.006079607274631388,83.54568888894802,175.26992555115228,0.5353997200727463,932,711
-0.5016838623923782,0.4696808539947789,-0.016001504198799643,82.84054434058402,173.30366906700297,0.5346063673496246,1109,711
-0.5039594088388254,0.4667262242228514,-0.018616592307986984,82.93144013587627,173.02190128782667,0.5344558656215668,1109,711
-0.5032049920138756,0.45811731332109856,-0.02254383934638851,82.88352538992834,172.3578083933909,0.5341871082782745,1109,711
-0.5101915083169931,0.4606497438179297,-0.024770882249531695,83.1356469106384,172.98341072433522,0.5338804423809052,1109,711
-0.5074150774304741,0.45610569070846546,-0.025654693361004316,82.93304231416607,172.18767979941558,0.5336409658193588,1109,711
-0.5029081029601093,0.46428849347959666,-0.019309804740256342,83.0367087338106,173.00927340028736,0.5335479974746704,1109,711
-0.5047469080547073,0.4591273265176727,-0.02280979076851733,83.28633058929397,173.38288523373603,0.533480629324913,1109,711
-0.5066060925670863,0.4574704021902965,-0.024567845188394916,83.2144703008426,173.37899865381522,0.5335572063922882,1109,711
-0.5056704179530428,0.4552466070493295,-0.025211905451856642,83.09090217645888,173.34068732945846,0.5335526764392853,1109,711
-0.5088841174535733,0.45251355576902746,-0.028185280842272925,83.34389548822575,173.2850678839206,0.5334330350160599,1109,711
-0.5074527877414379,0.455941155482841,-0.025755816129298448,82.90397786037428,173.19048382370528,0.5333989858627319,1109,711
-0.5060982297646365,0.4505105123194054,-0.027793858722615528,82.68820203805468,172.8891231513415,0.5333005040884018,1109,711
-0.5064858687171206,0.4519368696915265,-0.027274499512797062,82.75678747930516,172.9993437343242,0.5332535654306412,1109,711
-0.5074317653108856,0.4527164509937391,-0.027357657158573273,83.32432446005498,173.24540772941032,0.5333028435707092,1109,711
-0.506019208457772,0.4567179791084915,-0.024650614674640275,82.81783165999951,172.9463460202721,0.5332885086536407,1109,711
-0.5105758136780474,0.4524094402017534,-0.029083186738147,83.53886052839114,173.38184139676983,0.5331827402114868,1109,711
-0.5093462931435293,0.4542591555898227,-0.027543568776853294,83.57098679703955,173.48989776991868,0.5331699401140213,1109,711
-0.5133194265355184,0.45174278047490934,-0.030788323030304543,83.53384899581968,173.66660620258386,0.5331156551837921,1109,711
-0.5104918140212498,0.4524129068346882,-0.02903945359328078,83.47716041040083,173.52315016731285,0.5331523269414902,1109,711
-0.5151444200572015,0.45236238226007347,-0.03139101889856402,83.64769750536398,173.40841110675876,0.5330910384654999,1109,711
-0.5142637962671257,0.4550327187908379,-0.029615538738143904,83.55972184814905,173.8075123535214,0.533074289560318,1109,711
-0.514850451421515,0.45248937621216057,-0.031180537604677205,83.4002050880193,173.62438670726237,0.5330121964216232,1109,711
-0.5143080325658129,0.4500190400096484,-0.032144496278082274,83.07387150475176,173.26217933875836,0.5330250859260559,1109,711
-0.5128585508724718,0.4522027456072607,-0.03032790263260554,83.16020394364651,173.32134812646973,0.533074751496315,1109,711
-0.5096163363030785,0.4519726558215442,-0.028821840240767116,83.4984065763091,173.21298496291462,0.533103734254837,1109,711
-0.5115383373760862,0.45358605040184613,-0.02897614348712005,82.93657493126796,173.0135126115285,0.5331295281648636,1109,711
-0.5127483591227032,0.44877237951759646,-0.03198798980255338,82.85486547753308,172.95920963311326,0.5330585390329361,1109,711
-0.5139226044187502,0.4522251232049671,-0.030848740606891523,82.97697461056869,173.02494525216923,0.5330282300710678,1109,711
-0.5146144762928389,0.45329300245321047,-0.03066073691981419,82.96336062420454,173.00915796468414,0.5329578667879105,1109,711
-0.5148751543527733,0.45769677063239,-0.028589191860191654,83.01405541410307,173.25875908933816,0.5329675823450089,1109,711
-0.5134760259224576,0.4578220534287558,-0.02782698624685087,82.81359864304358,173.22223056028233,0.5329415500164032,1109,711
-0.5091383604744483,0.4545164526860855,-0.027310953894181395,82.70810193967829,172.9512113381868,0.5329405069351196,1109,711
-0.5264070813770294,0.4471445313764086,-0.03963127500031041,83.51664156964782,174.2155384641997,0.5323067605495453,1285,711
-0.5247513403780302,0.4498592781213119,-0.03744603112835915,83.84591835393061,174.29427476603985,0.5322035998106003,1285,711
-0.5312683326863314,0.4532779373245221,-0.038995197680904675,83.65729253912201,174.78761163172678,0.5318907052278519,1285,711
-0.534798990066708,0.4431173529447379,-0.045840818560985014,83.26974749542464,174.01931383214767,0.5317438542842865,1285,711
-0.5326413623159001,0.44652273368466155,-0.04305931431561927,83.0775855234661,174.49170340306216,0.531576007604599,1285,711
-0.5331534906890586,0.4416919482425407,-0.04573077122325894,82.84279826894758,174.3131732480801,0.5314434170722961,1285,711
-0.5333516401679319,0.4416829511400236,-0.045834344513954156,83.11022054148438,174.11394301943793,0.5312670022249222,1285,711
-0.5364319184705202,0.44525222785782215,-0.04558984530634902,83.19046381005012,174.3624526235224,0.5312372893095016,1285,711
-0.5313331510616189,0.4429485783546538,-0.044192286353482574,82.85246110423628,173.70994225908993,0.5312772989273071,1285,711
-0.5357538809783643,0.44351672208275483,-0.04611857944780473,83.14807691381439,174.26041634531143,0.5311311334371567,1285,711
-0.5399923015723046,0.4460483861655951,-0.046971957703354744,83.47855768995183,174.80099921570147,0.5311205685138702,1285,711
-0.5346518603474526,0.44751474899166566,-0.04356855567789347,83.35643470932371,174.35337980036363,0.5311698019504547,1285,711
-0.5407411227995029,0.4496582158623224,-0.04554145346859026,83.37905242381211,174.92651632929167,0.5311270654201508,1285,711
-0.5369225025451806,0.44784688256486055,-0.04453780999016002,83.28107744426833,174.5821097545618,0.5312037020921707,1285,711
-0.5400844372509113,0.4518529726693152,-0.04411573229079804,83.15747152213513,174.71621402779715,0.5312313288450241,1285,711
-0.5358120856113164,0.4513548102807242,-0.04222863766529611,83.23661679044102,174.3378223513518,0.5312330722808838,1285,711
-0.532978563520634,0.44851083355581994,-0.04223386498240703,83.11920213368079,174.33959522672936,0.5312939286231995,1285,711
-0.5332947348218916,0.4461069361456068,-0.043593899338142394,82.87933105916369,174.1742794292654,0.5312928706407547,1285,711
-0.5356649736002836,0.4487527422974601,-0.043456115651411775,82.87880061668265,174.69949042555598,0.5312488526105881,1285,711
-0.5291416916310878,0.4446108432694473,-0.04226542418082027,82.39822231925274,174.2263603255547,0.5313143879175186,1285,711
-0.5257474144042914,0.44827248762161376,-0.03873746339133882,82.45854390876816,174.15932542865522,0.5313692837953568,1285,711
-0.5297139573953783,0.4493304601034494,-0.04019174864596445,82.50688541741708,174.16723317312506,0.5313784331083298,1285,711
-0.5295035220252501,0.44755871606229763,-0.040972402981476225,82.89031867675499,174.34778219636846,0.5313454419374466,1285,711
-0.526365153641139,0.446203875544652,-0.040080639048243494,82.29704627406659,173.76213163589972,0.5314773172140121,1285,711
-0.5246871102579529,0.4469709157881815,-0.0388580972348857,82.07880303827372,173.59098027039283,0.5315665900707245,1285,711
-0.5234036904589334,0.4460359078190992,-0.03868389131991712,82.10934707788073,173.78274385642064,0.5315349102020264,1285,711
-0.5308991033674295,0.4496314810499345,-0.04063381115874751,82.63026187081087,174.46048281449995,0.5314105749130249,1285,711
-0.5289008070856152,0.45124631944795535,-0.038827243818829904,82.24648466396457,174.3267849209788,0.5315838903188705,1285,711
-0.5272647419746945,0.44746054530730234,-0.039902098333696095,82.41780729886268,174.4987650169931,0.5317843854427338,1285,711
-0.5347730386597519,0.44925176360327007,-0.04276063752824091,82.6511269303133,174.5167107462979,0.5319272577762604,1285,711
-0.5324459289241301,0.44950519177679316,-0.04147036857366848,82.11412944943221,174.96765929473645,0.5320175886154175,1285,711
-0.5327071298364728,0.4510527490454881,-0.040827190395492374,82.15666972963275,174.65829968427823,0.5320591032505035,1285,711
-0.5332648168669182,0.4491457433370718,-0.04205953676492319,82.07075071245042,174.67008934628723,0.5320598930120468,1285,711
-0.5325905252330362,0.44946434950851405,-0.04156308786226107,81.99642896450587,174.68345591632448,0.5321176797151566,1285,711
-0.4677854632534044,0.39547887213233474,-0.03615329556053484,86.07495914526068,172.8015916059326,0.5326338708400726,1462,711
-0.45694644993567635,0.4215766083311413,-0.017684920802267523,86.08406988447315,174.25721446317664,0.5335254371166229,1462,711
-0.44856984529739574,0.3321777205892158,-0.05819606235408997,85.20481789956813,165.5155756600671,0.531676858663559,1462,711
-0.5050088619336123,0.3922376929631482,-0.05638558448523204,83.6983313898032,172.0185255681892,0.5311354398727417,1462,711
-0.544916155302569,0.3803320999483821,-0.08229202767709345,81.39822929967961,172.0825055851664,0.5297885090112686,1462,711
-0.5571727606140521,0.3818023742952399,-0.0876851931594061,81.3365152851544,172.84052985551943,0.5297596305608749,1462,711
-0.5509146746886148,0.42426947331177095,-0.06332260068842191,81.8402312007722,175.0530400553637,0.5306697934865952,1462,711
-0.5552173310620842,0.4275568068240178,-0.06383026211903317,81.11890921156889,175.6208085838203,0.5307627171278,1462,711
-0.5528099533057871,0.4270797353974872,-0.06286510895414993,81.71311079784175,175.83943905728532,0.5306729525327682,1462,711
-0.551976884035759,0.42249154578338555,-0.0647426691261867,81.466064263068,175.35141682781222,0.5305870324373245,1462,711
-0.5513593411624291,0.43048708665995095,-0.06043612725123909,81.77581771395458,175.50891024030406,0.5306456834077835,1462,711
-0.5563581052328259,0.42825298994632455,-0.06405255764325068,81.5560189083779,175.40254687213638,0.530589297413826,1462,711
-0.5569668047564348,0.43173608307117217,-0.0626153608426313,81.71792056603728,175.61524565760985,0.5306445360183716,1462,711
-0.5506395359887291,0.4317425525710661,-0.059448491708831486,81.88130942224058,175.2975474070202,0.5304833054542542,1462,711
-0.5517385848414751,0.4327062037730431,-0.059516190534216,81.931324766501,175.29580541264454,0.5305417776107788,1462,711
-0.5450420038574867,0.43072265055195963,-0.05715967665276353,81.90160275316546,175.14939749363964,0.5305643528699875,1462,711
-0.5419324097574643,0.4282629405072746,-0.056834734625094835,82.04065379933735,174.45673558992289,0.5303584486246109,1462,711
-0.5307293852550294,0.42092294709462325,-0.0549032190802031,81.01362088983015,174.29918799131298,0.5299098044633865,1462,711
-0.5362106484797523,0.41979066325189524,-0.058209992613928535,81.81282192904777,172.29924011690258,0.5290178656578064,1462,711
-0.5349690587203083,0.41717385330607726,-0.058897602707115526,81.37967593663947,173.01385581745012,0.5282910019159317,1462,711
-0.5274935048640459,0.42315422741644715,-0.05216963872379937,80.60892216181597,174.2264641349751,0.527980700135231,1462,711
-0.5393471290627565,0.41411970495428085,-0.06261371205423782,80.71276122558342,174.21274667735153,0.5275204181671143,1462,711
-0.5455786783988215,0.4295571213241847,-0.05801077853731837,80.77019585858267,175.25347905232113,0.5275338888168335,1462,711
-0.5437025489596943,0.4237693895484356,-0.059966579705629325,81.244382558447,174.19205631324516,0.5274441540241241,1462,711
-0.5386388293435292,0.42830050570588857,-0.05516916181882034,81.16049339270333,174.40181357191346,0.5276881754398346,1462,711
-0.5398119491852836,0.4150341682309975,-0.06238889047714308,81.53958196461909,173.7988500386512,0.5274195671081543,1462,711
-0.5455774657314678,0.4170656753160908,-0.06425589520768851,81.71635229997347,174.71889681998672,0.5275181531906128,1462,711
-0.5475446072734925,0.42294305880564953,-0.062300774233921496,81.80707349337345,174.9590573123697,0.52761110663414,1462,711
-0.5452441665927474,0.42236594854726023,-0.061439109022743604,82.10949317719303,174.5929730421762,0.5278319418430328,1462,711
-0.5515783736459057,0.4133212309804176,-0.06912857133274403,82.0137072348027,173.66663943788674,0.527649849653244,1462,711
-0.5510344124531772,0.4053706602430003,-0.07283187610508846,81.78777501111921,173.53996549778887,0.5276433229446411,1462,711
-0.5526490927695054,0.40004569397375733,-0.07630169939787401,82.53380271982863,173.1933668214598,0.5279034376144409,1462,711
-0.5420012567763849,0.4044881248852134,-0.06875656594558574,81.80094516209779,172.46183130946747,0.5305482298135757,50,932
-0.5382794398453001,0.40051636787766964,-0.06888153598381525,81.5192166170817,172.25078935041583,0.5307160317897797,50,932
-0.518046995254662,0.45088940764674146,-0.03357879380396028,81.66985685621485,174.48344661782824,0.5323492288589478,50,932
-0.48976761931821844,0.4793621799881818,-0.005202719665018313,82.73784736908047,176.42322918663098,0.534489631652832,50,932
-0.44310990991130733,0.5623201430708554,0.05960511657977405,84.36359626741842,177.4462194450735,0.5380081087350845,50,932
-0.4440324176909173,0.5672438355692426,0.06160570893916267,84.0048061760498,178.70920322620583,0.5389870554208755,50,932
-0.4351577750542324,0.5697557051289918,0.06729896503737967,84.55328054117064,178.19708687621676,0.5391639322042465,50,932
-0.4267269212077125,0.5750756689487259,0.07417437387050668,83.5865768541968,177.7788304742049,0.539308488368988,50,932
-0.4312621279804838,0.5718687949601478,0.07030333348983198,84.37133234613884,177.84264224785787,0.5393288880586624,50,932
-0.4257509908658407,0.5735708211085733,0.0739099151213663,84.16085042941467,177.50154239667208,0.539276197552681,50,932
-0.4243546461772173,0.5675023854502185,0.07157386963650059,83.81067218998777,177.6876633628491,0.5394422113895416,50,932
-0.424726851032972,0.563626944289477,0.06945004662825252,84.46501895285496,177.145564012895,0.5394635051488876,50,932
-0.4314133254054169,0.563509323881287,0.06604799923793508,85.25266820861454,176.9765124696144,0.5394168347120285,50,932
-0.4281343093233365,0.5643806113919057,0.06812315103428457,85.1666729857151,177.4827444986805,0.53986656665802,50,932
-0.423051943721643,0.5577238295500294,0.0673359429141932,85.38265409118128,177.1608903902101,0.5401652753353119,50,932
-0.4235808014792388,0.5654549390329618,0.07093706877686151,84.89227842935895,177.5846250267721,0.5405175983905792,50,932
-0.41153841756517173,0.5718901176170649,0.08017585002594657,84.80329564083887,177.32377632412536,0.5407621562480927,50,932
-0.41002241922968136,0.5717106845718952,0.08084413267110693,85.09130543371423,176.97367730848245,0.5407469719648361,50,932
-0.4207156259679637,0.5722821826905699,0.07578327836130308,84.7020548280791,177.98060621085415,0.5405768901109695,50,932
-0.4207882844408885,0.5736247748486669,0.0764182452038892,84.83074110508231,177.70808196909135,0.5404801815748215,50,932
-0.42464799397772546,0.5730644132541021,0.0742082096381883,84.98064443950135,177.88857596140176,0.5405104458332062,50,932
-0.4261384335417418,0.5724631168546912,0.0731623416564747,85.02663261437667,177.90643832628706,0.540477529168129,50,932
-0.43420821853896263,0.574433889460191,0.0701128354606142,85.36026236112616,178.6931094254786,0.5404153168201447,50,932
-0.4313186550142985,0.5631236708866101,0.06590250793615579,85.8340950033614,177.67401061504836,0.5408455282449722,50,932
-0.43244073618520734,0.5535482818387735,0.060553772826783064,86.26536006953765,176.24637723446284,0.5407096743583679,50,932
-0.43443851379994286,0.5598282579687892,0.06269487208442318,86.12900456209209,176.21510717811725,0.5407683402299881,50,932
-0.4346977068389233,0.5624008239046938,0.06385155853288527,86.34779410521045,175.99446199734984,0.5408073365688324,50,932
-0.43041913870484466,0.5594749345864207,0.06452789794078803,86.09744363004647,175.49155023008805,0.5409892648458481,50,932
-0.4328845699291699,0.5619943138161583,0.06455487194349419,86.13758219439433,176.05861493604218,0.5409403145313263,50,932
-0.42875509773140424,0.5603952513089222,0.06582007678875898,86.33758759971107,176.15341266450767,0.5410594493150711,50,932
-0.4301605957318437,0.5609892177989614,0.06541431103355885,85.84714370668905,176.0627398812274,0.5408175885677338,50,932
-0.4334666434343772,0.5600772239512039,0.06330529025841333,86.4115479572283,176.0799256363008,0.5407562404870987,50,932
-0.4356069728452911,0.5490871976415745,0.05674011239814172,85.74927809710246,176.22616090173028,0.5393562018871307,226,932
-0.4416733026539385,0.5423145759284201,0.05032063663724082,85.41172480864574,176.34101895438064,0.5390702933073044,226,932
-0.4416863355125065,0.5526262301927786,0.05546994734013602,85.79010567954113,176.78885075899106,0.539146900177002,226,932
-0.4365828595203091,0.5471389528967974,0.055278046688244126,85.59756827088268,176.43371497407006,0.5390507727861404,226,932
-0.43948212304885503,0.5431222881156438,0.051820082533394374,85.7290178177235,176.3029824493064,0.5388984531164169,226,932
-0.4394540447398945,0.5519015498369125,0.056223752548509004,85.56514818791179,176.60875722735895,0.5389764904975891,226,932
-0.43733186442588096,0.5492149067083169,0.05594152114121795,85.65852728148135,176.3090309111284,0.5390124917030334,226,932
-0.43660733821404735,0.5487904121994158,0.05609153699268424,85.9110941352622,175.72341893970227,0.5391398072242737,226,932
-0.42976590113406665,0.5490274323342986,0.05963076560011599,86.06223579965308,175.4135761065188,0.5392430573701859,226,932
-0.4299369933426311,0.5474218829467568,0.05874244480206284,86.17305048076429,175.24366135318363,0.5392766296863556,226,932
-0.4302597772243345,0.5497768940558649,0.05975855841576522,85.92218989299809,175.85958411533534,0.5392844378948212,226,932
-0.4314416644595845,0.5537755630742993,0.061166949307357416,86.43410655069513,175.70355388989228,0.5393601953983307,226,932
-0.430057724954452,0.5551974379893503,0.06256985651744915,86.51090277592331,175.94963699061626,0.5394914448261261,226,932
-0.43290049940425546,0.553031673478389,0.06006558703706677,86.74955547542592,175.63105415771363,0.5395349264144897,226,932
-0.43458310149940493,0.5536744669316157,0.059545682716105386,86.49120327760278,175.7748315621709,0.5395636856555939,226,932
-0.43163215127459487,0.5540433361612709,0.06120559244333801,86.95242496669559,175.25783006710162,0.5396491438150406,226,932
-0.4291106218288014,0.5484163240074842,0.0596528510893414,86.40268933787551,175.32953361981026,0.5397415459156036,226,932
-0.43197947968308026,0.5519204769127177,0.059970498614818735,86.18913340016206,175.9553931834232,0.5396786034107208,226,932
-0.42882082470474325,0.5488744668188236,0.06002682105704016,85.94017407911197,175.60328144036,0.5398117154836655,226,932
-0.42568982664893085,0.5453458170382182,0.05982799519464366,85.55814294934186,175.41315362677912,0.5400045216083527,226,932
-0.428554457121206,0.5469707044980949,0.05920812368844447,86.05273405127281,175.43521028700343,0.5400374084711075,226,932
-0.4293986314813414,0.5470207242987672,0.05881104640871293,86.22108261130448,175.48089268732184,0.5400989502668381,226,932
-0.43364773385462285,0.548852812960629,0.057602539553003096,86.20117101072836,175.95361046298422,0.5401286780834198,226,932
-0.44186198914652547,0.5595943994324509,0.05886620514296273,85.69594135336143,176.4458638157415,0.539712056517601,226,932
-0.43736466235832533,0.5605550277386009,0.06159518269013778,85.87658119893342,176.79648983072,0.5393635630607605,226,932
-0.43969274505687095,0.5697739025328585,0.06504057873799379,86.09602167454742,177.10165469152074,0.5389581471681595,226,932
-0.43570311316497007,0.5649762028364199,0.06463654483572492,85.83789191680624,176.4990983491553,0.5387497842311859,226,932
-0.435476633710189,0.5626900596196631,0.06360671295473705,85.70371176540007,176.43549117260096,0.5386734008789062,226,932
-0.43519313477019594,0.5594069206812907,0.06210689295554739,85.49576205225074,176.02418899214638,0.5386627614498138,226,932
-0.43292468683187635,0.5618715291725448,0.06447342117033422,85.47961522859521,175.90644596984774,0.5387339442968369,226,932
-0.4340969524864408,0.5520869084849157,0.05899497799923745,85.08425413928137,175.37439779981648,0.5387557595968246,226,932
-0.4324804094823248,0.5563778384432584,0.06194871448046679,85.46883484143459,175.64031826258193,0.5388288497924805,226,932
-0.4473860238163582,0.5433453648083275,0.047979670495984644,85.96173647727554,175.89744422273225,0.5385649055242538,403,932
-0.44927842208004903,0.5390867377247458,0.044904157822348384,85.91965489448896,175.5940939467956,0.5384626686573029,403,932
-0.4480449593286923,0.5364751308211859,0.0442150857462468,85.68310806968145,175.368544916181,0.538525864481926,403,932
-0.43740043808115614,0.5343247604160013,0.04846216116742258,84.68733707373073,175.03395163640013,0.538642093539238,403,932
-0.4348384777312782,0.536291437600098,0.0507264799344099,84.16161959482518,174.92665364205888,0.5385487079620361,403,932
-0.43553638385257754,0.5302874169421384,0.04737551654478045,83.49865512878466,174.887184986196,0.5383897721767426,403,932
-0.4382866532152846,0.5274292422425041,0.04457129451360975,84.15108987385713,174.80240284320047,0.5380495190620422,403,932
-0.44992536091845703,0.5249506581653998,0.03751264862347137,85.18657157018073,175.3045214995645,0.5376473218202591,403,932
-0.44991092295838797,0.5202598306288323,0.035174453835222164,84.67415977589437,175.05712664959884,0.5375783443450928,403,932
-0.45214250079349433,0.517410079714756,0.03263378946063086,85.33291833842458,175.46300554248842,0.5374679416418076,403,932
-0.45084789049153906,0.5168440203011732,0.03299806490481705,85.01002232475287,175.3952637551681,0.5375532954931259,403,932
-0.45114323932309636,0.5208924782173254,0.034874619447114535,84.96660786446563,175.45300456646495,0.5374992042779922,403,932
-0.45063527147849786,0.5246575209130221,0.03701112471726212,85.2436249182137,175.69340585383162,0.5376377999782562,403,932
-0.45496012758009857,0.5268288972346614,0.035934384827281424,85.35667833107121,176.1283379418615,0.5376763194799423,403,932
-0.4571796193927257,0.5265891763673902,0.03470477848733225,85.81112851738364,176.1531636335428,0.5377280116081238,403,932
-0.4605011853591557,0.5288027722718192,0.034150793456331735,85.98675439859223,176.58234074834616,0.5377771109342575,403,932
-0.45746363267436513,0.5319302804369794,0.03723332388130715,85.99925226211141,176.32266234798615,0.5378161072731018,403,932
-0.45859090312990947,0.5309082967136138,0.036158696791852185,86.29743173734958,176.64210670422858,0.5379049330949783,403,932
-0.4589374039523502,0.5309627095586092,0.03601265280312951,86.13743858472805,176.75109174700543,0.5379372090101242,403,932
-0.4587377596411214,0.5312092147193959,0.03623572753913723,86.27214212811732,176.83546714980855,0.537923589348793,403,932
-0.46020185789978796,0.5324080031464254,0.036103072623318744,86.52999277876305,176.85342959153147,0.5379628539085388,403,932
-0.45883392428397085,0.5351880938004084,0.03817708475821879,86.7586049264558,177.41892589134136,0.5381513983011246,403,932
-0.45974498640427996,0.5337721096288444,0.0370135616122822,86.70443820818653,177.57383789156012,0.5380909144878387,403,932
-0.45852875645699315,0.5363301533200365,0.03890069843152169,86.44310087781989,177.06335622033683,0.5380338877439499,403,932
-0.4614444138878489,0.5335054994169282,0.036030542764539625,86.63834156437792,177.33658207554546,0.5380488634109497,403,932
-0.4615919107914112,0.5329458130790353,0.03567695114381206,86.56185152417393,177.07103788728688,0.5380163341760635,403,932
-0.4583364245641342,0.533374229644834,0.037518902540349924,86.37041297291509,177.001584825631,0.5380638986825943,403,932
-0.4644842858243513,0.5318680805063021,0.033691897340975385,86.33619021768311,177.0109669766324,0.5379333347082138,403,932
-0.46219904105389764,0.5315864257094115,0.03469369232775693,86.41441756789064,177.25547999855692,0.5380390286445618,403,932
-0.4615183259359957,0.5340136297946853,0.03624765192934479,86.19394787255123,177.03205372090395,0.5380339324474335,403,932
-0.4644659406244367,0.5342250450785139,0.03487955222703859,86.00428516897725,177.3817511296389,0.5379802286624908,403,932
-0.4616961890478481,0.5358905467591519,0.03709717885565192,85.98452036017397,177.47106584768807,0.5380386859178543,403,932
-0.46264158153829354,0.5339214366001791,0.03563992753094278,86.10328090636895,177.18425014529817,0.5379490554332733,403,932
-0.46244597112647984,0.5360128497090648,0.03678343929129249,86.00535666601499,177.45002670769395,0.5379195809364319,403,932
-0.46600709517161165,0.5155084387190705,0.024750671773729416,85.38007412655352,176.29164528679257,0.5373178869485855,579,932
-0.46347468632103767,0.5235517785035949,0.030038546091278623,85.46954789186317,176.60060385997494,0.5375047624111176,579,932
-0.4644780879875253,0.5196883636561924,0.02760513783433355,85.02625752822782,176.19182571310213,0.5374215990304947,579,932
-0.46392473056244266,0.5122590476816224,0.024167158559589896,85.1289558907389,175.4692567006707,0.5372426807880402,579,932
-0.4649395593997101,0.5100126700962275,0.022536555348258713,84.9039410070258,175.36806746594075,0.5371702760457993,579,932
-0.46653589137835005,0.5132244237853248,0.023344266203487396,84.8115964984733,175.76784838076318,0.5372154861688614,579,932
-0.46489541290846736,0.5124246545494062,0.02376462082046943,84.66407294387898,175.75426694354525,0.5372158288955688,579,932
-0.4661512336370493,0.5160379700619375,0.02494336821244411,84.91647372431585,175.92778529275594,0.5372904986143112,579,932
-0.4654623437494336,0.5133995878360234,0.023968622043294863,84.96165757717105,175.59586055401942,0.5372369140386581,579,932
-0.4669424072532816,0.511811968385984,0.022434780566351176,84.90604034118354,175.33447854707404,0.5372208654880524,579,932
-0.4705672975887368,0.5061348075609814,0.017783754986122308,85.06802346626594,175.37173967121245,0.5371449291706085,579,932
-0.47035086266279724,0.5086811997804589,0.019165168558830825,84.79519437828586,175.5426190078979,0.537128135561943,579,932
-0.4676177803415428,0.5082845934727843,0.02033340656562077,85.05461646640867,175.56184869821595,0.5372406840324402,579,932
-0.4699498730296229,0.5070087729978466,0.01852944998411188,84.9459480749425,175.5418735806082,0.5372044742107391,579,932
-0.46998924225253347,0.5046496183561792,0.017330188051822848,84.84806535261734,175.2941105707418,0.5371968895196915,579,932
-0.47030090960409077,0.5084189602519685,0.019059025323938883,85.16800278190668,176.05977746116577,0.5372764021158218,579,932
-0.46987937180904915,0.5062074118720059,0.01816402003147838,85.11208823837556,175.78793148815282,0.5373081266880035,579,932
-0.47079912828607423,0.505786895373044,0.017493883543484884,84.90765992686688,175.69097768409668,0.5372483432292938,579,932
-0.46981678242529246,0.506271479315207,0.01822734844495727,84.823291671712,175.8670428969169,0.5373350530862808,579,932
-0.4702093119200493,0.5063231146871794,0.018056901383565055,85.0375643830391,176.08848573309595,0.5373379588127136,579,932
-0.4700426454063604,0.5047812205322978,0.017369287562968683,84.71107524010534,175.76440475208187,0.5372787714004517,579,932
-0.4715979656338739,0.5056508287177237,0.017026431541924902,84.59989803887082,176.12301616327548,0.5373438447713852,579,932
-0.47077217552941686,0.5059894078709817,0.01760861617078241,84.82884765906186,175.831316715677,0.5373974293470383,579,932
-0.47194260518215136,0.5050427974708019,0.016550096144325288,84.55749214740695,175.88326260885916,0.5373017489910126,579,932
-0.47387082642591916,0.5066071040810823,0.01636813882758159,84.48446551588059,175.6791755949542,0.5372887700796127,579,932
-0.47206440173902603,0.5059168796142222,0.016926238937598065,84.72863456558304,175.8086639585517,0.5372814834117889,579,932
-0.4722714921437844,0.5007229396954738,0.01422572377584469,84.45314219487199,175.243530874364,0.5371250212192535,579,932
-0.4696069809826209,0.5078797601306629,0.01913638957402103,84.78732302387161,175.77514565999306,0.5373473614454269,579,932
-0.4708697652540909,0.5069802768223621,0.01805525578413561,84.9375853644188,175.98615358827126,0.5373038053512573,579,932
-0.4712377173939911,0.5067977245909357,0.017780003598472316,84.98945553398019,176.11198681224616,0.5373400002717972,579,932
-0.4715357886078203,0.5064997501995647,0.01748198079587221,85.37028477154206,176.11427708123617,0.5372742116451263,579,932
-0.47143881746783506,0.5088226320827309,0.018691907307447936,85.28912536606097,176.0708730610901,0.5373139977455139,579,932
-0.47173221580855756,0.5059287524908276,0.01709826834113501,84.9411591844937,175.79126785700885,0.5372943133115768,579,932
-0.48021696291147603,0.5114510772327072,0.015617057160615594,82.43232214132769,175.97985369704108,0.5371234267950058,756,932
-0.48290109042369456,0.5078182733814629,0.012458591478884173,82.22840784855589,175.6733825807941,0.5369995087385178,756,932
-0.48145677525505953,0.500261103007167,0.00940216387605372,82.32549141039993,175.45870512794514,0.5369348526000977,756,932
-0.47926069889684175,0.4961243058155855,0.008431803459371862,82.64600385081414,175.39138465286484,0.5367746949195862,756,932
-0.4809227257466715,0.49657472165726857,0.007825997955298536,82.43688172393342,175.39049052335986,0.5367463231086731,756,932
-0.48173825992803443,0.4955145271221326,0.006888133597049095,82.124619332809,175.1801119706197,0.5367547571659088,756,932
-0.48129932891659116,0.4961119138292702,0.0074062924563395305,82.31839885295375,174.78669235408123,0.5367544889450073,756,932
-0.4831119282680492,0.49623047162317624,0.006559271677563511,82.75410547537624,174.57630530647882,0.5366329103708267,756,932
-0.4825434741696867,0.4968416309729636,0.007149078401638448,82.77618669309891,174.7212831936072,0.5367470681667328,756,932
-0.48292046562309765,0.4978518933137523,0.007465713845327321,82.85006817628465,175.08510898403728,0.5366311073303223,756,932
-0.48196486995435134,0.4940228151289954,0.006028972587322018,82.97559087542766,174.85126560786296,0.5366676449775696,756,932
-0.47799011411735415,0.4923594458284365,0.007184665855541172,83.06537499822649,174.75233880345365,0.5365044325590134,756,932
-0.48993122631220937,0.4874100290637279,-0.001260598624240744,83.50635872920603,175.31613744868764,0.5363776832818985,756,932
-0.4677662025906701,0.488501181880972,0.010367489645150968,85.73823757871878,176.03201237519212,0.5363556295633316,756,932
-0.46760191067546203,0.47473985587249357,0.0035689725985157683,84.60865945129132,172.59447415929677,0.5360074639320374,756,932
-0.4716119097096743,0.4819492626324674,0.005168676461396543,84.6345294720744,175.24357735679087,0.5362064391374588,756,932
-0.46883570869867486,0.4822967744025221,0.006730532851923626,84.70640636524845,175.31646593576465,0.5361188352108002,756,932
-0.46512608835116026,0.4758321902654899,0.005353050957164818,84.95921573785131,173.6850000629815,0.5358157157897949,756,932
-0.46868999247137005,0.4828873848962083,0.0070986962124191255,84.16251002237513,174.5365037037589,0.5361105501651764,756,932
-0.4723972059775492,0.48605944292372216,0.006831118473086484,83.93262866212814,174.33378847552606,0.5364400148391724,756,932
-0.46792337353296176,0.49720183825335,0.014639232360194127,83.84160284072149,174.8746011837226,0.5365917831659317,756,932
-0.4678323596091687,0.49501212887268553,0.01358988463175842,83.95210297511792,174.62938156853326,0.5366042405366898,756,932
-0.4655375239221007,0.49855260829321646,0.01650754218555789,84.23695873379563,175.01379253113788,0.5365107953548431,756,932
-0.4637369807878005,0.5063575143360034,0.021310266774101444,84.92727716860946,175.54676944701097,0.5365678668022156,756,932
-0.4646412440625517,0.4956162310213847,0.015487493479416498,84.04482771064798,174.49156703977437,0.536712646484375,756,932
-0.4670287373848058,0.49630691662496,0.014639089620077095,84.41839698688604,175.00418897272493,0.5367634892463684,756,932
-0.46816965082353357,0.4931174957565394,0.012473922466502918,84.06469395290374,174.81399061666156,0.5366858243942261,756,932
-0.47307906276147527,0.4954001766197671,0.011160556929145915,84.38456450116729,174.98745577261565,0.5366430878639221,756,932
-0.47615121748228123,0.4954891370237372,0.009668959770727986,83.91356775036303,175.39883386977505,0.5366697162389755,756,932
-0.4767053007123269,0.48339243729841735,0.003343568293045218,83.35650320321992,175.31370663457227,0.5365721136331558,932,932
-0.4877124913507965,0.47984371090092676,-0.003934390224934858,83.5039095923697,175.58298460267523,0.5364181250333786,932,932
-0.48264611595542506,0.4794068362999195,-0.001619639827752789,83.27997502944373,175.35796758091112,0.5364734828472137,932,932
-0.4873032462976053,0.4764247510095209,-0.005439247644042189,83.40817413002384,175.63053898044515,0.5364980399608612,932,932
-0.4908996470576826,0.4774593136883458,-0.006720166684668377,83.57158335114399,175.92258371908756,0.5362882912158966,932,932
-0.4899689947823666,0.48289510515658285,-0.003536944812891879,83.91193045295108,176.34063461782674,0.5363242477178574,932,932
-0.4863392875415782,0.4807881215000662,-0.0027755830207559784,83.98924883936193,176.1020990489884,0.5364474952220917,932,932
-0.493330203297412,0.48348576384401276,-0.004922219726699623,84.02798204093781,176.76240751622714,0.5363779366016388,932,932
-0.485278039488427,0.4772971857205241,-0.003990426883951459,83.31323647692268,175.67590765408673,0.5364341139793396,932,932
-0.49284592651933556,0.4750372589312898,-0.00890433379402289,83.24090133808895,175.92876923639406,0.5363015383481979,932,932
-0.4859038372459553,0.4671176860965799,-0.009393075574687715,84.18318993925436,175.0310094019477,0.5361243486404419,932,932
-0.4845704081422793,0.4666577739018056,-0.008956317120236867,83.72158795860926,174.75957443641323,0.5360309183597565,932,932
-0.4873520083707047,0.4653659530834344,-0.010993027643635134,83.91659097928667,174.1963962611938,0.535733699798584,932,932
-0.486658518644837,0.471414068869167,-0.007622224887835011,84.0346562420712,175.36470683581481,0.5359209030866623,932,932
-0.49072555538720425,0.46613018440280407,-0.012297685492200089,84.35023129318367,174.29702044096052,0.5357387065887451,932,932
-0.4959857804580449,0.4688596659163375,-0.013563057270853718,84.06122576702387,174.884835950092,0.5359293669462204,932,932
-0.49464010950292825,0.47283968531666976,-0.010900212093129247,83.72032991970443,176.07048890090968,0.5362302958965302,932,932
-0.4881267371373272,0.476899651507732,-0.00561354281479759,83.73768814496466,176.06993684568295,0.5363039076328278,932,932
-0.4886274136006695,0.4806797821117592,-0.003973815744455156,84.33447614861726,176.12828103528966,0.5364882946014404,932,932
-0.4973377741606737,0.48079347191990784,-0.008272151120382931,84.32910298376277,176.43234377978783,0.5367110371589661,932,932
-0.493795220399311,0.4809964267032194,-0.006399396848045802,84.22664722480914,176.4577583854016,0.5366979986429214,932,932
-0.48980889710047526,0.4817375566568753,-0.004035670221799986,84.59283026649912,176.3631235927561,0.5366889536380768,932,932
-0.4875629193269298,0.4826480571456474,-0.002457431090641199,84.21933831873477,175.68195680052236,0.5366582870483398,932,932
-0.49015616967156067,0.48403292419521876,-0.003061622738170955,84.0259342678736,176.0042529603929,0.5367146134376526,932,932
-0.4878482523560929,0.4839336169370826,-0.001957317709505163,84.28019230329745,175.89916474515104,0.5366358906030655,932,932
-0.4874176045130066,0.4818622222798056,-0.002777691116600506,84.35731615792312,176.03111322869862,0.5365657806396484,932,932
-0.483589254398356,0.4847158025402396,0.0005632740709418105,84.10735235930775,175.84820322885955,0.5366703569889069,932,932
-0.48447611751910674,0.4792697372872839,-0.0026031901159114246,84.11621866684823,175.42109330964362,0.536586195230484,932,932
-0.48302038562278204,0.47823401844760316,-0.0023931835875894425,83.58556523305816,175.48832431244338,0.5366149842739105,932,932
-0.4821093590953969,0.47648557149533427,-0.0028118938000313287,83.90001963631224,175.13996850159052,0.5365719199180603,932,932
-0.47521304323776276,0.4740205175455898,-0.000596262846086465,83.74762392765076,174.55367026457694,0.5364431738853455,932,932
-0.4857254922045645,0.47909028311795976,-0.003317604543302377,82.987706311339,175.040613164115,0.5360118746757507,932,932
-0.5014038102205688,0.4562389236585582,-0.022582443281005282,82.65813377402873,174.4416920920111,0.532391831278801,1109,932
-0.49986805967579057,0.4505241382763435,-0.024671960699723522,82.83110883740453,174.8859788552402,0.5327921807765961,1109,932
-0.4911215391600059,0.4336068711787375,-0.02875733399063421,82.52952610418554,173.95932491713714,0.5327887833118439,1109,932
-0.49396632833867865,0.44556331409209105,-0.024201507123293803,82.78239870172811,174.4445713476622,0.5329109281301498,1109,932
-0.4864219003264234,0.4486922973891032,-0.018864801468660097,82.96667316971038,173.6961722748099,0.5328653752803802,1109,932
-0.48947413709482385,0.46287209238498206,-0.013301022354920894,82.99554085587192,174.5279699925732,0.5331225097179413,1109,932
-0.4847161754359162,0.4612431202071952,-0.011736527614360504,82.23620655951399,173.56536085502387,0.5332060158252716,1109,932
-0.4906109432143447,0.45937455916774855,-0.015618192023298061,83.69565436412151,174.79778511031026,0.5331009924411774,1109,932
-0.495813342464068,0.4543902077196888,-0.0207115673721896,83.45303467098087,174.60037715184845,0.533004954457283,1109,932
-0.5002066354042749,0.4553512697686174,-0.022427682817828754,83.70853881248473,174.87978056893283,0.5329141616821289,1109,932
-0.5033621943549226,0.455152513551704,-0.02410484040160929,83.5508959613982,175.08038233699807,0.5328586995601654,1109,932
-0.5073075285460357,0.45626381582893394,-0.025521856358550865,83.64564477203155,175.8019003503961,0.5328262597322464,1109,932
-0.5065747944770513,0.457466312903838,-0.024554240786606674,83.64457818425731,175.68562411751626,0.533072367310524,1109,932
-0.5019559397314265,0.4555368621669125,-0.023209538782256983,83.13294147787222,175.70139719979534,0.5330547839403152,1109,932
-0.504719442452792,0.45651170112030787,-0.02410387066624206,83.15399806460002,175.81436466531724,0.5330301970243454,1109,932
-0.5197522562017618,0.4621235009465882,-0.02881437762758679,83.70737610147714,176.75431360030387,0.5330302864313126,1109,932
-0.49988805838753164,0.45918106123179603,-0.020353498577867807,82.5672233294469,174.54198759062186,0.533408522605896,1109,932
-0.4684357150597152,0.4322117954614064,-0.018111959799154392,85.63278214490111,172.29864139007702,0.5332046002149582,1109,932
-0.4582682675406002,0.3639179893870542,-0.04717513907677298,86.39969147856442,168.94871822453075,0.5322267562150955,1109,932
-0.44108856062841234,0.32754855405321076,-0.05677000328760079,85.87900756939845,163.48164659950328,0.5319013148546219,1109,932
-0.44726083959756,0.4041558989638183,-0.021552470316870853,85.6304440716327,168.96663854560336,0.533257856965065,1109,932
-0.4558138552909037,0.4148634380401125,-0.02047520862539559,83.68085372550173,168.60521259490963,0.5337109863758087,1109,932
-0.4829973164849045,0.418857225380876,-0.03207004555201426,83.52403934765519,170.9107601054369,0.5334736108779907,1109,932
-0.5016793263741828,0.4201438854975971,-0.040767720438292826,82.78626326759277,172.30373192708936,0.5334770083427429,1109,932
-0.5067886977352765,0.43431416193321615,-0.03623726790103016,82.01910774227963,173.08431917568046,0.5337879508733749,1109,932
-0.5110288412262175,0.4261575354810767,-0.042435652872570395,82.26622684857446,173.19725688143006,0.5335216671228409,1109,932
-0.5084756768516934,0.42854530905514876,-0.039965183898272305,81.80740784821833,172.88963579953793,0.533604234457016,1109,932
-0.5105942368659074,0.43319983566244974,-0.03869720060172885,81.864784779464,173.09153075825964,0.533829540014267,1109,932
-0.5097795526215435,0.436520279149115,-0.03662963673621425,81.47728041758725,173.37011818747106,0.5339319258928299,1109,932
-0.5094330726545924,0.43686806804828776,-0.0362825023031523,81.1628531886376,173.7271946074969,0.5339385569095612,1109,932
-0.510842560824967,0.43796095635088567,-0.03644080223704069,81.14740782230695,173.68247294844556,0.5339539647102356,1109,932
-0.5182042477481038,0.431002701023115,-0.043600773362494405,81.27559821774307,173.72162028392077,0.5334284603595734,1285,932
-0.5172557444052446,0.42198486505818966,-0.04763543967352746,81.20279577061007,173.1138318894118,0.5333382487297058,1285,932
-0.5201008279054707,0.4193352818048875,-0.050382773050291624,81.4414070758219,172.87325677842964,0.5332323461771011,1285,932
-0.5186290443270677,0.42167834581052094,-0.048475349258273376,81.69103585980238,173.23625105140684,0.5333134084939957,1285,932
-0.5230241752364115,0.41924668875345683,-0.05188874324147735,81.24270638011234,173.26283117563986,0.5334985554218292,1285,932
-0.5260419452916768,0.41897371297787755,-0.053534116156899625,81.59227626180233,173.3155204258957,0.533379390835762,1285,932
-0.5288729401687579,0.42215170290636717,-0.053360618631195345,81.66032349616135,173.6444657188728,0.5333766341209412,1285,932
-0.5270630843719724,0.42283204693171156,-0.0521155187201304,81.92313959463087,173.87143573186864,0.5335562974214554,1285,932
-0.5276589045564096,0.41976649360898,-0.053946205473714814,81.31842623023105,173.5222943609122,0.5335894376039505,1285,932
-0.5266549427722804,0.427892088322646,-0.0493814272248172,81.26659507522432,173.53932268960787,0.5338277518749237,1285,932
-0.5240966362417023,0.431720166708881,-0.04618823476641065,81.61283770168197,173.64750317130884,0.5337270349264145,1285,932
-0.5301976670981392,0.4279269301204734,-0.051135368488832905,81.69289482201293,173.64763387687796,0.5335682183504105,1285,932
-0.5268572201705946,0.42614598683287436,-0.0503556166688601,81.27188201936886,173.80456914497995,0.5337190628051758,1285,932
-0.5220223425134006,0.4289590570498679,-0.046531642731766354,81.47866928648382,173.156102729522,0.5337097644805908,1285,932
-0.5265586943031528,0.4294733732530189,-0.04854266052506698,80.99500990168042,173.63292988674436,0.5337333530187607,1285,932
-0.526592496875535,0.4298475757405792,-0.048372460567477904,81.17217294348323,172.9401674241404,0.5336207449436188,1285,932
-0.5209480232382656,0.43297947943304016,-0.043984271902612726,80.9467982247296,172.89234997225714,0.5337751507759094,1285,932
-0.526187890140837,0.431381178787266,-0.0474033556767855,80.6276068191363,172.67896226663672,0.5336678475141525,1285,932
-0.5322024573020318,0.4262735673293145,-0.05296444498635863,80.85489706763317,172.95847866847242,0.5335333049297333,1285,932
-0.5357585440030593,0.43119766763393014,-0.0522804381845646,81.36089682077888,173.48008461819188,0.5333943516016006,1285,932
-0.5184954342667357,0.4305417373095293,-0.0439768484786032,81.29891077500392,172.65826419662372,0.5337440371513367,1285,932
-0.511897984140404,0.43587980952288774,-0.03800908730875813,81.82416166351214,172.82088607535462,0.5337970703840256,1285,932
-0.5074589134398968,0.4339764553102848,-0.03674122906480601,81.62104452867817,172.3027707592491,0.5338956713676453,1285,932
-0.5022285405903487,0.43054576400532557,-0.03584138829251157,81.64123276422528,171.95081425244612,0.5336989611387253,1285,932
-0.49872211562381474,0.43041940437572157,-0.03415135562404659,81.84802179916744,172.12798712953403,0.5337806642055511,1285,932
-0.49918496493302345,0.4315050798425586,-0.033839942545232427,81.74897029133379,171.91692178164914,0.5336124002933502,1285,932
-0.5039918624412271,0.4306091948406172,-0.036691333800304926,82.05362570519213,172.29766151798975,0.5336036682128906,1285,932
-0.5043767469558069,0.4338273661514308,-0.03527469040218806,81.94409330135198,172.07391572920605,0.5337394028902054,1285,932
-0.5046531465239076,0.4286494740319396,-0.038001836245983994,81.79479483781897,172.5807361587181,0.5337355881929398,1285,932
-0.5043504782022162,0.43160979827877377,-0.03637033996172123,82.05327669757752,172.96790717065585,0.5335608571767807,1285,932
-0.506729332135032,0.4317178890633863,-0.03750572153582285,82.35909357684838,173.05069742351705,0.5334493219852448,1285,932
-0.5336683996836434,0.4212148411239425,-0.05622677927985048,81.42512037295326,173.33251235071924,0.5327063649892807,1462,932
-0.5344141536725631,0.4117337019186555,-0.061340225876953786,81.4435392935232,172.64328993225402,0.5325906276702881,1462,932
-0.5327175343388546,0.41712431567599695,-0.05779660933142883,81.36087712677809,173.17873475778575,0.5327648669481277,1462,932
-0.5315494727365545,0.4110987752733897,-0.06022534873158239,82.28598127113139,173.02319756940372,0.5325017720460892,1462,932
-0.5405399913313786,0.41916298497314164,-0.0606885031791185,81.92401135951322,173.34828325123988,0.5326538383960724,1462,932
-0.5422026188326474,0.418397165697126,-0.06190272656776072,81.74816632639778,173.77812057916998,0.5326701998710632,1462,932
-0.5386348577175993,0.4128627461876761,-0.06288605576496162,81.71027521831627,172.94959492549302,0.5326598137617111,1462,932
-0.5354164035965687,0.4121430136367556,-0.061636694979906564,81.6112005043961,172.87151514103553,0.5329041033983231,1462,932
-0.5398553479892326,0.4167576325618855,-0.06154885771367355,81.49799721764138,172.83252879174705,0.5329328030347824,1462,932
-0.5404056284955928,0.41650264871755543,-0.06195148988901869,81.16995430281725,173.3128573576441,0.5330245047807693,1462,932
-0.5434353596151037,0.4178315915214697,-0.062801884046817,81.29882397976178,173.32603686313755,0.5330238938331604,1462,932
-0.5381031498669173,0.4151041359635017,-0.061499506951707805,81.19333888710386,173.19527345166748,0.5330586731433868,1462,932
-0.5366352428807726,0.4236543191352386,-0.05649046187276699,80.93612051001608,173.44039394775294,0.5332557111978531,1462,932
-0.5364896263348046,0.41930895233587934,-0.05859033699946262,80.97221688343896,173.22444187649222,0.5331790745258331,1462,932
-0.5324369931343509,0.41377404905138165,-0.05933147204148462,81.16445700255261,173.04557321685337,0.5330226123332977,1462,932
-0.5287245599353507,0.41462041129497057,-0.05705207432019008,80.9974473077011,172.96950569071208,0.5330227762460709,1462,932
-0.530693988675183,0.4140928487991508,-0.058300569938016106,81.00729577284392,172.67839185171252,0.5330038219690323,1462,932
-0.5312131160071077,0.4106085614747247,-0.06030227726619153,80.66647501418053,172.32594501946798,0.5329672247171402,1462,932
-0.5325327205208749,0.406370517936337,-0.06308110129226893,80.65493448405036,172.47808205484512,0.532883033156395,1462,932
-0.44787435955114735,0.40247810923682203,-0.022698125157162657,85.14348140368405,166.06318451280123,0.5339496731758118,1462,932
-0.41326416325236964,0.4297657223735167,0.008250779560573518,88.04423289345766,172.1214551902969,0.5356078743934631,1462,932
-0.41461389025258993,0.41567895163550755,0.0005325306914588102,87.60726298649638,170.80196392484217,0.5351194441318512,1462,932
-0.40549273540717434,0.36251555016269105,-0.021488592622241648,86.65087113222157,162.17802912299263,0.5338109880685806,1462,932
-0.4754221197015303,0.3696287209729097,-0.052896699364310296,85.95349189899999,168.99134699943625,0.531894788146019,1462,932
-0.5049434468075116,0.3970954642405463,-0.05392399128348263,84.08335391556105,172.02971300385627,0.5317531228065491,1462,932
-0.5194309897567666,0.3989735680848861,-0.06022871083594025,81.5533114983626,171.0998072196406,0.5320219099521637,1462,932
-0.5281195350624871,0.41022357899988754,-0.05894797803129978,81.73352680517777,173.58432437035947,0.531879261136055,1462,932
-0.5245749956080024,0.4064735537773865,-0.05905072091530794,81.85610920804396,173.18883803829752,0.5320190787315369,1462,932
-0.526584121751236,0.41308059292366406,-0.05675176441378599,81.80437748205671,173.18600809552328,0.5321749746799469,1462,932
-0.5250718577818291,0.41330437313252527,-0.0558837423246519,81.59950063247682,172.6519491928482,0.532055526971817,1462,932
-0.5216020093619914,0.40779233089217376,-0.05690483923490883,81.87676058656015,171.83857145689984,0.532146543264389,1462,932
-0.5262937889996123,0.4124044037244317,-0.056944692637590305,82.09191819013037,172.62551243848614,0.5319496095180511,1462,932
-0.5257047973837257,0.40900818582112547,-0.0583483057813001,82.77531848470446,172.19497100737107,0.5320295989513397,1462,932
-0.5294378011811389,0.4063373845542839,-0.0615502083134275,82.79735569112313,172.33879494312538,0.5319579094648361,1462,932
