left_ratio_y,right_ratio_y,avg_ratio_y,left_height,right_height,avg_height,normalized_y,screen_x,screen_y
0.38873703751964156,0.3923703069354751,0.3905536722275583,28.00530719381418,32.62830168552149,30.316804439667834,0.776230663061142,50,50
0.4163940645359566,0.3945336556453625,0.4054638600906596,28.624447925207075,30.74222364412426,29.683335784665665,0.7758855521678925,50,50
0.4150794847804122,0.41365226674040917,0.4143658757604107,28.483869916000785,32.0403592206057,30.262114568303243,0.7758799493312836,50,50
0.41694504020107426,0.4174437087816721,0.4171943744913732,28.186591992136727,31.91851772448992,30.05255485831332,0.7759285569190979,50,50
0.4110417022015507,0.4064355144778426,0.40873860833969666,27.959485737666768,31.585002945644188,29.77224434165548,0.7756370007991791,50,50
0.41028108360276355,0.40067445588015005,0.4054777697414568,28.08396432924504,31.660947323495616,29.872455826370327,0.7754366099834442,50,50
0.39233805422450896,0.40555305394266805,0.3989455540835885,28.212433888179586,32.32293144268394,30.267682665431764,0.7753231227397919,50,50
0.4323391556964685,0.41023285965116935,0.42128600767381896,26.41883637152075,30.608627876304926,28.51373212391284,0.7747873961925507,50,50
0.44545648125065085,0.41288127324410545,0.4291688772473782,26.90245702678104,30.80238086531551,28.852418946048275,0.7747352123260498,50,50
0.44154652436367847,0.41475957464247193,0.4281530495030752,27.124207829646167,31.2680343367073,29.196121083176735,0.7746095657348633,50,50
0.46940604964054344,0.41499963152397124,0.44220284058225734,28.190053420873245,30.943903764367484,29.566978592620366,0.7737562358379364,50,50
0.4720548310273973,0.4118422561857179,0.4419485436065576,28.36515673038077,30.148739476324643,29.256948103352705,0.7725383043289185,50,50
0.4696064994442107,0.41641618644155276,0.4430113429428817,28.65519131722928,30.174219554707758,29.41470543596852,0.7713189125061035,50,50
0.4972699646133434,0.43054703870724914,0.4639085016602963,29.669946978421244,31.42061736424339,30.545282171332317,0.7712981700897217,50,50
0.49302250767767103,0.43541006914284236,0.4642162884102567,29.88547325642693,31.35206828965831,30.61877077304262,0.7709528803825378,50,50
0.4795103912825491,0.4274731997057055,0.4534917954941273,29.364467623450132,33.7667050653984,31.565586344424265,0.7700182497501373,50,50
0.4896885147601066,0.4250905561077116,0.45738953543390914,30.21856203712523,32.44087461137208,31.329718324248656,0.7696623504161835,50,50
0.4809074668375093,0.41876240694666106,0.4498349368920852,31.318478715196576,30.901667992528946,31.11007335386276,0.7689019441604614,50,50
0.47542072707929534,0.4213672586933287,0.448393992886312,31.09945002574389,31.534382174406026,31.31691610007496,0.7666209638118744,50,50
0.4605971496725491,0.4317814690517795,0.4461893093621643,31.97175661730804,31.52713582860785,31.749446222957943,0.7656814455986023,50,50
0.45582362162786993,0.4168454741041097,0.4363345478659898,31.641977003011586,31.814220543781232,31.72809877339641,0.7637775540351868,50,50
0.4411540821436425,0.4105158897333289,0.4258349859384857,32.418806149583226,30.64476043262929,31.531783291106258,0.7612822353839874,50,50
0.48753035291100766,0.4228902264604731,0.4552102896857404,30.319189455140364,31.520064886929152,30.919627171034758,0.7597232758998871,50,50
0.48180758398594187,0.43749028318781435,0.4596489335868781,30.144615415604704,32.50372461476175,31.324170015183228,0.7552597522735596,50,50
0.47812568432143177,0.4504221749336935,0.46427392962756264,29.331165294852,33.76258509807974,31.54687519646587,0.7489479184150696,50,50
0.5088886934725263,0.4718503253717069,0.4903695094221166,29.667524731786138,33.18594850946385,31.426736620624993,0.7370629608631134,50,50
0.4872750608722023,0.4843522269720169,0.4858136439221096,31.25098015521072,32.05651163502234,31.65374589511653,0.7316811084747314,403,50
0.48844072304865505,0.47782565037783875,0.4831331867132469,30.80329411157573,31.23499927361888,31.019146692597303,0.7323684096336365,403,50
0.48240088977888246,0.47942450988981916,0.4809126998343508,30.7108362451829,31.90598092161597,31.308408583399434,0.7327746748924255,403,50
0.4862884902173464,0.47799610548267746,0.48214229785001195,31.01468172045807,31.820191387417346,31.41743655393771,0.7328202426433563,403,50
0.4881634032670984,0.48160122516354376,0.4848823142153211,30.937100461630518,31.967617411816143,31.45235893672333,0.7329840362071991,403,50
0.4876974045183776,0.4879577737492808,0.4878275891338292,30.280161538022384,31.9786119282235,31.129386733122942,0.7329151034355164,403,50
0.4986084186543262,0.48113575442323175,0.489872086538779,30.480999428181825,31.53026565657081,31.00563254237632,0.7327737212181091,403,50
0.4919936339939631,0.4861532152520519,0.4890734246230075,30.648232639017277,32.151867922386266,31.40005028070177,0.7327192425727844,403,50
0.4985632329855309,0.47454626985282483,0.48655475141917787,30.85277851823679,32.012584374366284,31.432681446301537,0.7325814664363861,403,50
0.5026316158122914,0.463807692104611,0.48321965395845123,30.819876891940165,31.092844862095184,30.956360877017673,0.7326122224330902,403,50
0.5109819862012941,0.48028270518482413,0.49563234569305914,30.647549184214558,31.98393930812099,31.315744246167775,0.7328104674816132,403,50
0.5053774708439499,0.4705682749906371,0.4879728729172935,30.958508802363593,31.793056992406424,31.375782897385008,0.7327207624912262,403,50
0.4980493678774778,0.4802206370385103,0.489135002457994,30.340855142979375,31.84236212523454,31.091608634106958,0.7325930893421173,403,50
0.48465941252707884,0.4811260827183659,0.4828927476227224,29.859255153681232,31.776416178634623,30.817835666157926,0.7324976921081543,403,50
0.46191659052175393,0.48117902012441294,0.47154780532308344,29.7064041308439,31.256522347600725,30.481463239222315,0.7313869595527649,403,50
0.4588357780614078,0.4917748531036029,0.4753053155825053,29.966753813255796,30.77208469654582,30.36941925490081,0.731139212846756,403,50
0.46414773331266973,0.5033989764617265,0.4837733548871981,29.703268056175926,31.549363863002522,30.626315959589224,0.7308176755905151,403,50
0.4691443104024649,0.5082668055620572,0.488705557982261,29.78044503871354,31.260630917688353,30.52053797820095,0.7303116619586945,403,50
0.474073345703147,0.5103007760197266,0.4921870608614368,29.14967545155689,30.900136187897953,30.024905819727422,0.7300279438495636,403,50
0.4652357450524769,0.5149572446034683,0.4900964948279726,29.094865958791964,31.067746982786986,30.081306470789475,0.730260044336319,403,50
0.459745996379271,0.510259231539908,0.48500261395958955,29.646570018549813,32.25695252337472,30.951761270962265,0.7301341891288757,403,50
0.4541092438888833,0.5062246140616024,0.4801669289752428,29.32038356515309,31.658870047442147,30.48962680629762,0.7300052344799042,403,50
0.4589285638121284,0.5226258503622564,0.4907772070871924,28.971665117333284,31.616968782383832,30.29431694985856,0.7301951944828033,403,50
0.47574169696812146,0.5081576478447047,0.4919496724064131,29.91682437818901,32.018553833435135,30.96768910581207,0.7302578389644623,403,50
0.4646910342653165,0.5093965501159599,0.4870437921906382,29.26472902381496,31.836678138541608,30.550703581178283,0.7300764918327332,403,50
0.4652035997632423,0.5228569111321827,0.4940302554477125,29.121507325710482,32.333085444281146,30.727296384995814,0.7304457426071167,403,50
0.4595697508793151,0.45873025740632983,0.4591500041428225,28.624065473200318,32.13232324339526,30.37819435829779,0.7312597930431366,756,50
0.463892328375414,0.46426123411737424,0.4640767812463941,28.502356327102692,31.95056725859259,30.22646179284764,0.731267899274826,756,50
0.4584605835396699,0.4592453725548427,0.45885297804725633,28.812666076085225,32.20084962520283,30.50675785064403,0.7309793829917908,756,50
0.4594454523682989,0.46615926214691966,0.4628023572576093,29.148255811290653,32.354755576555895,30.751505693923274,0.73094642162323,756,50
0.4618769393147527,0.4739780221693208,0.4679274807420367,29.19327553409121,32.2496603453793,30.721467939735255,0.7310564815998077,756,50
0.4639670123752683,0.4696462386493881,0.4668066255123282,28.89152612933109,31.70141159445089,30.29646886189099,0.7305392324924469,756,50
0.4680954837766843,0.4662852647760646,0.46719037427637444,29.44423497111518,32.182969499154176,30.813602235134677,0.7306597232818604,756,50
0.46084737738176534,0.46772078619674634,0.46428408178925584,28.861932196266128,31.97147399710843,30.41670309668728,0.7304607033729553,756,50
0.47278385831652797,0.46265082328505924,0.46771734080079364,29.068105112693527,32.309171965090904,30.688638538892214,0.7303592562675476,756,50
0.46842422005666,0.471602925061231,0.4700135725589455,29.012809085111623,33.26996886608474,31.141388975598183,0.7304596304893494,756,50
0.4651484363249063,0.4744028789092955,0.46977565761710094,28.93868474499761,32.42024710208668,30.679465923542143,0.7304080724716187,756,50
0.4745024665491645,0.48008916130691603,0.47729581392804027,28.95183406466294,33.74597928362096,31.34890667414195,0.7304066121578217,756,50
0.4701873960885447,0.47879918607092764,0.47449329107973615,28.98807499472595,33.600270950715235,31.29417297272059,0.7303161323070526,756,50
0.4760446984826418,0.47120367179976114,0.47362418514120147,29.1590496721443,33.007990552773045,31.08352011245867,0.7301948964595795,756,50
0.4784220466178825,0.47707266183737757,0.47774735422763004,29.175482932911994,33.56075977980071,31.368121356356355,0.730106383562088,756,50
0.4674296784653639,0.48574039359260585,0.47658503602898483,29.31086149342728,33.52061688337437,31.415739188400828,0.7299960851669312,756,50
0.4634554254309917,0.47944870518869553,0.4714520653098436,29.09537382780311,32.67196184052679,30.883667834164953,0.7296701967716217,756,50
0.47053732327336306,0.4894450894611158,0.47999120636723946,29.36435336274037,33.55913632482838,31.461744843784373,0.729749858379364,756,50
0.4558869174317425,0.4839254048929385,0.4699061611623405,28.620197394434577,33.24607278209977,30.933135088267175,0.7295739650726318,756,50
0.4649491769880924,0.47617921966557025,0.47056419832683133,29.092445965298282,32.991191150531904,31.041818557915093,0.7294960618019104,756,50
0.46610140032143943,0.488466551285919,0.4772839758036792,28.957412121809956,33.73153003910015,31.34447108045505,0.7295539975166321,756,50
0.4568802738747077,0.4790699173590187,0.46797509561686323,28.589813601179088,33.29655105300554,30.943182327092313,0.7295537292957306,756,50
0.4666880212376919,0.48798827064697897,0.4773381459423354,28.983360033929582,32.9356361203066,30.95949807711809,0.7295622527599335,756,50
0.47598880360742113,0.4768475302639962,0.47641816693570865,28.98882484553939,33.33887481985609,31.16384983269774,0.729500025510788,756,50
0.47614143982667584,0.4800422326350171,0.4780918362308465,29.25398235551471,33.8047951144838,31.52938873499926,0.7295339107513428,756,50
0.473689948234278,0.47168579523182735,0.4726878717330527,28.90990047989541,33.225228494695855,31.067564487295634,0.7294515371322632,756,50
0.4729501077829981,0.4815843015310286,0.47726720465701333,29.40224432065096,33.33524163116365,31.368742975907303,0.7296307384967804,756,50
0.4710395493875921,0.47556896243832103,0.47330425591295655,28.682398999499455,33.573070915386715,31.127734957443085,0.7296187877655029,756,50
0.4724606699758823,0.4784619224878113,0.4754612962318468,29.373706609567265,34.05300853913609,31.713357574351676,0.7297505140304565,756,50
0.47929712619289017,0.4808641093228471,0.48008061775786864,29.118320715192134,33.354110249781215,31.236215482486674,0.7299098074436188,756,50
0.4824533868091707,0.48408059434402095,0.48326699057659583,29.781500948800385,33.97744271434933,31.879471831574858,0.7301311492919922,756,50
0.490555762217699,0.4655940772612388,0.4780749197394689,31.43736215840702,30.096427091836134,30.766894625121576,0.7300214171409607,1109,50
0.4923480371034445,0.47984784468268493,0.4860979408930647,31.206949418575586,30.446956957976283,30.826953188275937,0.7300462424755096,1109,50
0.48826258067053957,0.47827639468492744,0.4832694876777335,31.511971455070682,29.816016387320236,30.66399392119546,0.7299640774726868,1109,50
0.5018027064961423,0.4576188328908903,0.47971076969351634,31.04127590071208,29.349989625747455,30.195632763229767,0.7298947870731354,1109,50
0.4967507161703747,0.4685943462645674,0.48267253121747106,31.61497794449487,29.822265491213678,30.718621717854276,0.7298979461193085,1109,50
0.4998545431601649,0.4605016618170317,0.4801781024885983,31.606303547008014,29.342247261763372,30.474275404385693,0.7298901379108429,1109,50
0.4965395600960489,0.46352473699205077,0.48003214854404985,31.58499188287231,30.357027682847928,30.97100978286012,0.7298552691936493,1109,50
0.4997622269064108,0.470307299838556,0.4850347633724834,31.783326758276154,30.840944143717213,31.312135450996685,0.729812741279602,1109,50
0.49942275350709764,0.4621437662220814,0.48078325986458953,31.7496350012966,30.8232718166901,31.28645340899335,0.7299379408359528,1109,50
0.5118756094494258,0.4674741262177496,0.4896748678335877,32.27506714330711,30.97566898228495,31.62536806279603,0.7299191355705261,1109,50
0.5016380662367851,0.4599589104879994,0.48079848836239225,31.928441104980347,30.77403029928633,31.351235702133337,0.7298729717731476,1109,50
0.5126286479943876,0.4710499612235753,0.4918393046089814,33.44723410591065,30.421975310540688,31.93460470822567,0.7291556000709534,1109,50
0.5031664616425787,0.4880929575373352,0.495629709589957,32.35701710305723,30.758638581114027,31.55782784208563,0.7290476858615875,1109,50
0.5170698432882203,0.49598200786908897,0.5065259255786546,33.58858947127272,31.40024581397877,32.49441764262575,0.7285405099391937,1109,50
0.5125257804319958,0.4842513657424706,0.49838857308723317,33.44138724647659,31.2408645394216,32.341125892949094,0.7281821966171265,1109,50
0.5295245788976696,0.4792490626060388,0.5043868207518541,34.274639142487295,31.080844045880934,32.67774159418411,0.7279682159423828,1109,50
0.5221844379280364,0.46780675934917515,0.49499559863860576,35.03724787864854,31.411596554066158,33.224422216357354,0.7278907597064972,1109,50
0.5162459779440292,0.460814297387586,0.48853013766580755,34.72055048453215,31.27302800195527,32.99678924324371,0.7280163764953613,1109,50
0.5169409362873225,0.4722638208550966,0.4946023785712096,35.66087298036131,31.76560337998444,33.71323818017288,0.7282381653785706,1109,50
0.5293405595752835,0.4681449076934759,0.4987427336343797,36.02071053718346,31.33404233464275,33.677376435913104,0.7284147441387177,1109,50
0.5174263767131699,0.4713999504238209,0.4944131635684954,35.632268559725176,31.62826608524349,33.63026732248433,0.7283937931060791,1109,50
0.5165384191263837,0.47509589276590164,0.4958171559461426,35.51618259815041,31.680306922749658,33.59824476045003,0.7283300757408142,1109,50
0.5219680849258828,0.4685988306601773,0.49528345779303007,35.35725283701069,31.276901817225614,33.317077327118156,0.7285909056663513,1109,50
0.5126083387011592,0.4731679498193099,0.49288814426023453,35.12403881046103,31.153643790429815,33.13884130044542,0.7285899519920349,1109,50
0.5177846019216833,0.4737938499921563,0.49578922595691977,35.15918024090166,31.58965401390034,33.374417127401,0.7286758422851562,1109,50
0.5189081899847734,0.472413639486957,0.4956609147358652,34.999065274700946,31.62498841175202,33.312026843226484,0.72858726978302,1109,50
0.5141906812000184,0.46800345924618164,0.4910970702231,34.71911766206739,30.772550247196996,32.74583395463219,0.7284394800662994,1109,50
0.5148468435702136,0.47780948741345797,0.4963281654918358,35.10010717874608,30.92120289034016,33.01065503454312,0.7285459339618683,1109,50
0.5315043988355602,0.46979890883596404,0.5006516538357622,35.16760220346194,31.231536179387472,33.19956919142471,0.7285082042217255,1109,50
0.5269212908031202,0.4711062014239995,0.49901374611355986,35.219498795250026,30.626996296673045,32.92324754596154,0.7286949753761292,1109,50
0.5228322563046999,0.4739131789832611,0.4983727176439805,35.01242644229483,30.83638460058316,32.924405521439,0.7285671532154083,1109,50
0.5313374444757837,0.4685586134233722,0.4999480289495779,33.87759253958846,30.749829059555154,32.31371079957181,0.7284829020500183,1109,50
0.5157942775550269,0.4829556168747551,0.499374947214891,34.213801597202306,30.779927353433546,32.49686447531793,0.7287412881851196,1109,50
0.5141421134548064,0.4679025013522545,0.4910223074035305,34.623861246903104,31.12093330568559,32.87239727629435,0.7285859882831573,1109,50
0.5334652231086228,0.4521753104455896,0.4928202667771062,34.86228198419383,29.339867482061877,32.10107473312785,0.7276400327682495,1462,50
0.5111864193306173,0.4584456116999817,0.4848160155152995,35.16683516654004,28.448104656593955,31.807469911566997,0.7273766398429871,1462,50
0.5177612887837928,0.4643094251939559,0.49103535698887435,34.35834057649238,28.846650362120055,31.60249546930622,0.7270933985710144,1462,50
0.5022381191932833,0.4608563806436814,0.48154724991848236,34.74135905442293,29.34340850262556,32.04238377852425,0.7264416813850403,1462,50
0.49945169460956373,0.44112070405163295,0.47028619933059834,34.94239764722534,30.742035563807736,32.84221660551654,0.7262011468410492,1462,50
0.5063298502849852,0.457384691106497,0.48185727069574114,35.4657500183457,30.13627783253361,32.801013925439655,0.7259300947189331,1462,50
0.5016905859316053,0.45166414104926794,0.47667736349043666,35.47395713480106,30.230212599538522,32.85208486716979,0.7260617315769196,1462,50
0.5084904016455881,0.47257693323297256,0.49053366743928034,35.9149977314227,28.98480003856852,32.44989888499561,0.7261794209480286,1462,50
0.514750757024836,0.4472240642790432,0.4809874106519396,35.02762336441941,29.012071279942614,32.019847322181015,0.7261800765991211,1462,50
0.515597462031217,0.4788698518532616,0.4972336569422393,34.82789598544881,28.31757592439046,31.572735954919636,0.7265322208404541,1462,50
0.5066929842172165,0.4666049103233114,0.486648947270264,34.28599805313797,28.868358964489712,31.577178508813844,0.7266574203968048,1462,50
0.5009361329602618,0.46278623419839565,0.4818611835793287,35.1177086391551,28.487019830627087,31.802364234891094,0.7265037894248962,1462,50
0.5016688966443632,0.4558388018814478,0.47875384926290554,34.67555806759679,29.338915331771986,32.007236699684384,0.7264003455638885,1462,50
0.5106418589681236,0.4850115877009412,0.49782672333453243,36.52648606054562,28.393661853741683,32.46007395714365,0.7266480922698975,1462,50
0.5110891387656029,0.4552125041383178,0.48315082145196037,35.79560880504903,30.441717569820668,33.11866318743485,0.725929468870163,1462,50
0.5128847317089459,0.45745824923097267,0.4851714904699593,35.82466887766409,29.9848029138127,32.9047358957384,0.7260920107364655,1462,50
0.5173106662569893,0.46077886943441776,0.4890447678457035,36.17034382839581,29.910097557118572,33.04022069275719,0.7259622812271118,1462,50
0.5192655631478442,0.4604057387651614,0.48983565095650283,36.1554141214329,28.875915488963383,32.51566480519814,0.726320743560791,1462,50
0.5213460862687546,0.45218719999721263,0.48676664313298357,36.407977059978,29.217378904643105,32.812677982310554,0.7259861528873444,1462,50
0.5217196260617979,0.46857450520834293,0.4951470656350704,36.44841492458316,28.400678064319234,32.4245464944512,0.7261063158512115,1462,50
0.5220764784362879,0.46463274063348337,0.49335460953488564,35.94077462014856,27.472428587632923,31.70660160389074,0.7261165380477905,1462,50
0.5115491296608519,0.4680596349557103,0.48980438230828105,35.73623967721266,27.797623098519367,31.766931387866013,0.7260038554668427,1462,50
0.5175012865887805,0.4848037319029103,0.5011525092458454,35.927641735938096,27.47477081776297,31.701206276850534,0.7262559235095978,1462,50
0.5146678658674676,0.4735414845275835,0.49410467519752554,35.77334433027089,27.994439369463045,31.883891849866966,0.725660651922226,1462,50
0.5319121055327221,0.4837204587825584,0.5078162821576402,35.74829748182901,27.197613539254736,31.472955510541873,0.7263709008693695,1462,50
0.5219412689600531,0.48824942614917116,0.5050953475546122,36.784931821806765,26.982906078492384,31.883918950149575,0.7261403799057007,1462,50
0.518743973254103,0.4613632707835744,0.49005362201883873,35.63607494347815,28.46395652745211,32.05001573546513,0.725727915763855,1462,50
0.5226025304799214,0.46440863102178853,0.493505580750855,35.761710395512345,28.82302298924745,32.2923666923799,0.7260937094688416,1462,50
0.5247632220642059,0.4688409962517037,0.4968021091579548,35.6816864686027,27.820496553528805,31.751091511065752,0.7262542843818665,1462,50
0.5263451293649598,0.47998274522354345,0.5031639372942516,35.7667053257924,27.553580255106525,31.660142790449463,0.726107269525528,1462,50
0.5224943674499575,0.47072540450717765,0.4966098859785676,35.90254267285782,28.366496225083296,32.13451944897056,0.7260594964027405,1462,50
0.5167848698674982,0.45800634878213536,0.48739560932481674,36.12829560982433,29.852361694564088,32.99032865219421,0.7253482639789581,1462,50
0.5161484086720954,0.46182893424719396,0.4889886714596447,36.80691181300891,29.170941585202563,32.98892669910573,0.7257713973522186,1462,50
0.516432592816314,0.45205679782213315,0.4842446953192236,36.7133637391168,29.001669023811576,32.85751638146419,0.725585550069809,1462,50
0.5267436309171143,0.4861808559114928,0.5064622434143036,35.349676300872154,28.307897381860666,31.82878684136641,0.7261163890361786,1462,50
0.4347674338824126,0.4958574960011424,0.46531246494177747,23.244871095230273,27.872309291170954,25.558590193200615,0.7286353409290314,50,160
0.353297421166395,0.4806345895435275,0.41696600535496126,5.128378555423023,20.649447124403046,12.888912839913035,0.7395263612270355,50,160
0.9357251907123969,-0.33820700195290043,0.29875909437974824,2.674878956826739,4.594904833167646,3.6348918949971925,0.7465909719467163,50,160
0.7462624058625745,0.30862085152313073,0.5274416286928526,3.2867000266688557,10.85193986569172,7.069319946180288,0.7456435859203339,50,160
-0.06228469625242795,0.5093452103870243,0.22353025706729818,4.571297099932122,22.918197328982966,13.744747214457544,0.7392511367797852,50,160
0.20723600290403008,0.5333393076196832,0.37028765526185664,11.832388700444428,24.430493036521298,18.131440868482862,0.7349762916564941,50,160
0.3662278300748132,0.5344958071626331,0.45036181861872315,19.260693574150995,25.796619795435593,22.528656684793294,0.733290046453476,50,160
0.3771602853413708,0.46686151107870777,0.4220108982100393,20.9427199339281,25.835025311837384,23.388872622882744,0.7318259179592133,50,160
0.41208382252706793,0.4661208010077359,0.4391023117674019,21.011483809428825,26.59656671698714,23.804025263207983,0.7308898568153381,50,160
0.431856926766348,0.4732202560875854,0.45253859142696673,23.054814462522614,28.149066113467175,25.601940287994893,0.7302072644233704,50,160
0.44516557225751396,0.48177702218533536,0.46347129722142466,23.059960574766656,27.388163333408766,25.22406195408771,0.729854166507721,50,160
0.44806999068188125,0.4608548729707063,0.45446243182629376,23.87750918628112,28.164590506646213,26.02104984646367,0.729324996471405,50,160
0.4488205944139233,0.4575978202621437,0.4532092073380335,24.687381948214608,28.03657976270125,26.36198085545793,0.7291536629199982,50,160
0.44850198866042285,0.47367213361427124,0.46108706113734704,24.637317178504563,27.763974425467275,26.20064580198592,0.7293291985988617,50,160
0.46532986700226625,0.47286385648440393,0.4690968617433351,25.615302274907734,28.115828448260427,26.865565361584082,0.7289794683456421,50,160
0.456264875902291,0.47399634550498415,0.4651306107036376,24.56295453300345,28.07758044337607,26.32026748818976,0.7288374900817871,50,160
0.46464600243598053,0.46773911880383134,0.46619256061990594,24.707314667431476,28.930202438664306,26.818758553047893,0.7286041676998138,50,160
0.46580526160493135,0.46639198330334425,0.4660986224541378,24.74256315373077,28.527508480342902,26.635035817036837,0.7286266088485718,50,160
0.48119481201516634,0.45163002816285364,0.46641242008900996,24.807022000607716,29.157355631753763,26.982188816180738,0.728519856929779,50,160
0.4835378588603809,0.4414389652564944,0.46248841205843766,24.99767300521397,28.912219957077834,26.954946481145903,0.7282393276691437,50,160
0.4909977020043489,0.4632865646081485,0.47714213330624866,24.65511176256257,28.864347040374923,26.759729401468746,0.7283869385719299,50,160
0.49586988946242183,0.47158717987558846,0.4837285346690051,24.86125469312528,28.778632820728784,26.81994375692703,0.728396087884903,50,160
0.5056723099956094,0.45938175419148175,0.4825270320935456,25.27336193387035,28.968867781819775,27.121114857845065,0.7283287942409515,50,160
0.5068583747134898,0.47495180621173544,0.49090509046261266,25.06105469779111,28.8043586810008,26.932706689395957,0.7284990847110748,50,160
0.5084504241289667,0.4811784526015159,0.4948144383652413,25.302391504710307,29.042065745873554,27.17222862529193,0.7287490665912628,50,160
0.5042254237627019,0.47264962767361346,0.4884375257181577,24.99326778335354,29.026103995087624,27.009685889220584,0.7286997437477112,50,160
0.5060186359717966,0.4743163681250304,0.49016750204841353,25.18088060791949,29.09606074184796,27.138470674883727,0.7288017868995667,50,160
0.5060343698700034,0.4550476814976679,0.4805410256838356,25.270798941455393,29.525586619414092,27.39819278043474,0.7286511361598969,50,160
0.5094698095600783,0.4563535197275292,0.48291166464380375,25.53492155489541,29.60331874486259,27.569120149878998,0.7284695208072662,50,160
0.4620760344699106,0.43932000224741563,0.4506980183586631,26.020111915023804,31.608891631503266,28.814501773263537,0.7294673025608063,403,160
0.4347676445375757,0.42448243237710137,0.42962503845733857,25.918582093128016,31.01649100008385,28.467536546605935,0.7286294996738434,403,160
0.44780647337739043,0.43845471567490985,0.4431305945261501,26.82294826506748,31.06080252692215,28.941875395994813,0.7283632755279541,403,160
0.4511763344980441,0.45175218357891617,0.45146425903848014,27.607370942717264,31.301023067736534,29.4541970052269,0.72823566198349,403,160
0.4597308920493763,0.44645700377658787,0.4530939479129821,27.247265395125353,31.695481211038867,29.47137330308211,0.7277637422084808,403,160
0.4676011837240528,0.4580421537580714,0.4628216687410621,26.950556867452967,31.918348003631813,29.43445243554239,0.7277578115463257,403,160
0.4647768483367328,0.4570978426804093,0.460937345508571,27.43385538158756,31.972598728372546,29.703227054980054,0.7274901866912842,403,160
0.46629146528338417,0.4558738241631636,0.46108264472327387,27.864514399098667,32.556626677522104,30.210570538310385,0.7277286052703857,403,160
0.4713905275272763,0.4590766094752827,0.4652335685012795,27.975239725557092,32.03011700425803,30.00267836490756,0.7281710803508759,403,160
0.4736044590583013,0.45516832694018133,0.46438639299924134,27.691281979427313,31.912399851353836,29.801840915390574,0.7279498875141144,403,160
0.46214264366238056,0.4621662216823484,0.46215443267236445,27.24227512818891,32.080217964591405,29.66124654639016,0.7282053828239441,403,160
0.46358047799329893,0.4460111043938012,0.45479579119355007,27.203743716998673,32.777750636215785,29.99074717660723,0.7278996706008911,403,160
0.4644046399218789,0.4471671555716212,0.45578589774675005,27.437545856484665,32.08263172439094,29.760088790437806,0.7279637157917023,403,160
0.4653008726757178,0.4541557778223089,0.45972832524901336,28.43184644927599,32.08291041307464,30.25737843117532,0.7281397879123688,403,160
0.46381291251500456,0.4567504820441462,0.46028169727957535,28.05991350795863,32.236084013505064,30.147998760731845,0.728196769952774,403,160
0.4602460882150444,0.45026790059551963,0.455256994405282,28.222824843645068,32.02281917456774,30.122822009106407,0.7282090485095978,403,160
0.4674424313486016,0.4614519057537527,0.4644471685511772,28.502924469448757,31.786007294002985,30.14446588172587,0.7288025319576263,403,160
0.47330569938038214,0.45889649138232785,0.466101095381355,28.549150175583417,31.07813836618704,29.813644270885227,0.7288779020309448,403,160
0.46553096385994547,0.4750725976593847,0.4703017807596651,28.76003363794018,30.555978979144445,29.658006308542312,0.7286154627799988,403,160
0.4682865030639917,0.47536656474873645,0.4718265339063641,29.373251843095606,31.166504307066713,30.26987807508116,0.7284873723983765,403,160
0.472340006872965,0.469796348636371,0.471068177754668,29.666728140325965,31.367359383091113,30.51704376170854,0.7282733023166656,403,160
0.47882874948550586,0.4763580540394438,0.47759340176247483,29.812542857325973,31.29150026804191,30.55202156268394,0.7282690107822418,403,160
0.47925783844507647,0.4766037133823152,0.4779307759136958,29.477859631226263,31.96123723967484,30.71954843545055,0.7282397449016571,403,160
0.4760324360539631,0.47320454446035254,0.47461849025715785,29.433908389772956,31.578388686275726,30.50614853802434,0.7282098829746246,403,160
0.4798561955260609,0.4741271839321478,0.47699168972910433,29.33056206128734,31.680678518019143,30.50562028965324,0.7281434834003448,403,160
0.4842554572796753,0.4765161618307775,0.48038580955522636,28.973047585217987,31.89051299763491,30.43178029142645,0.7281403541564941,403,160
0.48852695474164154,0.4844014961013992,0.48646422542152035,29.415329944518735,31.27556795258636,30.345448948552548,0.7282079458236694,403,160
0.48277952816509445,0.47181687789167115,0.4772982030283828,29.150959199977382,32.13269233213559,30.641825766056485,0.7280792593955994,403,160
0.485944372563033,0.48773254862320786,0.4868384605931204,29.31003147147866,31.53486571416939,30.422448592824026,0.7280214428901672,403,160
0.4683879985645102,0.4806672065457029,0.4745276025551065,29.8868044292414,32.46271320465045,31.174758816945925,0.7280197739601135,403,160
0.4855918616045357,0.47109816565980694,0.4783450136321713,28.89516637085145,31.787767942737833,30.341467156794643,0.7280566692352295,403,160
0.46997205531726943,0.49640383842165453,0.483187946869462,29.970845180696216,31.460188122198954,30.715516651447587,0.727963387966156,403,160
0.470590471736971,0.48386551933090266,0.4772279955339368,29.9436341233431,31.694694728679146,30.81916442601112,0.7280755043029785,403,160
0.47299995204280604,0.4893135472790967,0.48115674966095134,29.77272722670506,32.11523362775154,30.943980427228304,0.7279968559741974,403,160
0.4654805574183414,0.48817381164782914,0.47682718453308526,29.376618771182777,31.377265385343314,30.376942078263045,0.7275290787220001,756,160
0.4608898872971931,0.47344271183898723,0.4671662995680902,29.667267682161917,32.20114431943492,30.93420600079842,0.7275108397006989,756,160
0.4659313843159807,0.492908732179502,0.47942005824774137,29.467564600666396,31.413841138733765,30.440702869700083,0.7276539206504822,756,160
0.45896504561338786,0.486910925015571,0.4729379853144794,29.642875896811404,31.255974401654516,30.449425149232958,0.7274869680404663,756,160
0.4599528434896206,0.49851500402750204,0.47923392375856133,29.493421817210844,31.119316782225326,30.306369299718085,0.7275702655315399,756,160
0.46380388723503957,0.49784363728298503,0.4808237622590123,30.020086528382073,31.539108083238315,30.779597305810192,0.7274892628192902,756,160
0.4622818295226475,0.48420025299275066,0.47324104125769906,29.90935519065336,30.643906234305124,30.276630712479243,0.7275118827819824,756,160
0.450905893394992,0.480383545192143,0.4656447192935675,29.753821483869682,31.592367686788304,30.673094585328993,0.7272098660469055,756,160
0.4474440139173874,0.47188885015395315,0.45966643203567026,29.892958499193714,31.554300146692107,30.723629322942912,0.726902186870575,756,160
0.4396254182621188,0.4574644606197579,0.4485449394409383,29.891454498094173,31.670185178587626,30.7808198383409,0.7260151207447052,756,160
0.4433284660117241,0.48347712697761286,0.4634027964946685,29.87250520662361,31.51058436294052,30.691544784782067,0.7257844805717468,756,160
0.439826937307039,0.4966656891973282,0.4682463132521836,29.24855777964036,31.567379653880437,30.4079687167604,0.7249595522880554,756,160
0.451792510901242,0.5186110797146997,0.4852017953079708,30.89186593334978,31.644135538183612,31.268000735766698,0.7244080305099487,756,160
0.4522456497413985,0.49311102210186303,0.4726783359216308,30.212835304862256,31.227199218087883,30.72001726147507,0.7228926420211792,756,160
0.44782688810422533,0.47143242326103596,0.45962965568263064,30.798008366646208,31.855624187215817,31.326816276931012,0.7216814160346985,756,160
0.4532104129627627,0.48590408636855675,0.4695572496656597,31.264085286170765,31.87358254419969,31.568833915185227,0.7213656604290009,756,160
0.4332202390956546,0.4893973525940413,0.46130879584484796,31.45333800405612,31.460212957242206,31.456775480649164,0.7209775745868683,756,160
0.4632088819193951,0.5081605749143251,0.48568472841686006,31.28201780144561,32.07955511510608,31.680786458275847,0.7225538194179535,756,160
0.47621466270478285,0.5065611114241909,0.4913878870644869,30.03877965596766,32.15161805598507,31.095198855976363,0.7240521907806396,756,160
0.4657944789140691,0.502988617980083,0.48439154844707605,30.224028397975644,32.80576898183492,31.514898689905284,0.7253351211547852,756,160
0.4734709647337551,0.46946125357600454,0.47146610915487985,30.924055878968158,31.027338063268157,30.975696971118158,0.7266184985637665,756,160
0.4705948809332169,0.4919362288952848,0.4812655549142508,31.408929428992863,32.255061969325354,31.83199569915911,0.7271496653556824,756,160
0.47522180665520114,0.4764989392004947,0.4758603729278479,31.872121200295137,32.250615253611514,32.06136822695333,0.7269761860370636,756,160
0.4706372087763291,0.4957549685090299,0.4831960886426795,30.77008491629286,31.39073397124597,31.080409443769415,0.727217435836792,756,160
0.36435795588584413,0.4790169328479072,0.42168744436687566,23.016362262693633,25.3779293953702,24.197145829031918,0.7290565669536591,756,160
0.2077980147179554,0.29538136719899816,0.2515896909584768,3.9488483112882866,16.44797269920748,10.198410505247884,0.7399185001850128,756,160
0.46673808969537584,0.17136908522495328,0.31905358746016454,2.785591834211363,9.501428297917629,6.143510066064496,0.7415256500244141,756,160
0.15201075664454997,0.3594334588930375,0.2557221077687937,5.918934090510258,17.216835704528094,11.567884897519177,0.7375731766223907,756,160
0.34001272702377194,0.45019621734745524,0.3951044721856136,17.33803361886457,19.68283712568222,18.510435372273395,0.7331604361534119,756,160
0.36195418198524537,0.4330988562636889,0.3975265191244671,20.569782225051224,21.36607143507532,20.96792683006327,0.7296659648418427,756,160
0.3960630687006946,0.46892551041669417,0.4324942895586944,23.899552718535254,25.980765998272428,24.94015935840384,0.7283427119255066,756,160
0.4109231131731745,0.46925423004407496,0.44008867160862475,24.99753911102399,27.661147868768335,26.32934348989616,0.7274419069290161,756,160
0.43238811284412926,0.46822439144961714,0.4503062521468732,26.485966569990254,28.53162625138582,27.508796410688035,0.7276115417480469,756,160
0.4422912345982114,0.47285566714842964,0.4575734508733205,26.384581557233837,29.09895017933044,27.741765868282137,0.7274181246757507,756,160
0.43230746451656604,0.47041284503155945,0.45136015477406277,27.9853245368847,28.69611591759518,28.34072022723994,0.7260810732841492,1109,160
0.4446126073187058,0.46805980934947994,0.45633620833409283,27.799493705906738,28.338387008449768,28.068940357178253,0.7262144088745117,1109,160
0.4592628588008757,0.4645065656443022,0.461884712222589,28.064868138552328,28.570682913535688,28.31777552604401,0.7263765633106232,1109,160
0.44721618491831255,0.4658803784128891,0.4565482816656008,28.341670603988657,28.63165408234635,28.486662343167502,0.7262764573097229,1109,160
0.4532424077431023,0.46302624352998834,0.4581343256365453,28.40016043723501,28.326970689314596,28.363565563274804,0.7262145578861237,1109,160
0.45891361741468595,0.4612695636742135,0.4600915905444497,28.490351423789495,28.390610640682542,28.44048103223602,0.726475179195404,1109,160
0.45495686609764996,0.4588959126786229,0.45692638938813646,28.290731967593008,28.350050356473016,28.32039116203301,0.7263826727867126,1109,160
0.45923475268052083,0.4619357527352567,0.46058525270788875,28.03911155855622,28.42408212756822,28.23159684306222,0.7265336513519287,1109,160
0.45245778883430954,0.46724560502297413,0.4598516969286418,28.382683355449764,28.588501125918018,28.485592240683893,0.7265090346336365,1109,160
0.46234242485186605,0.455400616476419,0.4588715206641425,28.15417088709708,28.26132736919231,28.207749128144695,0.7263024151325226,1109,160
0.4629684182877745,0.46150079094293,0.46223460461535226,28.606094118164506,28.565668845190306,28.585881481677404,0.7262876331806183,1109,160
0.461424731542635,0.46645700499153275,0.4639408682670839,28.42263720390729,28.549614683529914,28.4861259437186,0.7262063026428223,1109,160
0.4564705909872282,0.46882639911656454,0.46264849505189637,29.18478429542726,28.914186963673703,29.04948562955048,0.7261678874492645,1109,160
0.452499324250314,0.46969814382027303,0.4610987340352935,29.126806182279342,28.64288476459164,28.88484547343549,0.7259515225887299,1109,160
0.46437145851319017,0.4796824668532921,0.4720269626832411,28.504554373078236,28.60000250587472,28.552278439476478,0.726322740316391,1109,160
0.4521248406477019,0.45981495325555855,0.45596989695163026,29.265830915850973,28.777078497878403,29.021454706864688,0.726699024438858,1109,160
0.4666821172472566,0.45695191024535503,0.4618170137463058,31.198177109371205,30.136645050607836,30.66741107998952,0.7285582721233368,1109,160
0.49825920441236055,0.4100269370809393,0.45414307074664995,27.788862380704156,30.334497509066654,29.061679944885405,0.7323490083217621,1109,160
0.5109228181062455,0.43826096074407983,0.47459188942516267,30.0706457482944,31.83318438031949,30.951915064306945,0.7336623072624207,1109,160
0.5042652897054966,0.43738149099593,0.4708233903507133,29.464011734911136,32.0233250227109,30.743668378811016,0.7341457307338715,1109,160
0.5025436613793686,0.4729457427881364,0.4877447020837525,29.917338008250557,31.294863930219147,30.606100969234852,0.7344353199005127,1109,160
0.49474944911008073,0.48192937072362096,0.4883394099168509,30.208055535117847,30.588743414338964,30.398399474728407,0.7342369258403778,1109,160
0.4948271273194183,0.4724945791673853,0.4836608532434018,29.751374092224054,30.62692084774573,30.189147469984892,0.7339930832386017,1109,160
0.49206112625083054,0.47191014601758813,0.4819856361342093,29.876096609287107,30.834816708915298,30.3554566591012,0.7335854768753052,1109,160
0.4851240065061316,0.4874071667372911,0.4862655866217114,30.23789722163506,31.551823426602006,30.894860324118532,0.7332760989665985,1109,160
0.48625209162869665,0.47410497689459896,0.4801785342616478,30.03310986679749,31.241155557352542,30.637132712075015,0.7331462502479553,1109,160
0.4723270632279301,0.48018962942056087,0.47625834632424546,30.085539705800773,30.92786724627141,30.506703476036094,0.7325437664985657,1109,160
0.47503259995191804,0.4848985949599995,0.4799655974559588,31.00452454414863,31.203811545403855,31.104168044776245,0.7321081757545471,1109,160
0.46501463571969814,0.44791551420729514,0.45646507496349664,31.068346996727016,30.374848206033047,30.721597601380033,0.7315824627876282,1109,160
0.471099776357667,0.47315705138202657,0.4721284138698468,30.20955626929991,31.164837216115956,30.687196742707933,0.7306059896945953,1109,160
0.5195452429076226,0.480060812743201,0.4998030278254118,28.673791926367606,28.164722574247794,28.4192572503077,0.7280153334140778,1462,160
0.5206848191017056,0.4848973370331263,0.502791078067416,29.336876379178598,27.64443942547778,28.490657902328188,0.727524995803833,1462,160
0.5290814899144808,0.4804456441856649,0.5047635670500729,29.65289605976894,28.076241816065988,28.86456893791746,0.7274771630764008,1462,160
0.5169950696748311,0.4839130630788861,0.5004540663768586,29.125768073056268,27.936789057125214,28.53127856509074,0.727128654718399,1462,160
0.4985673658232209,0.4720815020909131,0.48532443395706704,28.50080422179685,28.085788946147062,28.29329658397196,0.7270262539386749,1462,160
0.5017838934032142,0.47484792460239894,0.4883159090028065,28.869492025261565,28.39515177088845,28.632321898075006,0.7270535528659821,1462,160
0.4925914022423438,0.47341639106615346,0.48300389665424864,28.90027745028259,28.489444532785512,28.69486099153405,0.7269567847251892,1462,160
0.48939955838736465,0.46226749777409665,0.47583352808073065,28.588669005627366,27.28825187391509,27.938460439771227,0.7265465259552002,1462,160
0.4847314036528385,0.4774976756211375,0.481114539636988,28.26810922210111,28.19241771006615,28.230263466083628,0.7267850339412689,1462,160
0.487564890813105,0.46484635092669657,0.4762056208699008,28.43667560425829,27.68719223831875,28.06193392128852,0.726555198431015,1462,160
0.4935530888130642,0.4626188066876121,0.4780859477503382,28.63097684729104,27.757473577267717,28.194225212279378,0.7264678478240967,1462,160
0.4935383504702888,0.4580003456862752,0.475769348078282,28.513008619096894,28.126348688733735,28.319678653915314,0.7264897525310516,1462,160
0.4932427556857628,0.4713809564168051,0.48231185605128396,28.770364694355372,28.03220810643869,28.401286400397034,0.7266551554203033,1462,160
0.49845269098601114,0.454771594614199,0.4766121428001051,28.726263106546792,28.230491500206504,28.478377303376647,0.726397305727005,1462,160
0.4954905455063928,0.4715032763716439,0.48349691093901837,28.63140345769111,28.368984351161817,28.500193904426464,0.726670891046524,1462,160
0.4921138839227523,0.45383589136903496,0.4729748876458936,28.874296383197244,27.896502869951394,28.38539962657432,0.7265257835388184,1462,160
0.49402308949665164,0.4579486232642318,0.4759858563804417,28.97002166898423,28.38535951794522,28.677690593464725,0.7267086505889893,1462,160
0.49506061765097586,0.4623879755572505,0.4787242966041132,28.901505626938015,28.648407844226345,28.77495673558218,0.7268171012401581,1462,160
0.49394891542178504,0.46854720212433765,0.4812480587730613,28.65468909165568,28.404119073686772,28.529404082671228,0.7268037796020508,1462,160
0.4893482393886386,0.4626740908838583,0.4760111651362484,28.441701895111077,28.01322164955534,28.227461772333207,0.7267914414405823,1462,160
0.4922628210024966,0.4591080411603544,0.47568543108142547,28.582836397542543,27.94000773998737,28.261422068764958,0.7264610826969147,1462,160
0.4941508834861225,0.46777099722132054,0.4809609403537215,28.598685634864662,28.11766955895528,28.35817759690997,0.7268948256969452,1462,160
0.49267625624423866,0.47640496119118936,0.484540608717714,28.73746280894228,28.5151656564879,28.62631423271509,0.7270776033401489,1462,160
0.4902044197149033,0.4719371709403219,0.4810707953276126,28.542517491931417,28.55896241434899,28.5507399531402,0.7268638908863068,1462,160
0.4864012626554336,0.4600406972890115,0.47322097997222257,28.605023158283075,28.693412763243273,28.649217960763174,0.7269267439842224,1462,160
0.5277366428857861,0.5282161142936885,0.5279763785897373,29.534148182879967,31.20009587698018,30.367122029930073,0.7275163233280182,50,270
0.5340730671584542,0.5470834025872429,0.5405782348728485,29.784477638394616,31.303343692522446,30.543910665458533,0.7278377413749695,50,270
0.5354853151256,0.5471158758637916,0.5413005954946959,29.491103303393125,31.954492259696824,30.722797781544976,0.7278781235218048,50,270
0.5356174835179908,0.5506651985235019,0.5431413410207464,29.642830443429062,31.911722037999375,30.77727624071422,0.7278959453105927,50,270
0.5231855105410002,0.5449792712284682,0.5340823908847342,29.83191189262105,31.90282669421857,30.867369293419813,0.7276336550712585,50,270
0.5210396870280497,0.5406477392943689,0.5308437131612094,29.726454827408844,32.38667443084767,31.056564629128257,0.7275543808937073,50,270
0.5314025505591635,0.5430418616801268,0.5372222061196452,29.8015108442263,31.299944229821456,30.550727537023878,0.7274409234523773,50,270
0.5285901389050242,0.5520904311165878,0.540340285010806,29.45881580399508,32.42434435523368,30.94158007961438,0.7273844182491302,50,270
0.5293769533864306,0.5320933507540346,0.5307351520702326,29.647411493211802,30.904394186065428,30.275902839638615,0.7271458208560944,50,270
0.5423384607460495,0.5464729450538226,0.5444057028999361,29.502899211297233,32.11424279509565,30.80857100319644,0.7276673316955566,50,270
0.5487353185509991,0.5482541118401528,0.5484947151955759,29.491548839807418,32.02399985919533,30.757774349501375,0.7275495231151581,50,270
0.5420273679220229,0.5501354363673264,0.5460814021446747,29.840849680752278,31.458018007054267,30.649433843903275,0.727545440196991,50,270
0.5442886014142121,0.555881892741718,0.550085247077965,29.524214770647685,31.723300766269187,30.623757768458436,0.7274384796619415,50,270
0.5447932609938796,0.550261533213035,0.5475273971034573,29.528650698470233,31.709114721860903,30.61888271016557,0.7274406850337982,50,270
0.5349219973822372,0.5495827292310611,0.5422523633066492,29.85345851918662,31.94763594934162,30.90054723426412,0.727415531873703,50,270
0.5368319207529865,0.54597588632608,0.5414039035395333,29.768711233422213,31.969806400735852,30.869258817079032,0.7272129654884338,50,270
0.5344362034604236,0.5574704558485905,0.545953329654507,29.299662898153198,31.96719784763514,30.633430372894168,0.7273373007774353,50,270
0.5392260269843041,0.5611495789574118,0.550187802970858,29.65420961897561,32.50441126000446,31.079310439490037,0.727454662322998,50,270
0.5348468225302978,0.5529553111042806,0.5439010668172892,30.39890381603488,32.82381115349288,31.611357484763882,0.7273823320865631,50,270
0.5278796722732265,0.5637562619367286,0.5458179671049775,29.832475196095892,32.772837822360735,31.302656509228314,0.7274000942707062,50,270
0.5350679641756653,0.5557741111018654,0.5454210376387654,29.5858098848372,32.472591627446086,31.02920075614164,0.7272908389568329,50,270
0.5275895102978053,0.5657902450756144,0.5466898776867098,29.35301970351194,33.03252817582409,31.192773939668015,0.7277131974697113,50,270
0.5328625179999354,0.5638381688567397,0.5483503434283375,29.57863667381933,32.08032107853176,30.829478876175543,0.7275709211826324,50,270
0.5221767087131354,0.5228159221276676,0.5224963154204014,31.38108786821752,31.533321596428028,31.457204732322772,0.7269676029682159,403,270
0.527478052607388,0.5253235854083498,0.5264008190078688,31.556782532287393,31.581187257700048,31.56898489499372,0.7271032929420471,403,270
0.5258059598185316,0.522047784334789,0.5239268720766603,31.667418786592776,31.57059468411588,31.619006735354326,0.7270456552505493,403,270
0.5275186136043348,0.5198167736336401,0.5236676936189875,31.477477321464065,31.246530633733357,31.36200397759871,0.7270700037479401,403,270
0.5317840486007436,0.5242749893880541,0.5280295189943989,31.60243393084649,31.6127967038995,31.607615317372996,0.7270714640617371,403,270
0.5389063586647591,0.5213838144658872,0.5301450865653232,31.601892537878587,31.80143012152338,31.701661329700983,0.7272487878799438,403,270
0.5243250488287649,0.518266421641795,0.52129573523528,31.859867324857145,31.44905702746646,31.6544621761618,0.7270116209983826,403,270
0.5228699678131205,0.5262684915973153,0.5245692297052178,31.818766339032205,31.56509391751488,31.69193012827354,0.7272469699382782,403,270
0.5301426999931576,0.5275392535018616,0.5288409767475095,31.29993570913417,31.852693122453996,31.576314415794084,0.7271632850170135,403,270
0.5310260413696125,0.530777561862856,0.5309018016162342,31.873020818629108,31.986664333616993,31.92984257612305,0.7269508540630341,403,270
0.5153447572834875,0.5099839833285986,0.5126643703060431,31.516929732224234,31.308989104088845,31.41295941815654,0.726844996213913,403,270
0.5196638515461607,0.508390801482432,0.5140273265142963,31.524656777726122,30.879980645640135,31.202318711683127,0.72674959897995,403,270
0.5219313013986193,0.5197110007293791,0.5208211510639993,31.58454733355831,31.384184894527667,31.484366114042988,0.7269619703292847,403,270
0.5163233988048058,0.5284434347789143,0.5223834167918601,31.407072753502348,31.260007937249352,31.33354034537585,0.7269770503044128,403,270
0.5218724273419908,0.5342257000162491,0.52804906367912,31.68962761758436,31.469564400293763,31.579596008939063,0.7271001636981964,403,270
0.5232113030944681,0.5388640883433778,0.5310376957189229,31.499034528347682,31.223770090366234,31.361402309356958,0.7270389795303345,403,270
0.5138508059541237,0.527334090418657,0.5205924481863904,31.779562241184145,31.875095588528783,31.827328914856466,0.7269077599048615,403,270
0.5186212032385062,0.5335074012173867,0.5260643022279465,31.333209393926346,31.04461782687132,31.188913610398835,0.7269956469535828,403,270
0.5151330526330368,0.5330697746956647,0.5241014136643507,31.666342809216935,31.207527908918436,31.436935359067686,0.7269814014434814,403,270
0.5223282902542683,0.5281523746924692,0.5252403324733688,31.74836339564623,31.651051491490605,31.699707443568418,0.7270580232143402,403,270
0.5186103640656767,0.5258354926066737,0.5222229283361752,31.848614683575168,31.33314629630223,31.590880489938698,0.7270477414131165,403,270
0.5263868527609118,0.5250402365332896,0.5257135446471006,31.74620404674575,31.811932737691166,31.779068392218456,0.7271911799907684,403,270
0.520334550526466,0.5271244972104707,0.5237295238684684,31.61441749808991,31.665387142371923,31.639902320230917,0.7270940542221069,403,270
0.5300058590031221,0.5220633734555089,0.5260346162293155,31.540121635925534,31.635250219452526,31.58768592768903,0.7272321581840515,403,270
0.5170067409052763,0.5374239217696786,0.5272153313374774,31.408890978591113,31.5553883280919,31.482139653341505,0.7270760536193848,403,270
0.5290705210565104,0.5316247683572933,0.5303476447069019,31.765370028436124,32.255602517026446,32.010486272731285,0.7272042334079742,403,270
0.5198213255262055,0.5359642323419262,0.5278927789340659,31.339877649588477,31.933909360533466,31.63689350506097,0.727182000875473,403,270
0.5299429168678919,0.5357974990390857,0.5328702079534888,31.849247318163087,32.331071867416945,32.090159592790016,0.727299153804779,403,270
0.5158230130590782,0.5346380778133448,0.5252305454362115,31.534007751568577,32.127866333307495,31.830937042438038,0.7271464169025421,403,270
0.5320151636312646,0.5380363226480922,0.5350257431396783,31.637951753395065,31.936073212743647,31.787012483069354,0.7272414565086365,403,270
0.4396668103296483,0.4789255136757533,0.45929616200270085,25.728456261973964,27.023532766805815,26.375994514389888,0.7281915545463562,756,270
0.33504916037363686,0.16448612157642648,0.24976764097503168,6.636364512963168,9.658332602526968,8.147348557745069,0.7401206791400909,756,270
1.3259822109180268,0.16681281628965364,0.7463975136038402,4.446458270427551,8.14325554467945,6.2948569075535,0.7447669804096222,756,270
0.664528507317542,0.3658401904756974,0.5151843488966197,4.594069730844402,19.559469712636737,12.07676972174057,0.7404580116271973,756,270
0.24895711922570593,0.5297187248097995,0.38933792201775275,10.87238075462672,21.042925217441663,15.95765298603419,0.7362120747566223,756,270
0.30511288623624433,0.4883588415484137,0.396735863892329,19.697395460026115,24.05926762245568,21.878331541240897,0.7319765686988831,756,270
0.3686989561945897,0.50972481323737,0.43921188471597983,21.901029724089938,26.99998960558678,24.450509664838357,0.7302616536617279,756,270
0.39177641089730136,0.484737178633769,0.43825679476553514,23.19408401389351,27.19647619363996,25.195280103766734,0.7293266355991364,756,270
0.40828609514314274,0.5114559564993345,0.4598710258212386,24.403769717714468,28.914720767082986,26.659245242398725,0.7285995185375214,756,270
0.42309660032348695,0.5014630877856674,0.46227984405457717,25.033103833076073,28.416584869423,26.724844351249537,0.728365421295166,756,270
0.43039470969327737,0.5162672039487227,0.473330956821,25.325499475791332,28.86445975188468,27.094979613838007,0.7283039391040802,756,270
0.4282508367566702,0.5148898340444659,0.47157033540056803,25.530746868035717,29.233227786823182,27.38198732742945,0.7283145189285278,756,270
0.4354688537586066,0.5054806620097188,0.4704747578841627,25.994219709788204,29.688875728117388,27.841547718952796,0.7279436588287354,756,270
0.4316433683523278,0.5046464282379092,0.4681448982951185,25.616275699673437,29.839365271952623,27.72782048581303,0.7278332710266113,756,270
0.43634037334128256,0.495022938305542,0.46568165582341225,26.157988370143634,29.17757073763892,27.66777955389128,0.7277721762657166,756,270
0.42577674495397616,0.5087867058890704,0.46728172542152324,25.96031288857411,29.684985218745044,27.822649053659575,0.7277154624462128,756,270
0.42927781802047693,0.5031373550251506,0.46620758652281374,25.785926819607575,29.54234678563753,27.66413680262255,0.7277339398860931,756,270
0.43069025228342994,0.5049042031245803,0.4677972277040051,26.083394669386646,30.294206944664612,28.18880080702563,0.7276444435119629,756,270
0.4285632139590163,0.4946693701138132,0.46161629203641474,26.106204696380136,29.636584820010633,27.871394758195386,0.7275005877017975,756,270
0.43556998164819993,0.5060072723329045,0.47078862699055224,26.052473314498496,28.70257405109702,27.377523682797758,0.7275349497795105,756,270
0.4276507840532911,0.5050186300686048,0.46633470706094793,25.977659415554292,29.957969155245166,27.96781428539973,0.7274591326713562,756,270
0.4364156763919322,0.5108332768395202,0.47362447661572615,26.016148702367133,29.870889118238303,27.943518910302718,0.7274606227874756,756,270
0.43427633733082627,0.5174248453417847,0.4758505913363055,26.146978021279956,31.104831838948023,28.62590493011399,0.7274342477321625,756,270
0.43380531177034204,0.521420400237366,0.47761285600385406,25.958271646018225,30.639566829974754,28.29891923799649,0.7275401949882507,756,270
0.42678085443479313,0.5191377721980536,0.4729593133164234,25.762730041959458,30.59895196451884,28.18084100323915,0.727387547492981,756,270
0.4226305995522566,0.5210014302038168,0.4718160148780367,26.13879200607017,29.677855978158863,27.908323992114518,0.7274337708950043,756,270
0.42553311122792187,0.5224886658237683,0.47401088852584505,25.966855956047485,29.737898589041695,27.85237727254459,0.727418452501297,756,270
0.427249316021328,0.5125204638374202,0.4698848899293741,25.90729902792819,29.904185633422887,27.905742330675537,0.7272993326187134,756,270
0.4314762413656098,0.520141303291575,0.4758087723285924,26.002461316046343,30.141283088952974,28.07187220249966,0.7273462414741516,756,270
0.4299936271810996,0.5069405908008843,0.468467108990992,26.09391405322627,29.502677486869576,27.798295770047922,0.7271615862846375,756,270
0.44266398209001345,0.4943745276698933,0.4685192548799534,25.543930097631673,29.67340094924791,27.60866552343979,0.7272324860095978,1109,270
0.4640356532399057,0.49493492149896806,0.47948528736943685,25.672733211287387,29.554091104672143,27.613412157979766,0.7271833717823029,1109,270
0.4679622191625402,0.4998971156992409,0.48392966743089055,25.391977934989175,29.811613343669347,27.60179563932926,0.7271928787231445,1109,270
0.4715633883107596,0.48409606026558427,0.47782972428817194,24.65503211765918,28.768629548866684,26.71183083326293,0.7271652519702911,1109,270
0.4719010678494252,0.4855714128568552,0.4787362403531402,25.205000403119314,28.83937740480008,27.022188903959695,0.7267993688583374,1109,270
0.47960422220571236,0.4930370928886828,0.48632065754719755,25.04807716525201,29.48245129483315,27.265264230042582,0.727005124092102,1109,270
0.4556199803764376,0.49325239669653026,0.47443618853648395,25.50506433725916,29.35447485745856,27.42976959735886,0.7268864214420319,1109,270
0.47301533107737376,0.48966795767147686,0.4813416443744253,25.147259084563895,28.11380002392587,26.63052955424488,0.7267754375934601,1109,270
0.4691500077858819,0.4883917688701681,0.478770888328025,25.754145748063348,28.398679589590824,27.076412668827086,0.7267229557037354,1109,270
0.4761350125706228,0.4838004445470559,0.47996772855883935,25.65835208040319,28.236150520726063,26.947251300564627,0.7263930439949036,1109,270
0.4710667309076238,0.4818288504107014,0.4764477906591626,26.020642850427617,28.945815440644996,27.483229145536306,0.7261340320110321,1109,270
0.4847739545378591,0.48841687907347553,0.4865954168056673,25.666799633597055,28.450993699013377,27.058896666305216,0.726076751947403,1109,270
0.4886870375019816,0.4879998986100796,0.48834346805603057,25.436512282329804,28.791101371513065,27.113806826921433,0.7259711027145386,1109,270
0.4819580809903179,0.4817070478112428,0.48183256440078037,25.44050541996655,29.142362008017056,27.2914337139918,0.7259563207626343,1109,270
0.4719606277208106,0.4842482452758061,0.47810443649830836,25.997138199874268,28.623995816995045,27.310567008434656,0.7258520722389221,1109,270
0.4864443147024707,0.4901950659479382,0.48831969032520445,25.649860147181688,28.94897603763854,27.299418092410114,0.7259600162506104,1109,270
0.4855198103483233,0.49336942074566453,0.4894446155469939,25.78103718504881,29.490253236843614,27.635645210946212,0.7259629964828491,1109,270
0.48628312618023956,0.4893627059391008,0.4878229160596702,25.90551138798947,28.837468038814787,27.371489713402127,0.7257530093193054,1109,270
0.4856920988263623,0.490476318188133,0.48808420850724765,26.15532649529788,29.441085112203186,27.798205803750534,0.7257218360900879,1109,270
0.4836478534653644,0.48563304030081916,0.48464044688309177,25.386892411474058,28.3567969669675,26.87184468922078,0.7255679666996002,1109,270
0.4758199566304651,0.49031378565392403,0.4830668711421946,26.18876155524161,29.517408182370286,27.853084868805947,0.725569486618042,1109,270
0.4793736525579614,0.49142448050585724,0.48539906653190934,25.827836041964613,28.84891386943251,27.338374955698562,0.7255727052688599,1109,270
0.4748855585328641,0.48576176057130943,0.4803236595520868,25.692514352330953,28.764997187388715,27.228755769859834,0.7255828976631165,1109,270
0.46595705314124036,0.4951473716673288,0.4805522124042846,26.051784669280565,29.128115722997514,27.58995019613904,0.725622147321701,1109,270
0.4700465221636701,0.48846638473370413,0.4792564534486871,26.265973624039923,28.94336189007135,27.604667757055637,0.7256475985050201,1109,270
0.47492351838821634,0.4917304089983561,0.4833269636932862,26.48068210301569,28.896290297665825,27.688486200340755,0.7255793213844299,1109,270
0.4851307887432108,0.4943114182303098,0.4897211034867603,26.553544104511133,29.355396861303685,27.95447048290741,0.7257944047451019,1109,270
0.4875820983247061,0.4922610561024861,0.4899215772135961,26.57583614979552,28.707039678735523,27.641437914265524,0.7259060442447662,1109,270
0.48524550241424586,0.490940498227597,0.4880930003209214,26.54647079295175,28.646186114974306,27.59632845396303,0.7257503569126129,1109,270
0.4888428321180012,0.4941126742678572,0.4914777531929292,26.825841394466842,28.57132357354607,27.698582484006458,0.7259203493595123,1109,270
0.48778947979924087,0.4979562435184991,0.49287286165887,26.398124835172407,28.551812179868225,27.474968507520316,0.7259810566902161,1109,270
0.4908932367640228,0.5003887180819064,0.49564097742296465,26.3367813832945,29.204061339214082,27.770421361254293,0.7259430885314941,1109,270
0.48122885597559995,0.49182167455852116,0.4865252652670605,26.30614389510065,28.941712236920583,27.623928066010617,0.7259699702262878,1109,270
0.4778535483708883,0.4357937509695154,0.45682364967020184,24.93454140977251,25.65518626437458,25.294863837073546,0.7259746491909027,1462,270
0.5021307313096681,0.4145287373292485,0.45832973431945834,26.196201445689052,25.118333387165045,25.657267416427047,0.7260152101516724,1462,270
0.4858953726929623,0.4275254367911278,0.45671040474204505,25.766012170246228,25.15833886242205,25.46217551633414,0.7256174087524414,1462,270
0.5005284990589616,0.4182804230620184,0.45940446106049,25.56549993583884,25.16544088937327,25.365470412606054,0.7256289124488831,1462,270
0.48825479683762285,0.4207316887444986,0.45449324279106074,25.786001476577372,25.533063605889442,25.659532541233407,0.7253184914588928,1462,270
0.49230362114136134,0.42729663129843937,0.45980012621990035,25.359225248837298,24.845498606917733,25.102361927877517,0.7253235578536987,1462,270
0.4993639151147598,0.41383376424711393,0.45659883968093684,25.69408899195282,25.616596862372916,25.65534292716287,0.7253592908382416,1462,270
0.4920783641242228,0.42437176358081447,0.4582250638525186,24.989628372630975,25.309349791775485,25.14948908220323,0.7254869341850281,1462,270
0.4829776453401327,0.4258941725434344,0.45443590894178354,26.1885016564549,25.431241356318555,25.809871506386727,0.7248635292053223,1462,270
0.48555638688135416,0.4194647092958543,0.45251054808860425,25.25568594587419,25.144727023210258,25.200206484542225,0.7252536714076996,1462,270
0.487274614075451,0.42571418544933115,0.45649439976239103,26.15796998786667,25.21729263158947,25.68763130972807,0.7248622477054596,1462,270
0.4798562828123364,0.422067412102358,0.4509618474573472,25.176046271591677,24.783313328739393,24.979679800165535,0.724929004907608,1462,270
0.48578649902060683,0.4193470195928262,0.4525667593067165,25.781195228118726,24.97970170373194,25.380448465925333,0.72476527094841,1462,270
0.4906457755892903,0.430535738304841,0.46059075694706564,25.747722633343958,25.126866790412095,25.437294711878025,0.7246587574481964,1462,270
0.48202489147184874,0.43810141768627353,0.4600631545790611,25.751482640762184,25.73795605771384,25.74471934923801,0.7245310246944427,1462,270
0.4754072462669335,0.4270038961129217,0.4512055711899276,25.502375060453744,25.870329457354785,25.686352258904265,0.7244298458099365,1462,270
0.4596585740398102,0.43285120235755276,0.4462548881986815,25.86132265118459,25.41436949322943,25.63784607220701,0.7242871224880219,1462,270
0.4934067115680357,0.4339165219989736,0.4636616167835047,26.281811690218056,25.861123085948503,26.071467388083278,0.724454402923584,1462,270
0.48370068941048466,0.4234945357430744,0.45359761257677955,25.924042745546338,25.080719590248712,25.502381167897525,0.7242628037929535,1462,270
0.47983871639181147,0.4412088673813413,0.4605237918865764,26.203391886537993,26.204339285976417,26.203865586257205,0.7241680920124054,1462,270
0.4773130830878245,0.4366274426745246,0.45697026288117454,25.921802790186042,25.221549490433357,25.571676140309698,0.724241703748703,1462,270
0.4890052463890052,0.44824975594686506,0.46862750116793517,26.768882802201652,25.842279652815872,26.30558122750876,0.7243289053440094,1462,270
0.478868068697394,0.4290503797661189,0.45395922423175644,26.071533003654057,25.75833594945874,25.914934476556397,0.724265068769455,1462,270
0.47568821497985053,0.44505083146798946,0.46036952322392,26.48493567972334,25.582530920231306,26.03373329997732,0.724155992269516,1462,270
0.46561064349619985,0.43781249315168785,0.4517115683239439,26.158267608357832,25.569238184561076,25.863752896459452,0.7242855429649353,1462,270
0.4869042832620413,0.4415427518115842,0.4642235175368128,26.740149177114656,25.341705652218618,26.040927414666637,0.724326103925705,1462,270
0.4827971572229895,0.43384702723291974,0.4583220922279546,25.901758304815424,26.099849975977943,26.00080414039668,0.7246079742908478,1462,270
0.513718527554961,0.5659834607780634,0.5398509941665122,28.170229970401515,29.55820049408814,28.864215232244828,0.7262771427631378,50,380
0.5211492250322878,0.5631545365303245,0.5421518807813062,27.711133232095595,29.836878486625103,28.77400585936035,0.7264139354228973,50,380
0.4992839760541696,0.5482733637114785,0.5237786698828241,27.793841877065503,28.915960341755895,28.354901109410697,0.7260590195655823,50,380
0.5266473402504541,0.5627923620271834,0.5447198511388187,27.77581646398826,30.386466317519655,29.081141390753956,0.7264440059661865,50,380
0.5119046075576201,0.5662860676021261,0.539095337579873,28.13071722065791,29.605836541475185,28.86827688106655,0.7263977527618408,50,380
0.5281714528827074,0.5628935561100973,0.5455325044964023,28.11919503567794,30.436011191453996,29.277603113565966,0.7267886102199554,50,380
0.5042486668131898,0.5535674812187952,0.5289080740159925,27.73134322720544,28.736402474618846,28.233872850912142,0.7265163362026215,50,380
0.5260430501940295,0.5702023818346186,0.548122716014324,27.97782111436028,30.332750193500488,29.155285653930385,0.726639986038208,50,380
0.5177108056595785,0.5640213999170085,0.5408661027882935,27.966924160806236,30.53242411092685,29.24967413586654,0.7267592549324036,50,380
0.517367065139628,0.5469716737711072,0.5321693694553676,28.147381452397187,30.017032609377583,29.082207030887385,0.7265697121620178,50,380
0.5195246046344216,0.5607294418261775,0.5401270232302995,28.13717227264417,30.512608226562133,29.32489024960315,0.7267259955406189,50,380
0.5292562701163076,0.5527421510553753,0.5409992105858414,27.954282132940417,30.147030779992875,29.050656456466648,0.7268314063549042,50,380
0.5196278829631363,0.546141444174079,0.5328846635686076,28.38095619177886,30.198330644476165,29.28964341812751,0.7266460061073303,50,380
0.5247816861772938,0.5517330862194947,0.5382573861983942,28.27555847576495,30.512870089375554,29.394214282570253,0.7267604768276215,50,380
0.5136274539797339,0.5414122082753602,0.5275198311275471,28.45446057932155,30.17152551819626,29.312993048758905,0.7265947759151459,50,380
0.5097993260137277,0.5528895128021948,0.5313444194079613,28.123645841784334,30.59784696039782,29.360746401091077,0.726704478263855,50,380
0.5188179872814714,0.5496008185227694,0.5342094029021205,28.17177212103057,30.568469843649037,29.370120982339806,0.7266638875007629,50,380
0.5251708981437405,0.563565659247066,0.5443682786954033,28.280711592163755,30.57653304445068,29.42862231830722,0.7268050014972687,50,380
0.5116121864625008,0.5528629447612189,0.5322375656118599,28.0666460410596,30.85338017687108,29.46001310896534,0.7266721725463867,50,380
0.5322297834315289,0.5547934539578561,0.5435116186946924,27.744039918139755,30.610728302932834,29.177384110536295,0.7268427908420563,50,380
0.5136089152642727,0.554830861310697,0.5342198882874849,28.49835210860103,30.400287586970403,29.449319847785716,0.7266001403331757,50,380
0.5385074643421766,0.5562216705628736,0.5473645674525252,28.01484402800021,31.229996764430844,29.622420396215524,0.7268708050251007,50,380
0.42955050536569145,0.5624249442840221,0.49598772482485676,24.90260951275678,27.173730836155325,26.038170174456052,0.7277677655220032,403,380
0.41639367554457213,0.5475404082624434,0.4819670419035078,25.13507644126336,27.36350817592899,26.249292308596175,0.7273150384426117,403,380
0.42450361078543314,0.55108693746992,0.48779527412767654,25.187908289364973,27.849027366261982,26.518467827813478,0.7274598181247711,403,380
0.4310769581822791,0.5420727753262221,0.4865748667542506,25.04708603805368,27.736057564210522,26.391571801132102,0.7273373901844025,403,380
0.4290522126211548,0.5441785736598292,0.486615393140492,25.43174890301636,28.138219737153175,26.784984320084767,0.7271997034549713,403,380
0.4343095493277111,0.5456668667535953,0.48998820804065324,26.090730311835802,28.281489857008584,27.186110084422193,0.7269606292247772,403,380
0.4412829491224243,0.546289799930614,0.49378637452651913,26.551941262661156,27.671133418687187,27.11153734067417,0.7265145778656006,403,380
0.4370432869226847,0.5418369184906305,0.4894401027066576,26.232278214207923,27.960198018325734,27.09623811626683,0.7263143956661224,403,380
0.43453200084556204,0.5432932703712603,0.48891263560841114,26.75824032273162,28.48621236008776,27.62222634140969,0.7262034118175507,403,380
0.43111645532126397,0.5533611859363814,0.4922388206288227,26.32622983164894,28.4970040414233,27.41161693653612,0.7262093424797058,403,380
0.433594070098145,0.5385247961484616,0.4860594331233033,26.60678858192798,27.960390343810264,27.283589462869124,0.7260817587375641,403,380
0.43873973775618386,0.5453375304410361,0.49203863409860993,26.53272039032819,28.20248279931185,27.36760159482002,0.7261241376399994,403,380
0.4296418220258021,0.5418766176538135,0.48575921983980774,27.02264803602369,28.694331164032594,27.858489600028143,0.7262205481529236,403,380
0.43412529604217215,0.5569721211572085,0.49554870859969036,26.60240426410221,29.12175303292253,27.86207864851237,0.7261422276496887,403,380
0.43307756117023993,0.5424390774418879,0.48775831930606395,26.59571254083149,28.58720279421723,27.59145766752436,0.7260248363018036,403,380
0.4355207196004384,0.5531876589726764,0.4943541892865574,26.445039412064972,28.890421069263517,27.667730240664245,0.7261069118976593,403,380
0.44119366681990685,0.5429514143053727,0.4920725405626398,26.7188329320059,28.27674746527838,27.49779019864214,0.7260569930076599,403,380
0.43665552182323475,0.5578442999586805,0.4972499108909576,26.155620662781487,28.619715047793488,27.38766785528749,0.7261524796485901,403,380
0.4299930644458991,0.5634856406129545,0.4967393525294268,26.186167778507276,28.932495479263682,27.55933162888548,0.7261567711830139,403,380
0.4288918405098929,0.565458815968785,0.49717532823933897,25.63322541299862,28.701072146365835,27.16714877968223,0.726175457239151,403,380
0.4347045224437536,0.5569553119435265,0.4958299171936401,26.32883769403407,28.955965268917435,27.64240148147575,0.7261957824230194,403,380
0.42383808506239995,0.5468397364646453,0.48533891076352265,26.339381153246016,28.576575860887363,27.45797850706669,0.7261432707309723,403,380
0.4135674750153843,0.5294832639409803,0.47152536947818235,23.243194869826635,27.805280560605645,25.524237715216138,0.7241927683353424,756,380
0.42607957432069793,0.5236127484947197,0.47484616140770886,22.878369334051552,28.31065181167299,25.59451057286227,0.7242248952388763,756,380
0.42008595233133605,0.509826840294885,0.46495639631311053,22.544181115625236,28.231978157713705,25.38807963666947,0.7241231799125671,756,380
0.4267169397469958,0.5270308680970968,0.4768739039220463,22.218293531442114,28.469406025137555,25.343849778289837,0.7243147492408752,756,380
0.42149765726404903,0.5166478982797206,0.46907277777188483,22.569778423125694,27.662754499173225,25.116266461149458,0.7240077555179596,756,380
0.4086671379225035,0.5351171420321995,0.47189213997735147,21.98356976176001,27.47151670682551,24.72754323429276,0.7240236699581146,756,380
0.42955248682222935,0.5269986493444656,0.4782755680833475,22.08616338112458,27.435678876900592,24.760921129012587,0.7240822315216064,756,380
0.4335469485377165,0.5405745669928702,0.48706075776529334,22.080300465228756,28.91801473235515,25.499157598791953,0.7244177758693695,756,380
0.4374896332833464,0.5416554242591078,0.48957252877122714,22.6177561331061,28.370193086864354,25.493974609985226,0.7244103848934174,756,380
0.42072814761507354,0.5341089968635879,0.4774185722393307,22.164287261056064,28.82430727887605,25.494297269966054,0.7241919040679932,756,380
0.4134021407134298,0.5396183745854722,0.476510257649451,22.32427206876903,28.879190181130696,25.601731124949865,0.7241601347923279,756,380
0.4195721801350529,0.5370812163584374,0.4783266982467451,22.0555104260396,28.840383620183157,25.44794702311138,0.7242147028446198,756,380
0.4315377596172194,0.5314037409295711,0.48147075027339525,22.100015367934947,29.048331130379037,25.574173249156992,0.7241620123386383,756,380
0.43192287780740046,0.5293091795036318,0.4806160286555161,22.161983132129947,28.783591638565053,25.4727873853475,0.7240345478057861,756,380
0.4373996781053988,0.534208072239686,0.4858038751725424,22.431819846510262,29.424603339142426,25.928211592826344,0.7240682542324066,756,380
0.43368304754059067,0.5310456735314958,0.48236436053604326,22.685807090639713,29.50018574220767,26.09299641642369,0.7240095138549805,756,380
0.43878524016877923,0.5302561275314168,0.48452068385009806,22.493463112287476,29.355455847010862,25.92445947964917,0.7241685688495636,756,380
0.43071407981649473,0.5344742008931204,0.4825941403548075,22.27230567364505,28.663935765847043,25.468120719746047,0.7240550220012665,756,380
0.4290761794460261,0.5430675820983459,0.486071880772186,22.23955391346888,28.664830714933228,25.452192314201056,0.7241644263267517,756,380
0.42565975637337133,0.5314195039879901,0.4785396301806807,21.91505782188135,28.46251298822517,25.18878540505326,0.7240136563777924,756,380
0.42435011141539447,0.5307054120855498,0.4775277617504721,21.993615129305503,28.44853174772322,25.22107343851436,0.7240740656852722,756,380
0.41982258409099826,0.5354885916114988,0.4776555878512485,21.963541773251688,28.330981740116975,25.14726175668433,0.7239382863044739,756,380
0.4113719374813879,0.5320462616715843,0.4717090995764861,21.848102293592945,28.60684110566064,25.22747169962679,0.7239076197147369,756,380
0.41064006212435705,0.5389641019395481,0.4748020820319526,22.166079200442425,28.68420954150318,25.425144370972802,0.7239238023757935,756,380
0.4093798975863889,0.5428114274489326,0.4760956625176608,22.019986256715615,29.1472699619665,25.583628109341056,0.7238893508911133,756,380
0.413732667991279,0.5416725812771256,0.4777026246342023,21.940798919097073,28.677212018994943,25.309005469046006,0.7239131927490234,756,380
0.41730911399187637,0.5374696356070631,0.47738937479946975,21.923215072439685,28.566346340757946,25.244780706598817,0.7238222360610962,756,380
0.41038765406503785,0.5340037295467274,0.4721956918058826,21.96748210988527,28.2377376454724,25.102609877678837,0.7237689197063446,756,380
0.4113132039931106,0.5358329300400366,0.47357306701657365,21.817886299786927,28.754637129147113,25.28626171446702,0.7237907350063324,756,380
0.41875594703651553,0.5293107333501305,0.474033340193323,21.986743055735328,28.21555722564231,25.10115014068882,0.7237898707389832,756,380
0.37398607391821004,0.4930115676726856,0.4334988207954478,21.147839685162307,27.605322087131537,24.37658088614692,0.7241426706314087,1109,380
0.382867108159519,0.48505093877098554,0.4339590234652523,21.89072345230457,27.80104678023504,24.845885116269805,0.7241187989711761,1109,380
0.38333428873406794,0.4727304071853901,0.428032347959729,21.59888440509187,28.006656802676964,24.80277060388442,0.7241402268409729,1109,380
0.3822495351265241,0.47189849299475606,0.42707401406064005,21.43922971862275,28.222317254398714,24.830773486510733,0.7240882217884064,1109,380
0.38235844026580396,0.46350852529982906,0.4229334827828165,21.521174412283994,27.625029497293493,24.573101954788743,0.7242070138454437,1109,380
0.3853375336608128,0.4810448241236287,0.43319117889222075,21.44316419976768,28.020662452131745,24.731913325949712,0.7243689298629761,1109,380
0.3981078663385253,0.4994031027608689,0.4487554845496971,21.942825493739477,28.07775238790625,25.010288940822864,0.7244271337985992,1109,380
0.40552247394852353,0.48172423559315386,0.4436233547708387,22.239128659908808,27.9306305284039,25.084879594156355,0.7242289483547211,1109,380
0.39775036414842185,0.4756355438165351,0.4366929539824785,22.094126098073296,28.17881972437956,25.136472911226427,0.724260538816452,1109,380
0.40730423865714216,0.4773591434037638,0.442331691030453,22.369904043397863,28.06520751387852,25.217555778638193,0.7243049740791321,1109,380
0.39575004269146213,0.4775315281010965,0.4366407853962793,21.88617255730831,27.775223740845735,24.830698149077023,0.7243006527423859,1109,380
0.42952066056944205,0.47364364248333174,0.4515821515263869,23.36185971467668,27.783176934115293,25.572518324395986,0.7241519689559937,1109,380
0.4003170767435276,0.4587861117200118,0.4295515942317697,21.98639508236648,27.628197181805888,24.807296132086186,0.7242587506771088,1109,380
0.4087622369172307,0.46510950637033693,0.4369358716437838,22.42806861685452,27.805502106690994,25.116785361772756,0.724037230014801,1109,380
0.40744092512520985,0.45898977791413237,0.4332153515196711,22.191766511390206,27.654506372792095,24.92313644209115,0.724181741476059,1109,380
0.4045374914759199,0.4643563486306422,0.434446920053281,22.42869474580203,27.67149293851758,25.050093842159804,0.7241496741771698,1109,380
0.4184386240012938,0.46860506008424496,0.44352184204276934,22.43570991785,27.972836967421753,25.204273442635877,0.7242218852043152,1109,380
0.41542459170901624,0.47845948070757216,0.4469420362082942,22.310112564467662,28.39877507199012,25.35444381822889,0.7242706716060638,1109,380
0.4233817220902794,0.47618338796686155,0.44978255502857045,22.464476611875664,28.347420888979553,25.40594875042761,0.7241718173027039,1109,380
0.40727380885279113,0.46435353358336773,0.43581367121807946,22.223632836626773,27.806408393939527,25.01502061528315,0.7239617109298706,1109,380
0.39837520193363457,0.4719929871755583,0.43518409455459645,21.97447645324105,27.771777458501045,24.873126955871047,0.7237949073314667,1109,380
0.4167790707625036,0.460038979762805,0.4384090252626543,22.524582269194052,27.50299985135713,25.013791060275594,0.7237538993358612,1109,380
0.40873482547260137,0.4559764073516096,0.4323556164121055,22.226406316010117,27.42347679797135,24.824941556990733,0.7237301468849182,1109,380
0.4035477600692237,0.4607956529374374,0.4321717065033306,21.900984605331892,27.34482007692143,24.62290234112666,0.7236517369747162,1109,380
0.40793657278785517,0.46052679597978546,0.4342316843838203,22.19304973226707,27.329473064342924,24.761261398304995,0.7236527502536774,1109,380
0.4096941638147501,0.4572323614746693,0.4334632626447097,22.256851440452166,27.723912557727882,24.990381999090026,0.7235382795333862,1109,380
0.40772278930964023,0.461965107713185,0.4348439485114126,22.18810848442321,27.311827225462512,24.74996785494286,0.7236112952232361,1109,380
0.4197457835769225,0.463902213293619,0.44182399843527076,22.57978117986037,27.30685052561672,24.943315852738543,0.7236483991146088,1109,380
0.4097192267639514,0.45659923079596104,0.4331592287799562,22.225323895162962,27.531846920610217,24.87858540788659,0.723609447479248,1109,380
0.4117826720761453,0.4563553654340402,0.43406901875509274,22.362357302382303,27.172894076128227,24.767625689255265,0.7235195338726044,1109,380
0.41589927129089355,0.4485796887122081,0.4322394800015508,22.719272394201727,27.703319493711465,25.211295943956596,0.7233991324901581,1109,380
0.42328112643420246,0.41754729972961974,0.42041421308191107,21.821189989826067,24.593719245822026,23.207454617824048,0.7238663136959076,1462,380
0.42061754145210756,0.40999336398920605,0.4153054527206568,21.304804495625074,24.723563625747612,23.014184060686343,0.723760575056076,1462,380
0.42563308396474914,0.40890626778723366,0.4172696758759914,21.811470136534744,24.64131068440433,23.226390410469538,0.7236770391464233,1462,380
0.4280657901467897,0.4180024053655776,0.4230340977561836,21.898950994898016,24.835059199720387,23.367005097309203,0.7240207195281982,1462,380
0.42605777650477644,0.41575481874281905,0.4209062976237977,21.892469673151922,24.670333874441987,23.281401773796954,0.7240636348724365,1462,380
0.43132542272858526,0.41071459819998046,0.42102001046428283,22.024183821083952,24.287528757108024,23.155856289095986,0.7240265309810638,1462,380
0.43631252276182586,0.41699859846474335,0.4266555606132846,22.149406559549362,24.55059248183099,23.349999520690176,0.7239249646663666,1462,380
0.4510094781098705,0.413568356244139,0.4322889171770048,21.80829176699358,24.53661898045354,23.172455373723558,0.7238834500312805,1462,380
0.44065359410249216,0.4123943656891138,0.426523979895803,21.70593951907376,24.709804410968754,23.207871965021255,0.7237534523010254,1462,380
0.43705515105532966,0.41088093346091503,0.42396804225812235,21.948870467307646,24.435307291173473,23.192088879240558,0.7236217260360718,1462,380
0.4373162144963142,0.4134592649537362,0.4253877397250252,21.564087309550235,24.583106260482705,23.07359678501647,0.7236219942569733,1462,380
0.43823138841440146,0.41479471512876087,0.42651305177158116,21.89039915954324,24.32812677970909,23.109262969626165,0.7237141132354736,1462,380
0.43767134509701217,0.4174040886075208,0.4275377168522665,21.530999452243925,24.640867133858162,23.085933293051042,0.7236407697200775,1462,380
0.4283811070320175,0.40828808470711575,0.4183345958695666,21.55494182107993,24.647086601346004,23.101014211212966,0.7235191762447357,1462,380
0.4373601551464989,0.40523271816173484,0.42129643665411687,21.817581799368778,24.59098496134856,23.204283380358667,0.7234800755977631,1462,380
0.4354513168791956,0.41752699113794733,0.42648915400857146,21.614011970474774,24.7278159751122,23.170913972793485,0.7235354483127594,1462,380
0.44013882373997576,0.4080443534750933,0.42409158860753454,21.79801880776182,24.794011444148143,23.29601512595498,0.7233188450336456,1462,380
0.43914260997629834,0.4049265220480171,0.4220345660121577,21.870043089072034,24.7966931571443,23.333368123108166,0.7232261896133423,1462,380
0.44410065435510193,0.40004346015007036,0.4220720572525861,22.209165250103297,25.10017431538389,23.654669782743593,0.7232059240341187,1462,380
0.44496528139497216,0.39727918896555164,0.42112223518026193,22.053601476001877,24.798277423092443,23.42593944954716,0.7231844961643219,1462,380
0.43689258153204297,0.3950472400056869,0.4159699107688649,21.87467305561992,25.210999065862378,23.54283606074115,0.7230740189552307,1462,380
0.4397650945086476,0.4106974614175585,0.425231277963103,22.16756394007883,24.981179427350874,23.57437168371485,0.7232580184936523,1462,380
0.4537661861570311,0.4074517624803209,0.430608974318676,22.189775337464248,24.88283986189542,23.536307599679834,0.7232935726642609,1462,380
0.4357738955826662,0.4076091097473187,0.42169150266499245,21.69432652593939,24.900556063054164,23.297441294496778,0.7231543064117432,1462,380
0.4404248245273839,0.4074944571379674,0.4239596408326757,21.75404684069422,25.054634703526148,23.40434077211018,0.7232137620449066,1462,380
0.4326957467493151,0.412678203973736,0.42268697536152555,21.655402680515294,25.346712523735672,23.501057602125485,0.7231539487838745,1462,380
0.4256585415335675,0.4078292850641624,0.41674391329886495,21.57212713079694,24.63630036892039,23.104213749858665,0.7230490744113922,1462,380
0.4390247778026521,0.4120144558667884,0.4255196168347203,21.93148465063809,25.13459355610423,23.53303910337116,0.7230347096920013,1462,380
0.44738277077548516,0.3990882463925741,0.42323550858402964,22.174725027212094,24.97507869703886,23.57490186212548,0.7231789231300354,1462,380
0.4314766231176542,0.4176550724626848,0.4245658477901695,21.58440490754122,24.98209897169377,23.283251939617493,0.7231433391571045,1462,380
0.43377769841207997,0.4052796933233436,0.4195286958677118,21.87815635577864,24.821941301198454,23.350048828488546,0.7230463027954102,1462,380
0.42316132555884,0.40496911987432815,0.4140652227165841,21.773211606796384,24.978475940407524,23.375843773601954,0.7229170501232147,1462,380
0.3958538866421008,0.5799435621023353,0.48789872437221804,17.184507617843654,23.09196006662836,20.138233842236005,0.7286422848701477,50,491
0.38974673343894684,0.5926614193306676,0.49120407638480723,18.218996353565238,24.8097177438789,21.51435704872207,0.7282630503177643,50,491
0.39914688397019416,0.45946664117382807,0.4293067625720111,6.313168977411956,20.94523592575894,13.629202451585448,0.7324039041996002,50,491
0.8287444303658134,-0.15183126577179681,0.33845658229700826,4.620052334147234,5.705463079151504,5.162757706649369,0.7367310225963593,50,491
0.7923154869700649,-0.1605214459537806,0.31589702050814217,5.223350154930158,4.505108096070233,4.864229125500196,0.7373062372207642,50,491
0.5685585964773582,0.13378855706497783,0.351173576771168,5.807919606784402,9.66736373444222,7.7376416706133115,0.7352259755134583,50,491
0.3382336038097551,0.4215506488479016,0.37989212632882835,8.785606006086626,20.46953402688358,14.627570016485102,0.7316828668117523,50,491
0.37548453750223615,0.5356416306983258,0.455563084100281,15.299293062639409,20.994115436504245,18.146704249571826,0.7296600341796875,50,491
0.35742252401452485,0.5530377331529642,0.45523012858374456,17.380519637558805,21.188917276671354,19.28471845711508,0.728982150554657,50,491
0.36991435356740004,0.5675602395380277,0.4687372965527139,18.298524990233844,22.77031734012106,20.534421165177452,0.7286296188831329,50,491
0.3670816000043151,0.5659069957820252,0.46649429789317015,19.112957589573913,23.03010320750171,21.07153039853781,0.7278188169002533,50,491
0.37112416093494904,0.5896186295967387,0.4803713952658439,19.214554078196194,23.794117893682856,21.504335985939527,0.7277105748653412,50,491
0.37270156023912987,0.5880772084100389,0.48038938432458433,19.27693462031511,24.009843569738045,21.643389095026578,0.7276071012020111,50,491
0.36824304688540976,0.5629082674893223,0.46557565718736604,19.171721330916824,23.701707307889166,21.436714319402995,0.7273082137107849,50,491
0.37380989937448134,0.586800955474439,0.48030542742446014,19.674752143114386,24.06403800711399,21.869395075114188,0.7274693250656128,50,491
0.36254362219596203,0.5929197736930135,0.4777316979444878,19.645523572245036,24.586328221868943,22.11592589705699,0.7271869480609894,50,491
0.3784495322407655,0.5922322712531377,0.4853409017469516,19.54223970762565,24.137913557510448,21.84007663256805,0.7277768552303314,50,491
0.3821729793240235,0.5782149516858486,0.48019396550493604,19.55733911242024,23.98996258453582,21.77365084847803,0.7276823818683624,50,491
0.3832643003788576,0.5884083521848111,0.4858363262818344,19.507193491262406,24.47813748974033,21.992665490501366,0.727678120136261,50,491
0.38415389103684,0.5770926662576892,0.4806232786472646,19.737506977244603,24.265957266801376,22.00173212202299,0.7276323139667511,50,491
0.3829862849319791,0.5765402468530961,0.4797632658925376,19.76776194246301,24.62160191863693,22.19468193054997,0.7274329364299774,50,491
0.36739716870124994,0.5764336858195777,0.4719154272604138,19.85241277483071,24.672610176612366,22.26251147572154,0.7272308468818665,50,491
0.38279305877459474,0.5954574835779466,0.4891252711762707,19.87140911652182,24.69257117205694,22.28199014428938,0.7275767922401428,50,491
0.377386674571889,0.5834243383033227,0.4804055064376059,19.951393002382133,24.76845434140525,22.35992367189369,0.7271741032600403,50,491
0.39427492194992536,0.5781256649531691,0.48620029345154725,20.127031037670296,24.715312676756163,22.42117185721323,0.7274466454982758,50,491
0.3874966445103984,0.5894194502647326,0.4884580473875655,20.22343581629858,25.230899622068588,22.727167719183583,0.7272050082683563,50,491
0.38759980470055216,0.5798321864203273,0.48371599556043976,20.26289522971069,25.5539361457803,22.908415687745496,0.7270954847335815,50,491
0.38749347551676805,0.5791941081948535,0.4833437918558108,20.143029752809348,25.40426021725214,22.773644985030742,0.7268158495426178,50,491
0.38079583048278115,0.5808322752982259,0.4808140528905035,20.122873628650623,25.557704122900716,22.84028887577567,0.726649135351181,50,491
0.38804556275894614,0.5728665403912523,0.4804560515750992,20.471533430485408,25.089862482546692,22.78069795651605,0.726696640253067,50,491
0.3872060853599792,0.5626674880427268,0.474936786701353,20.463381483366803,25.259316947408447,22.861349215387627,0.726530134677887,50,491
0.38431812435376317,0.5672930710454905,0.4758055976996268,20.681808423897923,25.36609238507785,23.023950404487884,0.7264615297317505,50,491
0.3813363602957777,0.5664851901824868,0.4739107752391323,20.396011933716725,24.891474632347347,22.643743283032038,0.7265158295631409,50,491
0.3726289065049706,0.5618802899960348,0.4672545982505027,20.271262785974542,25.23547420949161,22.753368497733078,0.7265500426292419,50,491
0.3866779130060511,0.5714696470921785,0.47907378004911483,20.41558581298172,25.28242288429835,22.849004348640037,0.7264654338359833,50,491
0.4020422426406169,0.5824701640862688,0.4922562033634429,21.054169226862424,26.519283674028213,23.786726450445318,0.726498156785965,403,491
0.39982586960147876,0.5880630530857966,0.4939444613436377,20.905225427870043,27.01056112403599,23.95789327595302,0.7265976965427399,403,491
0.40921955548916583,0.5832393946466745,0.49622947506792014,20.530896232087205,26.015559737324523,23.273227984705862,0.726705014705658,403,491
0.3977817049578403,0.5871405754513364,0.4924611402045883,20.883515167547248,27.16625461252994,24.024884890038592,0.7266228199005127,403,491
0.3975076073065377,0.5873698146806705,0.49243871099360415,20.82941390491597,26.649431094809266,23.73942249986262,0.7267208397388458,403,491
0.38775486572743983,0.5899413952912587,0.4888481305093493,20.840492150246504,27.13101151209644,23.98575183117147,0.7265239655971527,403,491
0.39040170085680326,0.5863728710443307,0.48838728595056696,21.165010266318166,27.085892347813232,24.1254513070657,0.7265929579734802,403,491
0.3989434591495522,0.5881073260972749,0.49352539262341355,21.2519150218536,27.08438210793891,24.168148564896256,0.7266809940338135,403,491
0.3929786512377606,0.5851443835511334,0.48906151739444703,21.33352475739596,27.356071748235696,24.344798252815828,0.7266497015953064,403,491
0.3895613193677751,0.5881417389517731,0.48885152915977415,21.31510327163935,27.464017067141413,24.389560169390382,0.7265854179859161,403,491
0.37707105691029524,0.5848979241189791,0.4809844905146372,20.909605494681927,26.907884266957197,23.90874488081956,0.7263716161251068,403,491
0.3773181083384831,0.5926381146389968,0.48497811148874,21.49269721081178,26.925981062735588,24.209339136773686,0.7262839376926422,403,491
0.3776380416086985,0.5872604040920494,0.48244922285037395,21.52767290378711,27.189430762032483,24.358551832909797,0.7261525988578796,403,491
0.3725207948696145,0.5746626122927649,0.47359170358118974,21.688953047253804,26.584637723411493,24.136795385332647,0.725974977016449,403,491
0.3701306614752045,0.5847264046872991,0.47742853308125177,21.63074185341875,27.167885237080956,24.399313545249854,0.7259199917316437,403,491
0.3740096503163198,0.5818552541029433,0.47793245220963154,21.57214927030298,26.546645692453577,24.059397481378276,0.7260039746761322,403,491
0.37174382336925466,0.5723874757900119,0.47206564957963326,21.131324025506004,26.483485444870826,23.807404735188413,0.7256784737110138,403,491
0.38233024994271314,0.5789570528215192,0.4806436513821162,21.512659019840008,26.525873882206216,24.019266451023114,0.7260582745075226,403,491
0.3966072001761897,0.5832681302088897,0.4899376651925397,21.389599611054713,27.06452164735159,24.22706062920315,0.7260371446609497,403,491
0.3872938818303484,0.5792306687621167,0.48326227529623256,21.440226372153973,26.831079668721678,24.135653020437825,0.7258327007293701,403,491
0.39320255260604947,0.5778647629343322,0.48553365777019086,21.553360458415597,26.813959810623874,24.183660134519734,0.7259716987609863,403,491
0.37547132980211295,0.580533190643466,0.47800226022278947,21.66973183749646,26.937097867410404,24.303414852453432,0.7258298099040985,403,491
0.37863446441233856,0.5712901262636653,0.47496229533800194,22.02866488230687,27.003893527738867,24.51627920502287,0.7260728776454926,403,491
0.4050017244595627,0.5525199702675497,0.4787608473635562,20.476254061207673,26.57210418393421,23.524179122570942,0.7266578376293182,756,491
0.3950979122579341,0.5401855452561444,0.46764172875703924,20.520290456151468,26.200113562089204,23.360202009120336,0.7266252636909485,756,491
0.3924251306683586,0.5536489387707157,0.4730370347195372,20.509793094699518,26.15643504700295,23.333114070851234,0.7265834510326385,756,491
0.40230846712171525,0.5413160138025248,0.47181224046212,20.620052894483244,25.88329948681254,23.251676190647892,0.7267865240573883,756,491
0.3935866428919347,0.5369044071967778,0.46524552504435623,20.296506454574917,26.075473638885793,23.185990046730353,0.7266539633274078,756,491
0.4069622270948029,0.5380930767785476,0.47252765193667523,20.602542634917082,26.020025224219363,23.311283929568223,0.7268291413784027,756,491
0.41888035264827916,0.5404116359932045,0.47964599432074184,20.961630218805293,26.565566701047192,23.763598459926243,0.7267737090587616,756,491
0.40483741116533745,0.5488607909909864,0.4768491010781619,20.568362891444515,26.496390758992643,23.532376825218577,0.7266131639480591,756,491
0.41513817920318,0.5382800004146787,0.47670908980892934,20.91519704588739,26.224697183829058,23.569947114858223,0.7266125977039337,756,491
0.41027892727966075,0.5460507155802468,0.47816482142995376,20.67903046620773,26.214124440970828,23.446577453589278,0.7266919910907745,756,491
0.41707422474475303,0.5403928389685998,0.47873353185667644,20.85731279794135,26.40853414998492,23.632923473963135,0.7267267107963562,756,491
0.4186879228424461,0.547326465414287,0.48300719412836657,20.67714162632296,26.175369158451993,23.426255392387475,0.7266303598880768,756,491
0.41725068948030053,0.5383438514454397,0.4777972704628701,20.450914803605137,26.420561267702325,23.43573803565373,0.7265160083770752,756,491
0.42539324622951147,0.5432014853784726,0.484297365803992,20.92731285704025,25.848444748020555,23.387878802530402,0.726737767457962,756,491
0.41798305073255904,0.5368242900784153,0.47740367040548715,20.653949569359938,26.179973479091547,23.41696152422574,0.7265432476997375,756,491
0.41102795343119475,0.5498317884382958,0.4804298709347453,20.612372852279126,26.34586759532172,23.47912022380042,0.7264672815799713,756,491
0.42176624249175815,0.5365705371612615,0.4791683898265098,20.444113175350783,26.032552762394637,23.23833296887271,0.7263197898864746,756,491
0.42872878942140313,0.5449418462037859,0.48683531781259454,20.97365370550021,26.191273276550334,23.582463491025273,0.7265439033508301,756,491
0.43266092488780267,0.5395122796746382,0.48608660228122047,21.016630519481264,26.276717758637542,23.646674139059403,0.7265103161334991,756,491
0.41931418928315184,0.5441867333897632,0.4817504613364575,21.068438652004644,26.277535539279743,23.672987095642192,0.7264550924301147,756,491
0.431241142905062,0.5278067260380245,0.47952393447154323,20.978943840856505,26.742512895953418,23.860728368404963,0.7262775897979736,756,491
0.4338374176546485,0.5538431407418754,0.4938402791982619,20.91141335229321,25.828910320769758,23.370161836531484,0.7267199158668518,756,491
0.42636397536428217,0.5382796854971539,0.482321830430718,20.739253681903122,26.29144390066082,23.515348791281973,0.7265097796916962,756,491
0.4294503269839969,0.5544154479012148,0.4919328874426058,20.86436621378137,26.256352949896478,23.560359581838924,0.7266275584697723,756,491
0.42121941655720524,0.5540260460941672,0.48762273132568623,20.90330231288383,26.232049040668226,23.567675676776027,0.7264894545078278,756,491
0.405143620925649,0.5084493296007514,0.4567964752632002,20.613989619527715,25.440193900935924,23.02709176023182,0.7265626192092896,1109,491
0.378728701231073,0.47826323250747743,0.4284959668692752,20.45298858824844,25.548482292492846,23.000735440370644,0.7262210845947266,1109,491
0.39569103564605906,0.47539644335417935,0.4355437395001192,20.628301795560354,25.663143571350428,23.14572268345539,0.7261414527893066,1109,491
0.4119795009678993,0.49136304169300266,0.451671271330451,20.84883241130015,25.75952787301782,23.304180142158984,0.7266235053539276,1109,491
0.3908585841319222,0.4885904766568161,0.43972453039436915,20.673685008679303,25.804517472318466,23.239101240498883,0.7261985540390015,1109,491
0.3975866127036461,0.47584765807484747,0.4367171353892468,20.83838950443023,26.196300786576266,23.51734514550325,0.7262744903564453,1109,491
0.39333055607536993,0.47434521388248224,0.43383788497892606,20.938180605335468,26.030113006565248,23.48414680595036,0.726137787103653,1109,491
0.39792721559178584,0.47561301757873486,0.4367701165852603,21.251186989643145,26.383687438756873,23.81743721420001,0.7260317504405975,1109,491
0.39878197316195696,0.47526147911361344,0.4370217261377852,21.58175487894123,26.50478844480069,24.04327166187096,0.726050078868866,1109,491
0.4045675555847833,0.47723589507421726,0.4409017253295003,21.18704002520094,26.64008824314715,23.913564134174045,0.7261058986186981,1109,491
0.41191242540524636,0.4782564223563532,0.4450844238807998,21.51140972950497,26.273932933455324,23.892671331480145,0.7262082695960999,1109,491
0.4191215224042366,0.47326143061597814,0.4461914765101074,21.814128548602294,26.392503271688106,24.1033159101452,0.7259445488452911,1109,491
0.4121671099300692,0.4767181596272307,0.44444263477865,21.118283264431202,26.946784788451556,24.03253402644138,0.7257661819458008,1109,491
0.4172880321163371,0.48342289414129297,0.450355463128815,21.71822436870896,27.09357775954796,24.405901064128457,0.7255962789058685,1109,491
0.41662862383673815,0.4803698713808618,0.4484992476088,21.76712221042925,26.694098130095504,24.230610170262377,0.7257135808467865,1109,491
0.4239037710306346,0.4699786170670879,0.44694119404886123,22.179564199733882,26.781488955565123,24.480526577649503,0.7256622314453125,1109,491
0.4215751545398226,0.48045638733233315,0.45101577093607786,22.41720854904896,27.09392015175206,24.755564350400512,0.7258373200893402,1109,491
0.41821512413957734,0.47832153503150426,0.4482683295855408,22.280693178995726,26.914192093381498,24.59744263618861,0.7257401347160339,1109,491
0.42975128651425554,0.4734771856094225,0.45161423606183904,22.83119437007845,26.986169623616252,24.90868199684735,0.7259915471076965,1109,491
0.4186742084094083,0.4861757102623709,0.45242495933588955,22.060532577432543,27.373933937521546,24.717233257477044,0.7255818247795105,1109,491
0.4158942062570774,0.47973305284709133,0.44781362955208437,22.714750836565592,27.002733853351444,24.858742344958518,0.7255708575248718,1109,491
0.4226805981328116,0.47714356359860904,0.44991208086571033,22.954823477389393,26.999660593520716,24.977242035455056,0.725795328617096,1109,491
0.4361224427994699,0.47701187830145364,0.45656716055046176,22.951245912072945,26.822906695274508,24.887076303673727,0.7255721986293793,1109,491
0.4150955674768287,0.4944951167598402,0.45479534211833444,22.494042355999248,27.621959529717433,25.058000942858342,0.7255886793136597,1109,491
0.41467951298105526,0.4874618668417433,0.4510706899113993,22.624034007581344,26.948322477175527,24.786178242378433,0.7256805598735809,1109,491
0.41537278821322215,0.4922615659940062,0.4538171771036142,22.982548394229916,26.953515793380475,24.968032093805196,0.7254353165626526,1109,491
0.41765553576139,0.48644703396691963,0.4520512848641548,22.614642968455243,26.817688202345487,24.716165585400365,0.7256850600242615,1109,491
0.39165672166053356,0.42855866021633165,0.4101076909384326,21.77254789521016,24.55092618183012,23.16173703852014,0.7251575589179993,1462,491
0.3854931583441668,0.43913349929930473,0.41231332882173577,22.001434301937984,24.533908603688836,23.26767145281341,0.7251039743423462,1462,491
0.39990218061067623,0.43756555836131156,0.4187338694859939,22.309579413646208,24.902813737621,23.606196575633604,0.724981039762497,1462,491
0.4053618017624742,0.435383106412586,0.4203724540875301,22.0858047896944,24.207647687560655,23.14672623862753,0.7251029312610626,1462,491
0.41677475876178355,0.42542917184875423,0.4211019653052689,22.388276940594565,24.565382797280616,23.476829868937592,0.7251801490783691,1462,491
0.41960231382012225,0.42607723139851067,0.4228397726093165,22.04640920928994,24.548868526769656,23.2976388680298,0.7251923382282257,1462,491
0.4309774304680729,0.41380319452711095,0.42239031249759196,22.277964190138956,24.50169297004399,23.389828580091475,0.7253070175647736,1462,491
0.421269318091826,0.42578399582154064,0.42352665695668335,22.37893097527264,24.682038048784833,23.530484512028735,0.7253884971141815,1462,491
0.42194156094526347,0.42316161927379664,0.42255159010953003,22.97183950605692,25.08736883507158,24.029604170564248,0.7252382636070251,1462,491
0.43099530987974255,0.4224048333368014,0.42670007160827195,22.633559876771862,25.12576263871041,23.879661257741134,0.7251756489276886,1462,491
0.4191481688019104,0.4371615472462982,0.4281548580241043,22.11637055948003,24.418691435183874,23.267530997331953,0.7250810861587524,1462,491
0.42972554109346534,0.4235007424305406,0.42661314176200293,22.258377654633886,25.024415230377688,23.641396442505787,0.7251017689704895,1462,491
0.42259149703330473,0.4250051632542778,0.42379833014379126,21.867767811423224,24.756652531087443,23.312210171255334,0.7249086499214172,1462,491
0.4242177903342772,0.41203460636489925,0.4181261983495882,22.033859274928833,25.226478661345915,23.630168968137376,0.7247310280799866,1462,491
0.4116252128814636,0.41729676923091735,0.4144609910561905,21.88736159831343,24.997841641364506,23.442601619838968,0.7246229350566864,1462,491
0.4306250419777021,0.40832797292404793,0.41947650745087506,22.179893468653223,25.19598191277864,23.687937690715934,0.7247474193572998,1462,491
0.4290034039905907,0.42517078176157075,0.4270870928760807,22.30259731796016,25.025291508944637,23.6639444134524,0.7247503101825714,1462,491
0.4265332873629056,0.40319550975392354,0.41486439855841456,22.657231545569573,25.02848194518288,23.842856745376224,0.724648505449295,1462,491
0.42739907518715936,0.4176086487063636,0.4225038619467615,22.889822952085577,25.28299594042169,24.086409446253633,0.7247649729251862,1462,491
0.41863746382695205,0.42365549548565284,0.4211464796563025,22.153499485807473,25.560914578201917,23.857207032004695,0.7246511876583099,1462,491
0.42933862054710015,0.42524847780043157,0.42729354917376583,22.752982170165183,25.6288022893092,24.19089222973719,0.7246699929237366,1462,491
0.4228652431409713,0.42163884645011185,0.42225204479554157,22.50561501478675,25.56225213232281,24.03393357355478,0.7245207726955414,1462,491
0.42358549572924364,0.4241608032157865,0.4238731494725151,22.764907742394627,25.852965449227003,24.308936595810813,0.7245218753814697,1462,491
0.42797607130910104,0.4191436262399427,0.4235598487745219,22.848434072174317,25.520299819471216,24.184366945822767,0.7243735492229462,1462,491
0.4104816935430232,0.42446503002728775,0.4174733617851555,21.96605639180027,25.48319866038183,23.724627526091048,0.72435662150383,1462,491
0.42798258290562785,0.41793661788624953,0.4229596003959387,22.681431757681228,25.83751766604915,24.259474711865188,0.7244130074977875,1462,491
0.4266272669971759,0.4191109823237004,0.42286912466043813,22.545109879543205,25.38267042827917,23.963890153911187,0.7244797646999359,1462,491
0.42075175247109475,0.42966556284290425,0.4252086576569995,22.042177567085147,25.844459104924923,23.943318336005035,0.7244759500026703,1462,491
0.4333469033426066,0.41645443578870256,0.4249006695656546,22.548468267697594,25.234664674649338,23.891566471173466,0.7244092524051666,1462,491
0.42777915955115237,0.42856439878572716,0.42817177916843974,22.296299687954438,25.276543852693354,23.786421770323898,0.7243213057518005,1462,491
1.2800477335506537,-0.04061535944564815,0.6197161870525028,3.46404434499666,6.647249569816505,5.055646957406582,0.7374898493289948,50,601
0.7977898287930918,0.2538819228867256,0.5258358758399087,4.752109250489397,13.61513974701826,9.18362449875383,0.7357707321643829,50,601
0.33120753906822686,0.45033087838376734,0.3907692087259971,8.472089104354582,20.44128391139688,14.45668650787573,0.7316364943981171,50,601
0.43935189530852276,0.5341549949592553,0.4867534451338891,17.57499573244546,22.104991792182066,19.83999376231376,0.7304724156856537,50,601
0.4324842123000254,0.5468077728457503,0.4896459925728879,18.814575256677127,22.73766713409989,20.77612119538851,0.7300974726676941,50,601
0.41713917531002165,0.5673085400445574,0.49222385767728954,19.535398790175098,23.458522074465364,21.49696043232023,0.7299882769584656,50,601
0.41287417846945745,0.5711372533332778,0.49200571590136766,19.5652262236142,23.900431612466612,21.732828918040404,0.729620486497879,50,601
0.41634019152688384,0.5891136411506628,0.5027269163387733,19.92232152085711,24.325574526588202,22.123948023722654,0.7293275594711304,50,601
0.4092277558570969,0.5858342421703706,0.49753099901373377,20.0464615147508,24.277251932706154,22.161856723728476,0.7287417352199554,50,601
0.4029659651945612,0.5949791621065799,0.4989725636505705,20.134161600280695,24.493221763339253,22.313691681809974,0.7286364734172821,50,601
0.3942949411259835,0.586645762853876,0.4904703519899298,19.92829998329019,24.068209350277876,21.998254666784035,0.7284604609012604,50,601
0.40246687146576005,0.5804278162164683,0.4914473438411142,20.24438098640388,24.68172078943921,22.463050887921547,0.7285688519477844,50,601
0.39910001456807703,0.5926699706068053,0.4958849925874411,20.267579742250522,24.956207641585408,22.611893691917963,0.7285841405391693,50,601
0.3914860382701593,0.5915564964163116,0.4915212673432354,20.16007858762748,25.134418770137305,22.64724867888239,0.7284774482250214,50,601
0.4031043204125169,0.5932833052164411,0.49819381281447905,20.352418469017223,25.12961948590294,22.74101897746008,0.7285097241401672,50,601
0.3853661951106334,0.5894543134353798,0.4874102542730066,19.961227614826107,25.234321696572074,22.59777465569909,0.7282735109329224,50,601
0.4009587613872518,0.5934165258023153,0.4971876435947835,20.48765554334173,25.015933223405465,22.7517943833736,0.7285592555999756,50,601
0.39096532434930337,0.5872125412893145,0.489088932819309,19.89994161994594,25.046619837146782,22.47328072854636,0.7281782329082489,50,601
0.38962685295440314,0.5769798919000871,0.48330337242724514,20.149381122919802,25.231308497232497,22.690344810076148,0.7283096015453339,50,601
0.3914217106751727,0.5815851739855268,0.4865034423303497,20.291670169607503,25.128585525015648,22.710127847311576,0.7283529341220856,50,601
0.3774470211835617,0.5765244515586186,0.4769857363710902,20.39964498434696,25.111222685490493,22.755433834918726,0.7282348871231079,50,601
0.3692184881634894,0.5748970761621861,0.4720577821628378,20.46199252729302,25.343546931108527,22.902769729200774,0.7282787561416626,50,601
0.3834240817194836,0.579464834407686,0.4814444580635848,20.402647649926728,25.372395053041373,22.88752135148405,0.7284634411334991,50,601
0.385512230931042,0.5806747230450879,0.48309347698806493,20.528913850284024,25.344361773533493,22.93663781190876,0.7283592820167542,50,601
0.38279751401176143,0.5861156651571843,0.48445658958447285,20.286544567368818,25.109418238639538,22.697981403004178,0.728426456451416,50,601
0.3908655281738174,0.5894680009306511,0.4901667645522343,21.051618719867253,25.78336591297914,23.417492316423196,0.7286649942398071,403,601
0.39463124553484896,0.5932542789908711,0.49394276226286005,21.126575593920876,26.34104213364261,23.733808863781743,0.728666365146637,403,601
0.40593138734422746,0.5881378693494406,0.497034628346834,20.985344484797427,26.49182392622481,23.738584205511117,0.7285906672477722,403,601
0.4073319057918083,0.5797208834376215,0.4935263946147149,21.25344217266563,26.439289581674117,23.846365877169873,0.7286903858184814,403,601
0.3860283648624247,0.5869240039103205,0.48647618438637263,20.81880493420862,26.36575378086167,23.592279357535148,0.7284824252128601,403,601
0.4004683243168804,0.5930182038675204,0.4967432640922004,21.16585018379662,26.733195340351816,23.949522762074217,0.7286165952682495,403,601
0.3986176016504286,0.5847879058017104,0.4917027537260695,20.87363570460631,26.43223044524689,23.6529330749266,0.7285398244857788,403,601
0.3916369128602706,0.5900391474695237,0.49083803016489713,20.833129011383036,26.139820202301912,23.486474606842474,0.7286335229873657,403,601
0.3811936840812205,0.5901968429688218,0.4856952635250211,20.606799173401484,27.069859829025642,23.838329501213565,0.72836634516716,403,601
0.37282543832212434,0.5884813364588137,0.48065338739046903,20.63749945483336,26.82399822587926,23.730748840356313,0.728337436914444,403,601
0.38677690175555585,0.5892630620297723,0.48801998189266405,20.718264609000375,26.638312855703987,23.67828873235218,0.7284912765026093,403,601
0.3852149023391401,0.5799734892456683,0.48259419579240415,20.884158230600924,26.666853016162445,23.775505623381683,0.7285302877426147,403,601
0.3871396144479781,0.5792696438531335,0.48320462915055584,20.816246243000244,26.57323571807693,23.694740980538587,0.7284375429153442,403,601
0.3830216632138182,0.570534744814503,0.4767782040141606,20.97164337837387,26.28651102355351,23.62907720096369,0.7282147705554962,403,601
0.38653992152723776,0.5787367204490199,0.48263832098812887,21.06453924555659,26.612387782557633,23.83846351405711,0.7282911241054535,403,601
0.386524931968076,0.582330895787366,0.484427913877721,21.25971179978804,26.72327808619461,23.991494942991324,0.7281694710254669,403,601
0.3896076890428219,0.583816475093904,0.4867120820683629,21.058450037162196,26.206509994896926,23.63248001602956,0.7282949686050415,403,601
0.3864784329848272,0.5825238101189724,0.4845011215518998,20.966453722765205,25.986075852256068,23.476264787510637,0.7282552719116211,403,601
0.4027139069497268,0.5780055204242424,0.4903597136869846,21.078517598965057,26.4336691372551,23.75609336811008,0.7283245027065277,403,601
0.38778651368872813,0.5885248008549532,0.4881556572718406,20.779030897376316,26.523080843412973,23.651055870394643,0.7282231748104095,403,601
0.39804988518116025,0.5908981947358319,0.4944740399584961,20.69979990309744,26.718641868328582,23.70922088571301,0.7283150255680084,403,601
0.40991193473609644,0.5800374495919169,0.4949746921640067,20.839823546925167,26.568136055198952,23.70397980106206,0.7283572256565094,403,601
0.4054729544440099,0.5689052369091587,0.4871890956765843,20.629316095701363,26.625900934506028,23.627608515103695,0.728303998708725,403,601
0.412240402895136,0.5799392979846578,0.49608985043989695,21.19869564998651,26.447203048120603,23.82294934905356,0.7282481789588928,403,601
0.40852243822747675,0.5731998993117698,0.49086116876962327,20.89983279399715,26.55544617704204,23.727639485519596,0.728235125541687,403,601
0.40219986279558556,0.5723489438224403,0.48727440330901295,21.026071714928815,26.29057999496297,23.658325854945893,0.7282010316848755,403,601
0.4073536356568717,0.5766857474654357,0.49201969156115366,21.33148013276205,26.110840807856942,23.721160470309496,0.728241354227066,403,601
0.38742540534550124,0.5858229701862077,0.4866241877658545,21.251173272324756,26.441569747875885,23.84637151010032,0.7280893325805664,403,601
0.3905375439022631,0.5839217311089272,0.4872296375055951,21.15550549853753,26.48808596974247,23.82179573414,0.7281765639781952,403,601
0.412381238320479,0.5658270996857213,0.48910416900310016,20.399244669444347,27.624803975528913,24.01202432248663,0.7289837002754211,756,601
0.4134478726852004,0.5574407074973983,0.4854442900912993,20.84345002627679,27.108830386190114,23.976140206233453,0.7287607789039612,756,601
0.41493319593342637,0.5645904322172758,0.4897618140753511,20.587633077806455,27.282946113062792,23.935289595434625,0.7288984954357147,756,601
0.41317409754297957,0.564777042954534,0.4889755702487568,20.545658816829718,26.785757136898653,23.665707976864184,0.7288094758987427,756,601
0.40844945320379666,0.5504245527557932,0.4794370029797949,20.407116681499172,26.595372084090684,23.50124438279493,0.7285139560699463,756,601
0.39280547094353757,0.5456369828264016,0.4692212268849696,20.47026853748014,26.81669351167569,23.643481024577916,0.7284367084503174,756,601
0.4035042565759254,0.5482895129161999,0.4758968847460626,20.319802299001715,26.799552268700126,23.55967728385092,0.728464663028717,756,601
0.3952931994980645,0.551012150884105,0.4731526751910848,20.465043676169945,27.40547717310302,23.935260424636482,0.7283956706523895,756,601
0.40174195827442905,0.5435461665561301,0.47264406241527956,20.626056071376006,26.692340164209796,23.6591981177929,0.7282336950302124,756,601
0.39282287715782355,0.5439620286517325,0.46839245290477804,20.60275401238637,26.683176112859332,23.64296506262285,0.7282170057296753,756,601
0.4006798227248661,0.5436700739678291,0.47217494834634754,20.447936712093412,26.74380135088792,23.595869031490665,0.7280299961566925,756,601
0.4117879020264519,0.5435629396175486,0.47767542082200026,20.229947584187375,26.53886294149039,23.384405262838882,0.7281250059604645,756,601
0.4044471968539275,0.5380572694412391,0.4712522331475833,20.409626583491566,26.173938551536025,23.291782567513795,0.7279795110225677,756,601
0.39458311008835756,0.5346158992809344,0.464599504684646,20.637769603019954,26.221531043117878,23.429650323068916,0.727767139673233,756,601
0.3970798527548297,0.5454380381045634,0.47125894542969654,20.474770478755858,26.102535320474423,23.28865289961514,0.7278222441673279,756,601
0.4080885682782456,0.5396131294242632,0.4738508488512544,20.791441989674215,26.125909346138613,23.458675667906412,0.7279266715049744,756,601
0.39859164967230587,0.5418624207279693,0.4702270352001376,20.634358032046386,26.357939247783715,23.49614863991505,0.7277815043926239,756,601
0.40087238398162023,0.537974984511144,0.46942368424638214,20.305955185982405,26.505086936785023,23.405521061383716,0.7277913391590118,756,601
0.41282660730642246,0.5449463944543359,0.4788865008803792,20.626105393865842,26.65151467981585,23.638810036840844,0.7278812527656555,756,601
0.40000570418486914,0.5405218820397485,0.4702637931123088,20.27608447846592,26.526682861192068,23.401383669828995,0.727681577205658,756,601
0.4030544627123504,0.5398943313655995,0.471474397038975,20.01378919980313,26.711326453506516,23.36255782665482,0.7274275720119476,756,601
0.39886455708433166,0.552772759966828,0.4758186585255798,20.33264161663467,26.97336681825127,23.65300421744297,0.7274271845817566,756,601
0.3994253455743088,0.5473064695801202,0.47336590757721453,20.304578319038345,26.39580040414227,23.35018936159031,0.7272851169109344,756,601
0.3940589334188361,0.5511833625758359,0.472621147997336,20.629609706221885,26.504450830812825,23.567030268517357,0.7274634838104248,756,601
0.387285718142598,0.5442334206830034,0.4657595694128007,20.13123002190976,26.254345396184934,23.192787709047348,0.7272783815860748,756,601
0.39209347560324453,0.5439638854976311,0.4680286805504378,20.418291615299804,26.09102697213534,23.254659293717573,0.7273094058036804,756,601
0.3869313907519196,0.5365092207527664,0.461720305752343,20.42966234219774,26.1371551910637,23.28340876663072,0.727217972278595,756,601
0.3864551260568178,0.5526579626587069,0.4695565443577624,19.97427641659134,26.49686333400798,23.23556987529966,0.727352648973465,756,601
0.38512745020888833,0.5414144303295386,0.46327094026921345,20.145094945160313,26.310669324108687,23.2278821346345,0.7276321649551392,756,601
0.3956187793275798,0.5422066364400318,0.4689127078838058,20.36196286648276,26.483793804390817,23.42287833543679,0.7275073528289795,756,601
0.4188199738665599,0.5017906022725814,0.46030528806957066,19.97374228466235,26.017936089949096,22.995839187305723,0.7279424965381622,1109,601
0.4002176409261297,0.5010753674146929,0.4506465041704113,19.47559813097889,26.013449893611888,22.74452401229539,0.7276544570922852,1109,601
0.4362764296269386,0.5033573617795593,0.4698168957032489,20.388742478916786,26.30309353078392,23.345918004850354,0.727987676858902,1109,601
0.41150479586251987,0.49303840015586897,0.4522715980091944,19.94664223903911,25.723699571331018,22.835170905185066,0.7277388572692871,1109,601
0.41248537488300613,0.48936235339926876,0.45092386414113744,19.812766195588065,26.02124866422085,22.91700742990446,0.7275381684303284,1109,601
0.40531118912456365,0.4937352206369893,0.44952320488077646,19.826595809800676,25.39638775222935,22.611491781015012,0.7274299561977386,1109,601
0.40963356635242215,0.48756799608037965,0.4486007812164009,19.86081120925686,25.57120552480583,22.716008367031343,0.7274130880832672,1109,601
0.4182269510166647,0.4838626181014372,0.45104478455905095,19.972357614011997,25.00750302262015,22.489930318316073,0.7273238301277161,1109,601
0.40828267624399334,0.47000145680601385,0.4391420665250036,19.737481280914515,25.71899477449026,22.72823802770239,0.7274038791656494,1109,601
0.4055722236801453,0.4763581201762187,0.44096517192818196,19.582895280881058,25.484036659663136,22.533465970272097,0.7272370159626007,1109,601
0.3963130298537356,0.4787818649254187,0.4375474473895772,19.547605226083668,26.176796975440656,22.862201100762164,0.727312296628952,1109,601
0.41243264177832417,0.4723345901688123,0.44238361597356823,20.178032334657267,25.492191794210225,22.835112064433744,0.7272633612155914,1109,601
0.4115577959472073,0.47660311415996176,0.4440804550535845,20.3183699913061,25.073571759257593,22.695970875281844,0.7274331152439117,1109,601
0.3993846846141666,0.4741160025403213,0.43675034357724396,19.98251155684063,25.52390166360923,22.75320661022493,0.7273102104663849,1109,601
0.40382163619453576,0.47749610266195325,0.4406588694282445,20.26509563621135,25.03261226564892,22.648853950930132,0.7272070944309235,1109,601
0.4066574371190838,0.46275136681192375,0.43470440196550375,19.978619053448487,25.260300426145843,22.619459739797165,0.7271918952465057,1109,601
0.4094398371620698,0.48655204517934214,0.44799594117070596,19.830431277618224,25.15161126719873,22.491021272408478,0.7273349463939667,1109,601
0.4100472046992461,0.47955959493956474,0.4448033998194054,20.08332490063529,25.523850058353066,22.803587479494176,0.7273865044116974,1109,601
0.4315700798012966,0.49835688272713324,0.46496348126421494,20.437463102877444,25.332663517957883,22.885063310417664,0.7277209162712097,1109,601
0.4297010203192546,0.490920668772479,0.4603108445458668,20.536096986113417,25.00541840698946,22.77075769655144,0.7276725471019745,1109,601
0.4121051696890068,0.4879756673514614,0.45004041852023413,20.072694924462844,25.7498309210506,22.91126292275672,0.7274215817451477,1109,601
0.4321950882087828,0.4877582253243249,0.45997665676655386,20.79337594007219,25.46211761277155,23.12774677642187,0.7275211811065674,1109,601
0.42711557600333105,0.48636956392474484,0.45674256996403795,20.708184321576763,25.55969852752419,23.13394142455048,0.7275020182132721,1109,601
0.4299365302679777,0.4897051805997013,0.4598208554338395,20.570963606729656,25.709366910822286,23.140165258775973,0.7275916635990143,1109,601
0.4242082346599893,0.46975847617846084,0.44698335541922507,20.303207292627327,25.978685460421893,23.14094637652461,0.7273979485034943,1109,601
0.41548329329811423,0.48970956603763083,0.4525964296678725,20.278238049025134,25.264567986602668,22.771403017813903,0.7274584770202637,1109,601
0.4054341372139074,0.4708632018119459,0.43814866951292664,20.154170755034915,26.2201436843662,23.18715721970056,0.7273598313331604,1109,601
0.4169542392326085,0.47576272623392246,0.4463584827332655,20.30288391278387,25.42838643935181,22.86563517606784,0.7273364663124084,1109,601
0.39969400363589297,0.4709880883647302,0.4353410460003116,19.965597797784657,25.572451626800596,22.769024712292627,0.727145791053772,1109,601
0.4260382744490106,0.4767727456918853,0.45140551007044794,20.60340740238409,25.17320546775348,22.888306435068785,0.7273123562335968,1109,601
0.3965285688857754,0.4759332089417408,0.4362308889137581,19.984879848460118,25.134022043169104,22.55945094581461,0.727025032043457,1109,601
0.409701842773015,0.46310055038580067,0.43640119657940785,20.42769577509055,24.964635079997564,22.69616542754406,0.7272294759750366,1109,601
0.4057798533167679,0.4690471720776232,0.43741351269719553,20.134302931184138,24.913557430912135,22.523930181048136,0.727174311876297,1109,601
0.40829246048530254,0.4773342640989618,0.4428133622921322,20.534157403801544,24.947507058647407,22.740832231224474,0.727183073759079,1109,601
0.394026147018286,0.4484966518958719,0.42126139945707897,20.351469265028886,23.533859638441307,21.942664451735098,0.7270060479640961,1462,601
0.3895855923586706,0.4809008365125309,0.43524321443560077,20.078646667423104,22.922724081889733,21.50068537465642,0.7271216809749603,1462,601
0.3964682033513263,0.46555477513922117,0.43101148924527377,20.49823952432793,23.127174111158528,21.812706817743226,0.7267104387283325,1462,601
0.40547187214602604,0.4523879177706001,0.4289298949583131,20.860368043574894,23.679202041460943,22.269785042517917,0.7267008721828461,1462,601
0.3392203414374792,0.42923408622635845,0.3842272138319188,14.845895721739923,24.000739930349425,19.423317826044673,0.7295270264148712,1462,601
0.6128199976820569,-0.0891003620371818,0.2618598178224375,2.918855475163054,6.703147238783666,4.81100135697336,0.7362076640129089,1462,601
-0.6997987909304223,-5.330091053788636,-3.014944922359529,1.242940411293116,0.9239845885822675,1.0834624999376916,0.7379485964775085,1462,601
1.6986956294272666,0.20168619265091767,0.9501909110390921,2.1774028906590037,11.581552712377915,6.879477801518459,0.737495094537735,1462,601
0.5517851781683949,0.40617166352054274,0.47897842084446884,4.780157344900718,17.970231525847147,11.375194435373933,0.7343699336051941,1462,601
0.3260446942551474,0.37611476973331065,0.35107973199422904,11.34330039392926,18.01843104397529,14.680865718952276,0.7308419048786163,1462,601
0.26329573293959,0.4402926628625236,0.3517941979010568,14.019266813556113,22.592483510798147,18.30587516217713,0.728673905134201,1462,601
0.3248000575602695,0.4439163646185163,0.3843582110893929,18.346702796075697,22.137178789379124,20.241940792727412,0.727686733007431,1462,601
0.35083287143705194,0.44499233213448813,0.39791260178577004,19.58459093579717,22.35952072602865,20.972055830912907,0.7273553311824799,1462,601
0.3611801224740641,0.4623637695536659,0.411771946013865,19.856924709161127,23.505231856903507,21.681078283032317,0.7266237139701843,1462,601
0.36903752198649475,0.45433203075989187,0.41168477637319334,20.707513633537584,23.4155038804264,22.061508756981993,0.7264122068881989,1462,601
0.3892354824429056,0.4259493308539002,0.4075924066484029,21.25223956731942,24.074896087278983,22.663567827299204,0.7263911068439484,1462,601
0.3856264262149271,0.4491029827931176,0.41736470450402235,21.034311311985807,24.296172999756912,22.66524215587136,0.7262235581874847,1462,601
0.3949508622176509,0.4347480764444713,0.4148494693310611,21.45012773774756,24.91361509593199,23.181871416839776,0.7261093854904175,1462,601
0.38896456876510405,0.4360927589544076,0.41252866385975584,21.308250847536716,24.502007932337275,22.905129389936995,0.7258533537387848,1462,601
0.3955366134648097,0.43039665046053527,0.41296663196267247,21.54774729461188,24.668936931936667,23.108342113274276,0.7259578108787537,1462,601
0.3998687012439496,0.43395880108585116,0.41691375116490037,21.59232559361561,24.423720340954652,23.00802296728513,0.7259045839309692,1462,601
0.4013266802384677,0.4535097509878479,0.4274182156131578,21.882643713951378,24.354904157107672,23.118773935529525,0.7259257435798645,1462,601
0.401216249868199,0.44769899087339315,0.42445762037079604,21.67383123319488,24.293858863740557,22.983845048467717,0.7259392738342285,1462,601
0.397079005691289,0.43205881213157055,0.4145689089114298,21.80886995881916,24.483447009897166,23.14615848435816,0.7258701920509338,1462,601
0.3910184393007352,0.45821533303051865,0.42461688616562693,21.74964517079255,24.453060426999237,23.101352798895896,0.7259573638439178,1462,601
0.3862534898493515,0.4515417446549606,0.418897617252156,21.583973205484675,24.21826863676219,22.901120921123432,0.7261638045310974,1462,601
0.3855065795133031,0.46332498924113785,0.4244157843772205,21.30535143502014,24.38192743726197,22.843639436141054,0.725866824388504,1462,601
0.38420027322019934,0.4506607514229921,0.4174305123215957,21.431239702795136,24.37731472480994,22.904277213802537,0.725740909576416,1462,601
0.37923244622952984,0.4606419751721989,0.41993721070086437,21.56973550887325,24.493615282845802,23.031675395859526,0.7257102727890015,1462,601
0.3896246872341093,0.45057272255108405,0.4200987048925967,21.538976606032005,24.420080584574702,22.979528595303353,0.7258245348930359,1462,601
0.3912455580543505,0.4472611347016805,0.4192533463780155,21.623984921038396,24.767558116220474,23.195771518629435,0.7256347835063934,1462,601
0.3941620923375922,0.44842919941574827,0.42129564587667023,21.722184738451134,24.49632855667722,23.109256647564177,0.7257376313209534,1462,601
0.41433209947607497,0.6085573308803608,0.5114447151782179,20.707768292709968,24.743566021100147,22.725667156905057,0.727441668510437,50,711
0.4107274624352587,0.618478791105823,0.5146031267705409,19.67704669593531,24.823232028236937,22.250139362086124,0.728652834892273,50,711
0.39588025044300923,0.6376176421839584,0.5167489463134838,19.999396330006647,24.05804245529725,22.02871939265195,0.7283819913864136,50,711
0.3901661380040551,0.6326129724154431,0.5113895552097492,20.122685703019677,24.617950912158978,22.37031830758933,0.728729784488678,50,711
0.3712730401073044,0.6194389094002116,0.49535597475375803,20.56306321555428,24.598009576961584,22.580536396257934,0.7281331419944763,50,711
0.3908410262206937,0.6305580762656251,0.5106995512431594,20.941433955705353,24.98994743733948,22.965690696522415,0.7284986972808838,50,711
0.37249707498952755,0.599593999565819,0.4860455372776733,20.73898855238612,24.89669573919474,22.81784214579043,0.7283229529857635,50,711
0.3697235971151732,0.5996956585108814,0.4847096278130273,20.255922014285616,25.13689488750799,22.696408450896804,0.7285744249820709,50,711
0.3843963374363319,0.586567234182986,0.48548178580965895,20.643102463641416,24.680298669828844,22.661700566735128,0.7286533415317535,50,711
0.379310134696132,0.5856449647277261,0.482477549711929,20.809765336362908,24.67102087204704,22.740393104204976,0.7286620140075684,50,711
0.3884900998197781,0.5852105079268091,0.4868503038732936,20.944878691594884,25.04298572476934,22.993932208182112,0.7287559807300568,50,711
0.4076749026066044,0.6100653869475834,0.5088701447770939,21.090763728286554,25.228035700981824,23.15939971463419,0.7290570139884949,50,711
0.3979810575037921,0.6051727430127986,0.5015769002582953,20.932416276580348,25.353920421885363,23.143168349232855,0.7290155291557312,50,711
0.3943474117859657,0.5748237445559096,0.4845855781709376,20.39234969490018,25.01160177964306,22.701975737271617,0.7288140952587128,50,711
0.39771115947943275,0.5927327726692286,0.49522196607433067,20.67049064129268,25.280786618564154,22.97563862992842,0.7288451492786407,50,711
0.3999964434773529,0.592812197341226,0.4964043204092895,21.10842161012917,25.10897762574623,23.108699617937702,0.7289519011974335,50,711
0.3768045246106259,0.5867511960080914,0.48177786030935865,20.212508573685206,24.89944294412177,22.555975758903486,0.7286489903926849,50,711
0.3785937584310316,0.6025624348760784,0.490578096653555,20.025167046814243,25.299125646239293,22.662146346526768,0.7287401556968689,50,711
0.38653130600852625,0.59757612664501,0.49205371632676814,19.99282269650189,25.131794383231277,22.562308539866585,0.7287745475769043,50,711
0.3851851228406363,0.6089417427682753,0.49706343280445575,19.993005604842367,25.181242985075563,22.587124294958965,0.7287485897541046,50,711
0.3833957448346528,0.6205111608449351,0.501953452839794,19.924123021625775,25.458681008518564,22.69140201507217,0.7289033234119415,50,711
0.3890862194688502,0.6116083018722946,0.5003472606705724,19.97437553928517,25.102925309048484,22.538650424166825,0.7289723455905914,50,711
0.39471085691164637,0.6242624945840152,0.5094866757478308,20.11214092085196,24.948182204736874,22.53016156279442,0.7290669679641724,50,711
0.4008794584448975,0.6086292745727484,0.504754366508823,20.284721506677013,25.149537189524228,22.71712934810062,0.7291151881217957,50,711
0.39437733831908095,0.6222483383917308,0.5083128383554059,19.93556225443234,25.4814373196945,22.70849978706342,0.7290752828121185,50,711
0.40547941955599925,0.6264845882796601,0.5159820039178297,20.043012173114153,25.6893186099434,22.866165391528774,0.7292995452880859,50,711
0.4130582882858505,0.6260079944194716,0.519533141352661,19.948922930531726,25.605222832516183,22.777072881523956,0.7293826639652252,50,711
0.41164263026168035,0.6132108782800216,0.5124267542708509,20.04286189269772,25.262601434678302,22.65273166368801,0.7293301820755005,50,711
0.39663642075093236,0.616307494168374,0.5064719574596532,19.910306990327584,25.492783237243778,22.70154511378568,0.7290740013122559,50,711
0.4006737306951949,0.6206907823554645,0.5106822565253297,19.894606588489253,25.238289299432996,22.566447943961123,0.72890704870224,50,711
0.4091602351122875,0.6236738216263543,0.5164170283693209,19.98951239982464,25.42154490693033,22.705528653377485,0.7290126383304596,50,711
0.4034329311959539,0.6265939776778683,0.5150134544369112,20.12904688378243,25.31889241429365,22.72396964903804,0.7290663123130798,50,711
0.3986063866231681,0.6145983284506484,0.5066023575369083,19.864232043730603,24.85553032863052,22.35988118618056,0.7290585339069366,50,711
0.3883483440374752,0.6185539313386288,0.5034511376880519,19.871596447954467,24.918458816110295,22.39502763203238,0.7288532257080078,50,711
0.3903022650101776,0.611872912543252,0.5010875887767148,20.249591572553992,26.243975419089164,23.246783495821578,0.7286863327026367,403,711
0.39534438509879144,0.6012535019707919,0.49829894353479165,20.476722885636477,26.4920854768747,23.484404181255588,0.728577047586441,403,711
0.3883186373309663,0.6188801592486386,0.5035993982898024,20.6459536202206,26.432996615543345,23.53947511788197,0.7286931872367859,403,711
0.39391739527629943,0.6027017253410375,0.49830956030866846,20.4894560653984,26.608398525768717,23.54892729558356,0.7288167774677277,403,711
0.37911679513394486,0.6018157340004835,0.4904662645672142,20.462954405798435,26.242603122272037,23.352778764035236,0.7286888062953949,403,711
0.41691348692833585,0.5994496571150743,0.5081815720217051,21.02547089087004,26.8601383373704,23.94280461412022,0.7290162146091461,403,711
0.4092716292337399,0.5978304690549038,0.5035510491443218,20.98834780905021,26.267008451527573,23.627678130288892,0.729080468416214,403,711
0.4139266508343212,0.5931849139651509,0.5035557823997361,20.826650294628546,25.956593896712814,23.39162209567068,0.7291302680969238,403,711
0.4221251206630128,0.5935232560790701,0.5078241883710415,21.07164403589323,26.120103968219627,23.595874002056426,0.7291444838047028,403,711
0.41767746579327947,0.6005310379009489,0.5091042518471142,20.6249818903634,26.20194733205131,23.413464611207356,0.7291367650032043,403,711
0.41321087698348913,0.6077616630356802,0.5104862700095847,20.626864713749182,26.15480275903879,23.390833736393986,0.7291377186775208,403,711
0.41470168058504975,0.6063530341140738,0.5105273573495618,20.69754062713339,26.15059089851899,23.42406576282619,0.7290939092636108,403,711
0.4095577611129806,0.6065280667535853,0.5080429139332829,20.564238783403084,26.58116389074918,23.572701337076133,0.7290796041488647,403,711
0.413897065763891,0.6047996189411502,0.5093483423525206,20.53045637219507,26.196683631667057,23.363570001931063,0.7292738556861877,403,711
0.417646088779053,0.5979054388874278,0.5077757638332404,20.57489687654059,26.390866329842577,23.482881603191583,0.7291592955589294,403,711
0.40240691268982914,0.5979636588315448,0.500185285760687,20.301307281886114,25.85864048209905,23.079973881992583,0.729141503572464,403,711
0.3985738564590998,0.6028812865186371,0.5007275714888685,20.519800706161142,26.384039364928118,23.45192003554463,0.7290001809597015,403,711
0.401159991671906,0.6019867396368409,0.5015733656543735,20.611850009352644,26.453829013196206,23.532839511274425,0.7291159927845001,403,711
0.4038443716481894,0.6064014689275254,0.5051229202878574,20.83221773385718,26.089798042751877,23.46100788830453,0.7292101979255676,403,711
0.40323466559031973,0.604920903565996,0.5040777845781579,20.52751168156958,25.28668591663981,22.907098799104695,0.729275643825531,403,711
0.4165505929255757,0.6178232890614904,0.517186940993533,20.440161474099753,25.25727732419106,22.84871939914541,0.7294067144393921,403,711
0.4141497411045496,0.6061783358449337,0.5101640384747417,20.46010910585372,25.07005498375687,22.765082044805297,0.7292124032974243,403,711
0.40708791635508096,0.5923068860031585,0.49969740117911976,20.352660583774764,26.011808618221664,23.182234600998214,0.7291688024997711,403,711
0.4071825340172798,0.5961068000392703,0.501644667028275,19.924398029718123,25.65658215989238,22.79049009480525,0.7291168570518494,403,711
0.41253016103083423,0.5909633313980006,0.5017467462144174,20.13378315849227,24.93242103557539,22.533102097033833,0.7292196452617645,403,711
0.4095419872739667,0.5899819940923854,0.49976199068317606,20.438184193611068,25.531990339540176,22.985087266575622,0.7291424870491028,403,711
0.41313450830171694,0.5892385474309432,0.5011865278663301,20.437777270765224,26.498272951762846,23.468025111264033,0.7291081547737122,403,711
0.4077844412650792,0.5897324799154359,0.4987584605902575,20.194923533719056,26.163892209151665,23.17940787143536,0.729110598564148,403,711
0.39528875758563403,0.5849417445010395,0.49011525104333675,20.095114201975765,26.28188326778428,23.18849873488002,0.7289588451385498,403,711
0.40957114055243365,0.5802906497355416,0.4949308951439876,20.173309536319863,25.060509566886736,22.6169095516033,0.7290699481964111,403,711
0.40595196094692776,0.5958469671917203,0.5008994640693241,20.69869099425082,25.896374813510665,23.297532903880743,0.7291185557842255,403,711
0.4084844068120372,0.5831758864454976,0.49583014662876734,20.08309912145156,24.975268433659988,22.529183777555772,0.7291134893894196,403,711
0.38918748768866973,0.5718706455727697,0.4805290666307197,19.80195507071167,25.69953600397517,22.75074553734342,0.7294174432754517,756,711
0.4143367834531013,0.5707869570945969,0.4925618702738491,20.15070965212206,25.997232957366766,23.07397130474441,0.7294720709323883,756,711
0.40443310965798873,0.5712121838695293,0.487822646763759,20.304012924525413,25.92209561989997,23.113054272212693,0.7293995916843414,756,711
0.4116417587534402,0.5636769692958813,0.48765936402466076,20.088411244483808,25.83922193274598,22.963816588614893,0.7292525470256805,756,711
0.41755343103028014,0.5779962781948415,0.49777485461256077,19.96603154442473,25.821319121663564,22.893675333044147,0.7294818758964539,756,711
0.41840590796374516,0.5689978981029747,0.4937019030333599,19.945352846888888,26.10793648681245,23.026644666850668,0.7293805480003357,756,711
0.4037030707798272,0.5610430897345487,0.48237308025718795,19.718371691802755,25.660601666205807,22.689486679004283,0.7292913496494293,756,711
0.3957833703351098,0.5615414887445089,0.47866242953980936,19.43470166024303,26.088576244521082,22.761638952382057,0.7291988134384155,756,711
0.3940369619186274,0.5602402017748653,0.4771385818467464,19.81784102248449,26.04196891456653,22.929904968525513,0.729220986366272,756,711
0.40908658500077083,0.5628650077809635,0.4859757963908672,19.832134064096252,26.059025591138255,22.94557982761725,0.7293677628040314,756,711
0.4036999358579763,0.5564020013883269,0.48005096862315155,20.07969624166634,26.057094427905554,23.068395334785947,0.7292797863483429,756,711
0.39984226221196517,0.5619498921765994,0.4808960771942823,20.099549213939596,25.940171246635085,23.019860230287343,0.7292942106723785,756,711
0.4057350961461155,0.5631898547698515,0.4844624754579835,20.50413397305774,26.132806461587457,23.3184702173226,0.7293603420257568,756,711
0.3982825536767635,0.5649621379876197,0.48162234583219166,20.525434495713927,26.034762139840954,23.28009831777744,0.7293188571929932,756,711
0.40462013007555886,0.5499533496991116,0.4772867398873352,20.45865504496891,26.07269786860814,23.265676456788526,0.729287713766098,756,711
0.4178965684210629,0.5440775309538303,0.48098704968744654,20.445185758133498,25.7371368574342,23.09116130778385,0.7293120324611664,756,711
0.4123280153002581,0.5579833056381687,0.4851556604692134,20.283382035252583,25.872727722327994,23.07805487879029,0.7295109331607819,756,711
0.41912363589936824,0.5470494339700976,0.48308653493473297,20.92304548872551,25.860198942330655,23.39162221552808,0.7293548285961151,756,711
0.4082233162876501,0.5494244626657345,0.4788238894766923,20.67340712975752,26.04261151461459,23.358009322186057,0.7295474708080292,756,711
0.3929206665855611,0.5589128151554376,0.4759167408704993,20.833544652181473,25.89799866201903,23.365771657100254,0.7295326590538025,756,711
0.41725815470447797,0.5498507207381034,0.4835544377212907,20.883602299861526,25.739221533187735,23.31141191652463,0.7294942736625671,756,711
0.39590387263680865,0.5503925965160392,0.47314823457642396,20.704526975941903,26.206158346624942,23.455342661283424,0.7292985618114471,756,711
0.40628780328157377,0.5371642414658404,0.4717260223737071,20.833843887269865,26.196360759762534,23.5151023235162,0.7295369803905487,756,711
0.4105859183711935,0.5504357821073388,0.48051085023926615,20.70276478226356,26.1449259997893,23.423845391026433,0.7294675409793854,756,711
0.41485017621039255,0.5493589375983005,0.4821045569043465,20.885648312381882,25.570442059059612,23.228045185720745,0.7293544113636017,756,711
0.41088132192619325,0.5393743529689118,0.4751278374475525,20.6194154630425,26.147619607949224,23.383517535495862,0.7291351556777954,756,711
0.41858427707708507,0.5292277517150883,0.4739060143960867,20.49479457472479,26.119088622366025,23.306941598545407,0.7291747033596039,756,711
0.41042354483273236,0.5430665386817812,0.4767450417572568,20.839568470291727,25.582353225012852,23.210960847652288,0.7290326058864594,756,711
0.43095162826972244,0.5528509055775508,0.4919012669236366,21.238309850409728,25.51908229619239,23.378696073301057,0.7292773723602295,756,711
0.4112216710583455,0.5482253706857831,0.4797235208720643,20.91809275190834,25.31837252012024,23.11823263601429,0.728908121585846,756,711
0.4218978628731965,0.5455233800739769,0.48371062147358673,20.93285605425818,25.23786101448657,23.085358534372375,0.7288477122783661,756,711
0.4261109837363514,0.54444734574518,0.4852791647407657,20.610617789371574,25.56996878633121,23.09029328785139,0.7289927899837494,756,711
0.4335390353102813,0.5300455082494102,0.48179227177984574,20.87250032495727,25.567009712598235,23.219755018777754,0.7289404273033142,756,711
0.43225163765356495,0.5118196911148896,0.4720356643842273,20.256611078331566,24.6863158079424,22.471463443136983,0.7289098799228668,1109,711
0.43551112942788406,0.5061207617563308,0.47081594559210743,20.28695915684783,24.84676151365991,22.56686033525387,0.7289053797721863,1109,711
0.4392054227464812,0.5002420365604299,0.46972372965345555,19.77657695759686,25.314279355356057,22.545428156476458,0.7288129031658173,1109,711
0.4311565056746056,0.5135881837458961,0.47237234471025086,19.655458623225904,25.186271429729214,22.420865026477557,0.7288752496242523,1109,711
0.4416734031429803,0.5120154020097136,0.47684440257634697,19.76619837928303,24.789906365063242,22.278052372173136,0.7288618087768555,1109,711
0.43626561598936997,0.49922361026083173,0.46774461312510085,19.38602384671286,25.328913423148787,22.357468634930825,0.7284820079803467,1109,711
0.44160929706831226,0.5020350761904906,0.47182218662940145,19.494730173809725,25.118083413564765,22.306406793687245,0.728369951248169,1109,711
0.4471865405857999,0.48988544880088203,0.46853599469334095,19.649619747745664,25.2243544898459,22.436987118795784,0.728351503610611,1109,711
0.4454982091812638,0.48272352676728436,0.4641108679742741,19.73550233405249,25.52565080583572,22.630576569944104,0.7281427085399628,1109,711
0.4401428606684885,0.48827032504126766,0.4642065928548781,19.916250576365453,25.165538647638524,22.54089461200199,0.7281124591827393,1109,711
0.42708325915287976,0.48870082924775815,0.4578920442003189,19.939686586673176,25.12255773667258,22.531122161672876,0.7280163168907166,1109,711
0.4284924245760237,0.5043778951123161,0.46643515984416994,19.771954407789433,25.703367724644245,22.737661066216837,0.7280834317207336,1109,711
0.4228252865667476,0.49849953509048384,0.4606624108286157,20.09572496505106,25.583681341618096,22.839703153334575,0.7281878590583801,1109,711
0.4205909032878447,0.48096530218395994,0.45077810273590235,19.921017369932986,24.75608799533062,22.338552682631803,0.7280171811580658,1109,711
0.42265841914187285,0.48262421754139995,0.4526413183416364,20.047153669028198,25.13956264324788,22.593358156138038,0.7278901636600494,1109,711
0.4129685995336157,0.48322788477645495,0.44809824215503535,20.070164488196593,24.823744113311356,22.446954300753973,0.7279936969280243,1109,711
0.42227390844539997,0.4826367374376627,0.45245532294153135,20.225778861631916,25.144378996363915,22.685078928997918,0.7278573513031006,1109,711
0.42199061981895725,0.4732132957360539,0.44760195777750555,20.304493907741985,25.30814157187972,22.80631773981085,0.7276553511619568,1109,711
0.40828371420706905,0.4870588016683994,0.4476712579377342,20.043936455755492,25.103106277855808,22.57352136680565,0.7277684211730957,1109,711
0.41148574621574197,0.4842777039018307,0.4478817250587863,19.67176114682803,25.085895803395644,22.37882847511184,0.7277950942516327,1109,711
0.41955041145435373,0.48994285724850994,0.4547466343514318,20.168043944397166,25.060053380176367,22.614048662286766,0.7279556393623352,1109,711
0.42870988666371596,0.48930626793984455,0.4590080773017803,20.381465462085266,25.25644850878569,22.818956985435477,0.7279589176177979,1109,711
0.42321729290679017,0.4880215128004751,0.45561940285363267,20.23316987612532,25.103182533279067,22.668176204702192,0.7278856337070465,1109,711
0.4260432551346055,0.4884292842551653,0.4572362696948854,20.571889866738093,25.464169570355963,23.018029718547027,0.727796345949173,1109,711
0.42428187997309086,0.4905863944365215,0.4574341372048062,20.274952402918036,25.32609144494662,22.80052192393233,0.7278074622154236,1109,711
0.42230572494597063,0.5009382975013299,0.46162201122365026,20.624694600905418,25.64957426699302,23.13713443394922,0.7277570962905884,1109,711
0.42343383311268645,0.4986767892309146,0.46105531117180054,20.210204646688897,26.31000000846756,23.26010232757823,0.727721244096756,1109,711
0.42598030747344456,0.4962144510354099,0.46109737925442723,20.24458726856988,25.94382735608138,23.09420731232563,0.7276354432106018,1109,711
0.3431975087136201,0.4428015452829166,0.39299952699826834,16.329707127197267,22.617412349941414,19.473559738569342,0.7303498983383179,1462,711
0.33312222140562514,0.4691402619572491,0.4011312416814371,17.000995037785938,23.41393242684927,20.207463732317606,0.7297903597354889,1462,711
0.3601223432019627,0.4632084964873389,0.41166541984465077,18.089107455496976,24.070508226257584,21.07980784087728,0.7292952835559845,1462,711
0.3639376736150496,0.46988490517484754,0.4169112893949486,18.318674584716216,23.833850909899873,21.076262747308043,0.7292453348636627,1462,711
0.366278509037136,0.46636339291374024,0.4163209509754381,18.44729931521964,23.398888404810588,20.923093860015115,0.7291601300239563,1462,711
0.3505449090271526,0.47016854818963894,0.4103567286083958,18.39546945773084,23.31042334101918,20.85294639937501,0.7287003993988037,1462,711
0.3659750825946862,0.47189121861418565,0.4189331506044359,19.254470983713517,22.814854502549405,21.034662743131463,0.7289519608020782,1462,711
0.3630834378402767,0.461886229933778,0.41248483388702734,18.891000114736688,23.73371052028578,21.312355317511233,0.728763073682785,1462,711
0.3692267317333034,0.4624021721209131,0.41581445192710825,19.344155420101192,23.737438275341486,21.54079684772134,0.728595107793808,1462,711
0.375365036244493,0.46289350403892177,0.4191292701417074,19.505606011498156,23.174611102263846,21.340108556881,0.7286151051521301,1462,711
0.384935420066814,0.4634788328805104,0.4242071264736622,19.884565334753244,23.301179462932424,21.592872398842836,0.7287168204784393,1462,711
0.3916675657944869,0.47420348335457746,0.4329355245745322,19.993610341369457,24.20594970020092,22.09978002078519,0.7287788987159729,1462,711
0.3853141758109203,0.46362122730988947,0.4244677015604049,20.054806549222928,23.75041719050987,21.902611869866398,0.7283942997455597,1462,711
0.37850929925862475,0.4562646005699526,0.4173869499142887,19.83660611933007,23.539524056263147,21.68806508779661,0.7283937335014343,1462,711
0.39666440453894,0.4738344882437101,0.435249446391325,20.227956325400044,23.909207602709916,22.068581964054978,0.7285305857658386,1462,711
0.3869177364395325,0.45829442343756793,0.4226060799385502,20.0978018596867,23.17147770807449,21.634639783880594,0.7282453179359436,1462,711
0.39497632013166767,0.4640392012583807,0.42950776069502417,20.33967014962268,23.657304572026245,21.998487360824463,0.728400707244873,1462,711
0.39688872616229204,0.4597644498980657,0.42832658803017887,20.54788605897046,23.13169364831043,21.839789853640447,0.7282035946846008,1462,711
0.38771021465567757,0.45870841997830336,0.42320931731699046,20.202001639881868,23.292864899908007,21.747433269894938,0.7281312644481659,1462,711
0.4032623938055385,0.47274344850817035,0.43800292115685446,20.705684636062667,23.370145774041212,22.037915205051938,0.7282544672489166,1462,711
0.3824630286712236,0.4635997112206034,0.4230313699459135,20.364878511856766,23.359393689612467,21.862136100734617,0.7283307909965515,1462,711
0.4003060958881033,0.4766067903162211,0.4384564431021622,21.386535584548508,23.641686688330157,22.514111136439332,0.7283312082290649,1462,711
0.40088560778247856,0.446463154082811,0.42367438093264476,21.03478676719169,23.60298421346406,22.318885490327876,0.7284849286079407,1462,711
0.3969854402643163,0.4549031353895312,0.42594428782692373,20.99837243570064,23.52690880306073,22.262640619380687,0.7283968031406403,1462,711
0.41343253171122596,0.45884179403960496,0.4361371628754155,21.26509082294313,24.274609839263864,22.7698503311035,0.7284248769283295,1462,711
0.3949426034580795,0.434001095051102,0.4144718492545908,20.63952139863998,23.66829648658068,22.15390894261033,0.728436291217804,1462,711
0.40538739966832876,0.4583124309327967,0.4318499153005627,21.084803059858437,24.267814419883177,22.676308739870805,0.7281995415687561,1462,711
0.41919492585094187,0.4471723260788649,0.4331836259649034,20.31183668626713,24.051978561134913,22.181907623701022,0.7284936308860779,1462,711
0.4101788384016672,0.44692867602730024,0.42855375721448374,20.772746893288883,23.694490859313706,22.233618876301293,0.7286527454853058,1462,711
0.4140356913623417,0.4547087036975049,0.4343721975299233,20.90450104154482,24.4353707153397,22.66993587844226,0.7286261320114136,1462,711
0.4157315623802988,0.4454158855838503,0.43057372398207455,20.886118520018073,24.090171286784095,22.488144903401086,0.728803962469101,1462,711
0.4058410064161453,0.44411565752842486,0.4249783319722851,20.804119573816344,23.933423439908417,22.36877150686238,0.7286596894264221,1462,711
0.4172918174692162,0.44719124974644714,0.4322415336078317,20.44164877775875,23.512013333671085,21.976831055714918,0.7291915416717529,1462,711
0.3750406969869009,0.5856545942692095,0.4803476456280552,16.594592652085645,23.556832830573686,20.075712741329667,0.7304052114486694,50,821
0.4065112585382562,0.5741643320244532,0.4903377952813547,18.86655137035482,22.851485998281994,20.859018684318407,0.7308313250541687,50,821
0.38253328012415744,0.5779106243120571,0.48022195221810726,17.216811309568246,23.188340451678314,20.20257588062328,0.7311780750751495,50,821
0.3950527377528256,0.5717898390107203,0.483421288381773,19.152408021878536,22.845171356777985,20.998789689328262,0.7306517064571381,50,821
0.3807491403236858,0.5859997581780352,0.4833744492508605,18.479112806055,22.889560081163268,20.684336443609133,0.7307326197624207,50,821
0.3904640879263104,0.5745660286464704,0.4825150582863904,19.617853007001884,23.27671401647427,21.44728351173808,0.7309213578701019,50,821
0.3739384274485812,0.5634461405257963,0.46869228398718876,18.472072585132352,23.388318284150053,20.930195434641202,0.730422705411911,50,821
0.3801302902227265,0.5725607634501827,0.4763455268364546,19.11799058264129,23.50461935007105,21.311304966356168,0.7308165729045868,50,821
0.36645146553231844,0.5852433048419199,0.47584738518711917,18.939943022311102,23.65852282933474,21.29923292582292,0.7306152582168579,50,821
0.38990441138149573,0.577755988006337,0.4838301996939164,19.42940234286871,23.72278446656298,21.576093404715845,0.7311693429946899,50,821
0.38825193294720994,0.5882327131227366,0.4882423230349733,19.48606685095637,23.899314600593602,21.692690725774987,0.7308216392993927,50,821
0.3948542582883444,0.575349977094165,0.4851021176912547,19.597161843470666,23.814828278773145,21.705995061121904,0.7311549186706543,50,821
0.3953414968553852,0.5849893686656372,0.4901654327605112,19.363774203144818,24.000017127795743,21.68189566547028,0.7308423817157745,50,821
0.40813037468999064,0.5776953845265365,0.4929128796082636,19.96519075486164,23.800265998347175,21.88272837660441,0.7308171093463898,50,821
0.39154177320049,0.5822964738213292,0.4869191235109096,19.673517388443436,23.83054191276582,21.752029650604626,0.7308869957923889,50,821
0.37977106265499244,0.5734322600817731,0.4766016613683828,19.6025515941783,24.040408581115397,21.821480087646847,0.7303043305873871,50,821
0.3836976856756019,0.5630015650216269,0.4733496253486144,19.782281105990354,23.719389655340436,21.750835380665393,0.7305606007575989,50,821
0.3738707005239907,0.5579012049700959,0.46588595274704325,19.30997474358546,23.81750307242105,21.563738908003256,0.730187863111496,50,821
0.36243331678535906,0.5841362730177171,0.4732847949015381,19.124878870954067,23.831744911948036,21.47831189145105,0.7302912175655365,50,821
0.367792156918754,0.5728433672822414,0.4703177621004977,19.423807990216915,23.87397342142229,21.648890705819603,0.730422168970108,50,821
0.37664750526861906,0.5809012171032129,0.478774361185916,19.190002717455634,23.81785533300938,21.50392902523251,0.7303509414196014,50,821
0.38927548798535877,0.5767041737667694,0.48298983087606406,19.69693594382512,23.761251194930594,21.72909356937786,0.7306106090545654,50,821
0.37547585882079504,0.5823480710459675,0.4789119649333813,19.328747951851433,23.88491664689595,21.606832299373693,0.7305210828781128,50,821
0.39558894853359006,0.5743559420663548,0.4849724452999724,19.944964400870198,24.138930900758407,22.0419476508143,0.7304286062717438,50,821
0.3887062225256204,0.5819782914437304,0.48534225698467537,19.685373919768722,23.976524718990664,21.83094931937969,0.7305449843406677,50,821
0.39431500915921563,0.5645795753630048,0.47944729226111027,19.275580717964864,23.984661896731364,21.630121307348112,0.7304894626140594,50,821
0.39870171243695085,0.5857314192878145,0.49221656586238266,19.756311936555406,24.201944709350876,21.97912832295314,0.7306520640850067,50,821
0.39898160153431195,0.5908329854499299,0.4949072934921209,19.529479527344375,24.174814778759966,21.852147153052172,0.7308844029903412,50,821
0.4069456928980668,0.5777915027701443,0.4923685978341056,19.82004380014375,24.04776402742503,21.93390391378439,0.7308485805988312,50,821
0.41145547495746904,0.5741787301496006,0.49281710255353484,19.940115468470083,23.948277001646325,21.944196235058204,0.7307593822479248,50,821
0.3939105762840049,0.5831549733287296,0.48853277480636725,18.401461713107985,25.06171440546455,21.731588059286267,0.7313882410526276,403,821
0.4098142704861574,0.5986074372745701,0.5042108538803638,19.48558958101952,25.548866041203784,22.517227811111653,0.7316093146800995,403,821
0.4183212135749703,0.591767713525534,0.5050444635502522,19.990785878376798,25.480182120165203,22.735483999271,0.73168084025383,403,821
0.4068672130539858,0.5957527291185055,0.5013099710862456,19.80962738567466,25.520231811316343,22.6649295984955,0.7316242158412933,403,821
0.40351409064544747,0.6045649484176464,0.5040395195315469,19.804819529084625,25.216604544692284,22.510712036888457,0.7317213118076324,403,821
0.40307843677576694,0.6158517500175156,0.5094650933966413,20.021542224473794,25.61627980313174,22.81891101380277,0.7317664325237274,403,821
0.38406436233628455,0.6079273718520524,0.49599586709416843,19.9065333404396,25.67117154151303,22.788852440976314,0.7315218150615692,403,821
0.39858249281742036,0.6086820861115473,0.5036322894644838,19.86025468785014,25.961691927560164,22.910973307705152,0.7316935360431671,403,821
0.4172924079964274,0.6052770306460502,0.5112847193212389,20.052721391405974,25.50652900789186,22.77962519964892,0.731896311044693,403,821
0.4061342989402868,0.5917430429076934,0.49893867092399014,19.920188890418153,25.446433090686718,22.683310990552435,0.7316382825374603,403,821
0.4119183663804393,0.5924904427341476,0.5022044045572935,20.1800955084701,25.487345155368253,22.833720331919174,0.7316302359104156,403,821
0.401740001176968,0.5748192266667208,0.4882796139218444,19.747104511908812,25.558749120831898,22.652926816370353,0.7315233051776886,403,821
0.3867071141078687,0.5823802526442138,0.48454368337604126,19.56940318364878,25.57841981864446,22.57391150114662,0.7314110398292542,403,821
0.3927913701719931,0.5994425833487407,0.4961169767603669,19.821195307675115,25.43917343963199,22.630184373653552,0.731471985578537,403,821
0.39861922226789204,0.5954291173983266,0.4970241698331093,20.017492375773344,25.43528754279307,22.726389959283207,0.7314180433750153,403,821
0.40084491634003994,0.6014066776340121,0.501125796987026,20.29899578588058,25.861416963843592,23.080206374862087,0.7314474880695343,403,821
0.39166440372118244,0.5906420630282314,0.49115323337470695,20.122628106593055,25.34313555296551,22.73288182977928,0.7314099669456482,403,821
0.39502421160841344,0.5994819054304854,0.49725305851944945,19.796341078079514,25.0262352480636,22.411288163071557,0.7314605712890625,403,821
0.4002548855706529,0.5954607424271771,0.497857813998915,20.259601543568607,25.1590225255079,22.709312034538254,0.7315147519111633,403,821
0.3845621829223308,0.5975245618589068,0.4910433723906188,19.840757156180164,25.135579183039486,22.488168169609825,0.7312846183776855,403,821
0.37735734472472426,0.592894268922731,0.48512580682372763,19.50310048815946,25.01820825677785,22.260654372468657,0.7313512563705444,403,821
0.3777252746576348,0.599431450507083,0.48857836258235887,19.707527502106075,25.305837812974545,22.50668265754031,0.731327623128891,403,821
0.4082550770555633,0.579333365026881,0.49379422104122217,20.427397259251592,24.75257163063507,22.589984444943333,0.7313439249992371,403,821
0.39622729007459373,0.5874556780794459,0.4918414840770198,20.085694712714403,25.418247158862115,22.751970935788258,0.7314120829105377,403,821
0.4118946837004243,0.5827250753826566,0.4973098795415405,20.153280762807075,24.93217499561266,22.542727879209867,0.7314954996109009,403,821
0.3807428262048113,0.5751722434385143,0.4779575348216628,19.796660544921068,24.69695045717505,22.24680550104806,0.7312302887439728,403,821
0.4034280919633055,0.5858624628956541,0.49464527742947983,19.801222631766713,24.70965854165129,22.255440586709,0.7314922213554382,403,821
0.3929783355552626,0.579594565294911,0.48628645042508684,19.401098283363705,24.806167871959758,22.103633077661733,0.7314019501209259,403,821
0.3973812197730141,0.5710788161071217,0.4842300179400679,19.53960792980464,24.812203828834406,22.175905879319522,0.7312734723091125,403,821
0.39220162982786966,0.5841583549247304,0.48817999237630005,19.81997873560203,24.406407606112456,22.113193170857244,0.7313475012779236,403,821
0.3881501620694721,0.6055524444371613,0.4968513032533167,19.742100462654495,24.479187731570963,22.11064409711273,0.7316078543663025,403,821
0.41324150169358614,0.5584618277313235,0.4858516647124548,19.23566037362239,24.938439424806944,22.08704989921467,0.7320809066295624,756,821
0.39599425242313274,0.558226893657178,0.47711057304015536,19.10947228541633,24.652455109662007,21.88096369753917,0.7318572998046875,756,821
0.4156131154860829,0.5475488126959841,0.48158096409103346,19.467421451483457,25.500375570582047,22.483898511032752,0.7319000661373138,756,821
0.39977661712740414,0.5697863329624527,0.4847814750449284,19.259736021632058,24.66433667152835,21.962036346580206,0.7319805920124054,756,821
0.4057753768817089,0.5451917735762268,0.4754835752289679,19.473622486979554,25.35510957713245,22.414366032056,0.7318912446498871,756,821
0.39905305205168096,0.5579935743200557,0.4785233131858683,19.32450104534544,24.523978999017345,21.924240022181394,0.7318879961967468,756,821
0.3926456109941146,0.5564219536881042,0.47453378234110943,19.3283515158295,24.82601758532686,22.07718455057818,0.7317242622375488,756,821
0.3956887787870492,0.547093463528547,0.47139112115779813,19.20540519324702,24.618295809149565,21.911850501198295,0.7316344976425171,756,821
0.4001276626701252,0.5510477762952939,0.4755877194827095,19.46549837658868,24.709852306268854,22.087675341428767,0.7316920459270477,756,821
0.40075390223213153,0.5570127999990978,0.47888335111561464,19.812239297776635,24.75958141441115,22.285910356093893,0.7316884100437164,756,821
0.3998840169406461,0.5528796986358918,0.47638185778826897,19.424879304325803,24.877608902914417,22.151244103620108,0.7317028343677521,756,821
0.40113262071648126,0.5507107621022808,0.475921691409381,19.676385068115607,25.08476365627488,22.380574362195244,0.7315862774848938,756,821
0.4088467777419096,0.5496804802251923,0.47926362898355096,19.918397919850452,24.904002026557972,22.411199973204212,0.7316469252109528,756,821
0.3932980704204736,0.559811530051555,0.4765548002360143,19.78043717455821,25.38300636542567,22.581721769991937,0.7316296696662903,756,821
0.38984033002880597,0.5449538506113819,0.4673970903200939,19.490720688613315,25.201630436013446,22.34617556231338,0.7313750386238098,756,821
0.39682831152102477,0.5530819677609985,0.47495513964101166,19.609820812784047,25.422874744691384,22.516347778737718,0.7313725650310516,756,821
0.39585828552602803,0.5440222670256072,0.4699402762758176,19.414924676178398,25.144088652214105,22.27950666419625,0.7312175929546356,756,821
0.3892563623318471,0.5456517181007469,0.467454040216297,19.357894074173558,25.020396665571166,22.189145369872364,0.731101781129837,756,821
0.3939378903274154,0.5426371899291972,0.4682875401283063,19.537022590744648,25.290953804810457,22.413988197777552,0.7310212850570679,756,821
0.3952898191792732,0.5565438415570075,0.47591683036814036,19.205572576745638,24.94619339250175,22.075882984623696,0.7311208844184875,756,821
0.399851576800655,0.5341278170134207,0.46698969690703784,19.358516512133743,25.470669835260992,22.41459317369737,0.730913519859314,756,821
0.3911909151517469,0.5418194612372007,0.46650518819447384,19.02158202451353,25.313916052146485,22.167749038330008,0.7310497760772705,756,821
0.3770441021994923,0.5409476473379388,0.4589958747687155,18.944452986713518,25.303780825255405,22.12411690598446,0.7309383749961853,756,821
0.39342351594743646,0.5427266634222053,0.4680750896848209,19.21470406184646,25.25167568516584,22.23318987350615,0.7311377823352814,756,821
0.38871225601798043,0.5591760591198122,0.4739441575688963,19.273041059744365,24.963340492404516,22.118190776074442,0.7311314344406128,756,821
0.37949019093943065,0.4838236317641633,0.43165691135179696,18.847786823641773,24.263769599711342,21.555778211676557,0.7313468158245087,1109,821
0.36404241610137794,0.48947906185922024,0.4267607389802991,18.631164453590078,24.145319446894746,21.38824195024241,0.7314740717411041,1109,821
0.3729933663366137,0.48369187923269874,0.4283426227846562,18.448978785229937,24.294334421339986,21.37165660328496,0.7312738299369812,1109,821
0.3724490744708675,0.49428014416722094,0.4333646093190442,18.403348284442313,24.501018226603048,21.45218325552268,0.7312617003917694,1109,821
0.36216102915255155,0.49272287680495747,0.42744195297875454,18.505767635195173,24.163518037849915,21.334642836522544,0.7311400771141052,1109,821
0.37432697588105135,0.4938954016742016,0.43411118877762644,18.97792318178278,24.25173982184655,21.614831501814663,0.7313024699687958,1109,821
0.3666689299733791,0.49301351343343003,0.42984122170340455,19.03229149462445,24.260127737533786,21.64620961607912,0.7311267554759979,1109,821
0.3686786439081432,0.4892677519969315,0.42897319795253736,18.96660788571068,24.097462006825317,21.532034946268,0.731065034866333,1109,821
0.3772042412857948,0.5011745306289811,0.43918938595738793,19.117478673648947,24.30949839675972,21.713488535204334,0.7311955392360687,1109,821
0.37793863215437473,0.499830040998995,0.43888433657668485,19.03536434225696,24.47070798014827,21.753036161202616,0.7311885356903076,1109,821
0.38468252459284336,0.4951564389921166,0.43991948179247997,19.436614277782173,24.510960177958697,21.973787227870435,0.7311981916427612,1109,821
0.3669099255595675,0.5008281510857765,0.433869038322672,19.063125865697334,24.047908387899504,21.55551712679842,0.7312755286693573,1109,821
0.36697001101118326,0.5041767816647899,0.43557339633798653,19.24314060959499,24.156825075505903,21.699982842550448,0.7312469184398651,1109,821
0.3686645266300832,0.5018017997055737,0.43523316316782845,19.386576062651393,24.376991209437595,21.881783636044496,0.7312553226947784,1109,821
0.3869720388263261,0.486335872748462,0.4366539557873941,19.44072484524602,24.52784425448801,21.984284549867013,0.7313163578510284,1109,821
0.39231608910025006,0.49974832067209274,0.4460322048861714,19.294048120136054,24.764018718636205,22.02903341938613,0.7314745485782623,1109,821
0.38215925738761547,0.48633149073155774,0.43424537405958663,19.138780435486836,24.701992189663667,21.920386312575253,0.731438398361206,1109,821
0.3882975324471823,0.5006760938359912,0.4444868131415868,19.1581812776734,24.408142461253842,21.78316186946362,0.7316620647907257,1109,821
0.3884115479319814,0.5023233798549818,0.4453674638934816,19.14874564497407,24.53070603186229,21.839725838418182,0.7317690849304199,1109,821
0.37989990944575563,0.4983841720992916,0.4391420407725236,19.025543562661355,24.291639845480525,21.65859170407094,0.7317691743373871,1109,821
0.36650949503332736,0.46083572955439345,0.41367261229386043,19.065862593806592,23.603285557879957,21.334574075843275,0.7319095134735107,1462,821
0.35937194436760367,0.4555082639481102,0.4074401041578569,19.156497799077286,23.120587327748268,21.138542563412777,0.7316929697990417,1462,821
0.3691233878547299,0.45604422300702535,0.41258380543087764,19.312425237672603,23.882613966167604,21.597519601920105,0.7316614389419556,1462,821
0.3773242987339722,0.4565246311334719,0.41692446493372204,19.775045225174317,23.426001512714027,21.600523368944174,0.7317366302013397,1462,821
0.36851341273811267,0.4598819703567943,0.41419769154745345,19.14665065914049,23.93737059473247,21.54201062693648,0.7316878139972687,1462,821
0.3722374538751169,0.4563740722613702,0.41430576306824357,19.126477365448228,23.635294806408545,21.38088608592839,0.7317267954349518,1462,821
0.3714435170699711,0.4537725789090146,0.41260804798949285,19.26371656625609,23.15242094807851,21.2080687571673,0.7317686676979065,1462,821
0.38248443702473794,0.4494559454826635,0.4159701912537007,19.63179188266471,23.567989403916847,21.599890643290777,0.7318123877048492,1462,821
0.38582043915399744,0.4625251939232896,0.4241728165386435,19.437685629314974,23.26863839450276,21.353162011908864,0.7318601608276367,1462,821
0.37413317749510366,0.4607454768200086,0.41743932715755616,19.34856153872079,23.498372571873507,21.42346705529715,0.7316524386405945,1462,821
0.3861135600957747,0.455713812147416,0.42091368612159535,19.51512576200703,23.486327717933737,21.500726739970382,0.7317297458648682,1462,821
0.37330353076272205,0.4571960992190498,0.4152498149908859,19.581593181108488,22.983277788319274,21.28243548471388,0.731605738401413,1462,821
0.37842457293693266,0.45433974814851813,0.41638216054272537,19.235122976131215,23.11020055112325,21.172661763627232,0.731684684753418,1462,821
0.3693255953004269,0.45781302557119147,0.4135693104358092,19.53401762837596,22.822804988971264,21.17841130867361,0.7315605282783508,1462,821
0.37645883427859334,0.46534078667198325,0.4208998104752883,19.36206658328303,23.648542819597598,21.505304701440316,0.7316886782646179,1462,821
0.37856390847470583,0.459096597284168,0.4188302528794369,19.789872927564954,22.803304008614102,21.296588468089528,0.7316270470619202,1462,821
0.37257177045977513,0.455368740580072,0.41397025551992356,19.202097724875372,23.12936776886108,21.165732746868226,0.7315535843372345,1462,821
0.3696159677204166,0.43898570787760616,0.4043008377990114,19.522503153941162,23.259798497650404,21.391150825795783,0.7316626310348511,1462,821
0.36976844169382644,0.44752831246943353,0.40864837708163,19.617514377440585,23.26602889619734,21.441771636818963,0.7317817509174347,1462,821
0.36532359127632574,0.4593655961966921,0.4123445937365089,19.279997585581906,23.60385245644817,21.441925021015038,0.7317444384098053,1462,821
0.3821844242663939,0.4712897036950445,0.4267370639807192,19.27631011690235,23.860742425118822,21.568526271010587,0.7317547500133514,1462,821
0.3823778348845518,0.47573515981934955,0.42905649735195067,19.001746613980075,24.029237965385914,21.515492289682996,0.7316733300685883,1462,821
0.3818854840245535,0.48228589273040184,0.4320856883774777,19.060295253628354,23.795221183329392,21.42775821847887,0.7318858504295349,1462,821
0.37568849584249053,0.48471723632458263,0.4302028660835366,18.900578593438745,23.855815435745114,21.37819701459193,0.7317246794700623,1462,821
0.37623743308389207,0.4746623619143014,0.42544989749909673,19.11288000322781,23.522900086597442,21.317890044912627,0.7315839529037476,1462,821
0.37813137416074616,0.5563800070468027,0.4672556906037744,17.386422383381333,23.63618205557685,20.51130221947909,0.7318100333213806,50,932
0.3875708430020031,0.5731513456144496,0.4803610943082264,18.926691964604327,23.512746382800792,21.219719173702558,0.7317602038383484,50,932
0.38208388468606863,0.5744200769656828,0.4782519808258757,18.977783673055033,23.936085701243346,21.45693468714919,0.7316742837429047,50,932
0.3682099088497753,0.5699891256831646,0.4690995172664699,19.697228291867237,23.522123055924823,21.609675673896028,0.7315334975719452,50,932
0.365785815951121,0.5746541387625873,0.47021997735685417,18.865650477922742,24.07397927406198,21.469814875992363,0.7314364910125732,50,932
0.3621364931720673,0.5836259581856269,0.4728812256788471,19.25485352431136,24.270834653136333,21.762844088723845,0.7315299808979034,50,932
0.36052156289698783,0.580035021550616,0.4702782922238019,18.70134080205838,24.57613368955685,21.638737245807615,0.7314888834953308,50,932
0.3689645877094457,0.5973708251126182,0.4831677064110319,19.901196758276487,22.183373951695582,21.042285354986035,0.7319051027297974,50,932
0.33325468729589364,0.5712830559421561,0.45226887161902485,14.167659345007163,21.966239066965763,18.06694920598646,0.7328928709030151,50,932
0.3164296443675752,0.5390079047544609,0.42771877456101803,14.237228581291077,22.185315204300693,18.211271892795885,0.7327499091625214,50,932
0.3501877387995748,0.5446211125781751,0.44740442568887495,15.651536297429562,22.421649526458054,19.036592911943806,0.7321346700191498,50,932
0.3581044477700075,0.5385073072442108,0.44830587750710915,16.265803997661287,22.30443945418726,19.285121725924274,0.7321877181529999,50,932
0.35014359884243706,0.5268246340577108,0.43848411645007396,15.968807787074237,22.300394838834176,19.134601312954207,0.7320862114429474,50,932
0.37070724577641595,0.5508516562661266,0.46077945102127127,16.506050978374642,22.21689177578218,19.36147137707841,0.7322589755058289,50,932
0.3664057838933861,0.5247580494959893,0.4455819166946877,16.797859396664723,21.989411472994462,19.39363543482959,0.7319544553756714,50,932
0.36678243318518333,0.514065598120864,0.4404240156530237,17.43770920996872,22.067234421095847,19.75247181553228,0.7322045564651489,50,932
0.36809720250037065,0.5071137455436805,0.43760547402202554,16.928255819536705,22.149378919152124,19.538817369344414,0.7320778369903564,50,932
0.3713956888571661,0.5089097193578814,0.4401527041075238,16.982090026566627,22.12433904039804,19.553214533482333,0.732241302728653,50,932
0.3747438769187906,0.5142721840308836,0.4445080304748371,16.93050876335577,21.871987226752804,19.401247995054288,0.7321544289588928,50,932
0.3788117038518432,0.5263393664758047,0.452575535163824,17.340752712714252,22.524834590961753,19.932793651838004,0.7323299646377563,50,932
0.38119498298156523,0.5155005931792624,0.44834778808041387,17.04387540492912,22.27203903223335,19.657957218581238,0.7322911620140076,50,932
0.3898783871569946,0.5302442534886056,0.4600613203228001,17.366322636774463,22.383599280543088,19.874960958658775,0.7321360409259796,50,932
0.4045266036275164,0.5076198276241155,0.45607321562581593,17.462160742015623,22.005936176265966,19.734048459140794,0.7324041724205017,50,932
0.38263241607818926,0.5467886331614377,0.46471052461981344,17.353501651294625,22.6857203344875,20.01961099289106,0.7323198616504669,50,932
0.40427891523422377,0.5230252518718015,0.46365208355301263,17.97777509030837,22.239249500913797,20.108512295611085,0.7322052121162415,50,932
0.38674745881617173,0.5422400212481998,0.4644937400321858,18.3123501530065,22.353666765692715,20.333008459349607,0.7323301434516907,50,932
0.38613677587897244,0.5267679502533194,0.4564523630661459,18.047401061258395,22.33994445110944,20.193672756183915,0.7322497665882111,50,932
0.37980000229991945,0.5407448500587178,0.46027242617931863,17.578341843159997,21.950485037117637,19.764413440138817,0.7321327328681946,50,932
0.40590545313330645,0.5414916630297206,0.4736985580815135,19.49354952126403,23.2664187419858,21.379984131624916,0.7328640818595886,403,932
0.39270602443645475,0.5605858754890449,0.47664594996274984,18.89541159747879,23.35079191716958,21.123101757324186,0.7325676679611206,403,932
0.4007466616491563,0.5519805407961234,0.4763636012226398,18.891850651043267,23.25184006812763,21.07184535958545,0.7327913343906403,403,932
0.39691030905071906,0.5500228820600291,0.47346659555537407,17.993323405537573,23.573939369936728,20.783631387737152,0.7325188517570496,403,932
0.3879156692089681,0.5503144168084618,0.469115043008715,18.00629219267767,23.512555291509173,20.75942374209342,0.7326357364654541,403,932
0.4166338352974793,0.5462287576595094,0.48143129647849436,19.505479429455203,24.41037214565816,21.957925787556682,0.7329950034618378,403,932
0.4719358237882475,0.5453713000907947,0.5086535619395212,19.39009777604603,23.666295831018292,21.52819680353216,0.7314695715904236,403,932
0.43390043119217386,0.571234768181782,0.502567599686978,17.817169202167918,23.551179068358213,20.684174135263063,0.7309316098690033,403,932
0.41933399174243163,0.5720980892543717,0.4957160404984017,19.419026321583964,23.59440396762047,21.506715144602218,0.7306364178657532,403,932
0.4066152957454733,0.569064053098671,0.48783967442207216,19.493239892900895,23.839316750593543,21.66627832174722,0.7304846048355103,403,932
0.39338223720141874,0.5722626590961408,0.4828224481487798,19.507999277273054,24.955029979359633,22.231514628316344,0.7306803166866302,403,932
0.4313161111982257,0.5843685624719451,0.5078423368350854,20.028618110550376,24.55295132438251,22.290784717466444,0.7305817008018494,403,932
0.40366290704563534,0.585315179207127,0.49448904312638114,20.215973266711607,23.945085255359377,22.080529261035494,0.7306565344333649,403,932
0.41241954207555565,0.5709166116471939,0.49166807686137476,20.339910338272876,23.704118219224984,22.02201427874893,0.7303496897220612,403,932
0.41669188959973613,0.5732929457796464,0.49499241768969127,21.09767419118397,23.85671108467439,22.47719263792918,0.7306695282459259,403,932
0.4305882903574449,0.5861632389734361,0.5083757646654405,20.532351353979312,23.94920835828969,22.240779856134502,0.7306890487670898,403,932
0.44113859941536454,0.5614372652969046,0.5012879323561346,20.14534216450078,23.368812095031267,21.757077129766024,0.7306773066520691,403,932
0.4700677101598593,0.5515352505847051,0.5108014803722822,20.211721953795166,24.108400601099074,22.16006127744712,0.7310841679573059,403,932
0.4620204439097504,0.5518931781721558,0.506956811040953,20.058691763697986,23.735379168825872,21.89703546626193,0.7307852506637573,403,932
0.4405111985571848,0.5562906603429492,0.498400929450067,20.14393099400311,23.70466483592527,21.924297914964193,0.7307374775409698,403,932
0.41767009556388196,0.5515896052590472,0.48462985041146456,20.31617294920374,23.51830080310398,21.917236876153858,0.7307631075382233,403,932
0.4039460408706916,0.5535989629144377,0.4787725018925646,19.973758707472914,24.456094274456095,22.214926490964505,0.7308633327484131,403,932
0.42550462197414235,0.550916579757347,0.48821060086574464,20.36721959198197,24.13605819897834,22.251638895480156,0.7312133014202118,403,932
0.41694050578330805,0.5373916253861158,0.477166065584712,21.371494365812666,24.0447863661971,22.708140366004884,0.7313329875469208,403,932
0.43684749439828735,0.5571850656558585,0.4970162800270729,19.939319101173304,23.77937338136315,21.859346241268227,0.7312692403793335,403,932
0.4173406212403994,0.5642134555251821,0.49077703838279074,19.9108124001935,23.93633332822725,21.923572864210374,0.7309728562831879,403,932
0.4145402488721568,0.5641220771171339,0.48933116299464535,19.667968089785376,23.855767844417954,21.761867967101665,0.7313605546951294,403,932
0.4276674894557696,0.5742181254585622,0.5009428074571659,20.625014551805503,23.783184150310444,22.204099351057973,0.7313709557056427,403,932
0.420942908788151,0.5557767689798926,0.4883598388840218,19.88661940935192,23.549022829312857,21.71782111933239,0.7316202819347382,403,932
0.4075631238031016,0.5552273456380327,0.4813952347205671,19.415211601739987,23.730235861937548,21.572723731838767,0.7316247522830963,403,932
0.384526516131458,0.548192127658326,0.46635932189489204,17.853282001208726,24.773046415017937,21.31316420811333,0.7311915159225464,756,932
0.37839419886314957,0.5100955408515712,0.44424486985736034,18.09259941932713,24.825536376332487,21.459067897829808,0.7307059168815613,756,932
0.3945142279596466,0.5285849603784256,0.46154959416903607,17.571323215219383,24.890755383566667,21.231039299393025,0.7309961318969727,756,932
0.3950024064808437,0.5187071259700272,0.45685476622543547,18.24906856368058,24.5606924165682,21.40488049012439,0.7308191955089569,756,932
0.38710093579625926,0.5275792402723232,0.4573400880342912,18.255218704435464,24.838029439934477,21.54662407218497,0.730545848608017,756,932
0.3915234699787976,0.5099941706562622,0.4507588203175299,18.148485246448637,24.552401517977078,21.35044338221286,0.7301863431930542,756,932
0.3940709525375983,0.517642855580147,0.45585690405887264,18.579869521833363,25.101532530892694,21.84070102636303,0.730255663394928,756,932
0.4091350550661052,0.5262293896280685,0.4676822223470869,18.519148328849646,25.193741271649117,21.85644480024938,0.7304054200649261,756,932
0.4164858905676203,0.5137306466567958,0.46510826861220805,18.718576231653962,25.119265918958526,21.918921075306244,0.7302297651767731,756,932
0.3927065165910431,0.5172541618586755,0.45498033922485925,18.567708965296553,25.692373965932287,22.13004146561442,0.7301106750965118,756,932
0.39999005687687855,0.5119286566720975,0.45595935677448807,18.969268264466198,25.41026270731797,22.18976548589208,0.7303154766559601,756,932
0.3801432072239045,0.5187546653871694,0.44944893630553695,18.71736258548388,25.57959014582264,22.14847636565326,0.730025440454483,756,932
0.3814463549975808,0.5384525548286265,0.4599494549131037,18.714677845070963,25.769169085335143,22.24192346520305,0.7300033569335938,756,932
0.3744812356900869,0.5400547119029527,0.45726797379651984,18.2209690033733,25.479953775654366,21.850461389513832,0.7301046550273895,756,932
0.38835324569976776,0.5404673445323316,0.4644102951160497,18.214253666589546,25.386178225581517,21.80021594608553,0.7301396131515503,756,932
0.4025147558913568,0.5263332609251545,0.4644240084082557,18.286703964611355,25.76947189248821,22.02808792854978,0.7305319309234619,756,932
0.3865532886213086,0.5296049755249782,0.45807913207314344,18.42463120454704,25.646620279425026,22.03562574198603,0.7302893102169037,756,932
0.40380727566625857,0.5165595336778985,0.4601834046720785,18.32557395890864,25.731160065573693,22.02836701224117,0.7303864359855652,756,932
0.405415396370064,0.521051318088132,0.463233357229098,18.213664371016947,25.397780892773795,21.80572263189537,0.7302162051200867,756,932
0.4192890969364928,0.4950319466026023,0.4571605217695476,18.89542244971215,25.067835656738307,21.981629053225227,0.7300367951393127,756,932
0.41395517218421424,0.4938976853940753,0.4539264287891448,19.121322781304762,25.141957985567103,22.131640383435933,0.7293738424777985,756,932
0.4101003135780496,0.5079185599124084,0.459009436745229,17.73262551650687,25.38731338112867,21.55996944881777,0.7288543581962585,756,932
0.3847557465031906,0.5181528339444611,0.4514542902238259,18.298394474886653,25.78484555848682,22.041620016686736,0.7280523777008057,756,932
0.39044005634165935,0.5115438205175706,0.450991938429615,19.04184017604551,26.440131183953234,22.740985679999373,0.7278845906257629,756,932
0.3928262844857811,0.5317847315762728,0.462305508031027,18.82571707704723,26.19045004318222,22.508083560114727,0.728065013885498,756,932
0.40785295269747146,0.5570341829596859,0.48244356782857867,19.149985363571496,24.7585154005325,21.954250382051995,0.7280678749084473,756,932
0.39131361808049997,0.5411037700298764,0.46620869405518817,18.4956174298252,24.541877915004005,21.5187476724146,0.727968692779541,756,932
0.4092360723872314,0.5329311709210438,0.47108362165413764,18.077281757380238,23.680129694698888,20.878705726039563,0.7279766798019409,756,932
0.39800746022594474,0.5303820061334431,0.46419473317969395,17.61765859560591,24.818436003877565,21.218047299741738,0.728166788816452,756,932
0.3913585597368504,0.526096055380253,0.4587273075585517,17.90858115801351,25.376936329268258,21.642758743640883,0.7285073697566986,756,932
0.37912167914893624,0.5228137097777974,0.4509676944633668,18.012037622172024,25.034019425972147,21.523028524072085,0.7283522188663483,756,932
0.3875044862398628,0.4979005561708078,0.44270252120533526,19.30337522880254,23.926850702491254,21.615112965646897,0.7297382652759552,1109,932
0.38770311223159304,0.5056816211493388,0.4466923666904659,18.586500777889075,24.191487340779382,21.38899405933423,0.7296983897686005,1109,932
0.38777926892669173,0.5027625269610506,0.4452708979438712,18.961174282762123,24.353968401986872,21.657571342374496,0.7293848395347595,1109,932
0.39494707072582735,0.506361210592577,0.4506541406592022,19.43168390389991,24.784238540425036,22.107961222162473,0.7293352782726288,1109,932
0.40157766685235247,0.506363643337039,0.4539706550946957,19.400823469026573,24.85594680976996,22.12838513939827,0.7292932868003845,1109,932
0.4047519636221219,0.5049258476680489,0.45483890564508545,19.396581201636863,24.585944193185195,21.99126269741103,0.7292098999023438,1109,932
0.3955510722417517,0.5006410761629274,0.44809607420233954,19.26042589066294,24.721916209617113,21.991171050140025,0.7290487587451935,1109,932
0.3952724777795182,0.5103180627012325,0.45279527024037536,19.280515244448214,24.75151370649319,22.0160144754707,0.729091227054596,1109,932
0.3977235036971749,0.5024692250650206,0.45009636438109774,19.129325673597037,25.095227596295402,22.11227663494622,0.7290639281272888,1109,932
0.40616443985971995,0.5006188145179091,0.45339162718881454,19.053038067775184,24.72674456989263,21.889891318833907,0.7291909456253052,1109,932
0.41388320920419597,0.4918887176526237,0.4528859634284098,18.982955751044003,24.544623931336133,21.763789841190068,0.7289366126060486,1109,932
0.4091324847484622,0.49653002157015097,0.4528312531593066,18.862738486175726,24.589653668614083,21.726196077394903,0.7290580570697784,1109,932
0.41533675656461827,0.4946289733941755,0.4549828649793969,18.990141624910592,24.472546884623853,21.731344254767222,0.7291241586208344,1109,932
0.41725653781943783,0.498774832073665,0.4580156849465514,19.108574007447192,24.664317697874242,21.886445852660717,0.7289772629737854,1109,932
0.41308264436777137,0.4957568403826766,0.454419742375224,19.430372236552287,24.581128518908262,22.005750377730273,0.7290082275867462,1109,932
0.4123646315277129,0.47660214330096623,0.44448338741433957,19.04349613192795,24.740143475903373,21.89181980391566,0.7291319370269775,1109,932
0.3963687628261418,0.468966279326588,0.4326675210763649,18.42457396145443,24.585808918608322,21.505191440031375,0.7288675308227539,1109,932
0.4051339828467618,0.46715143018229977,0.4361427065145308,18.331185399305507,24.520649313331496,21.4259173563185,0.7288106679916382,1109,932
0.3974214285439693,0.47904690905888736,0.4382341688014283,18.593792724742254,24.442688099904313,21.518240412323284,0.7289338707923889,1109,932
0.40488505164572786,0.4611099737918225,0.4329975127187752,18.27361273271732,24.712784375242045,21.49319855397968,0.7289772033691406,1109,932
0.4112661404768244,0.46234336647673807,0.43680475347678127,18.24255773092895,24.57612823531867,21.40934298312381,0.7289126217365265,1109,932
0.4080495475179019,0.4680697238492168,0.4380596356835593,19.0639309931808,24.75571447157756,21.90982273237918,0.7287416458129883,1109,932
0.41873225042374695,0.46804211473134943,0.44338718257754817,19.21541045000571,24.676440671218018,21.94592556061186,0.7288285195827484,1109,932
0.4134444118907127,0.46515868296025065,0.43930154742548166,19.325867467388452,25.140227838201266,22.23304765279486,0.7286724150180817,1109,932
0.4246114130443582,0.4706891256749613,0.44765026935965974,19.293799700233446,24.58744981022896,21.940624755231205,0.7286496162414551,1109,932
0.425809307503458,0.4592930684839176,0.4425511879936878,19.455555451939986,24.918746024183694,22.18715073806184,0.728381335735321,1109,932
0.42819118010257257,0.46510963516626924,0.4466504076344209,19.549083612680096,24.91202117348536,22.23055239308273,0.7283980548381805,1109,932
0.4257471346993602,0.4791991632043061,0.45247314895183316,19.203019593381878,24.975484350061837,22.089251971721858,0.7285853326320648,1109,932
0.43241298017669744,0.4798767956397528,0.4561448879082251,19.29673601119017,25.03827646033779,22.16750623576398,0.7284724116325378,1109,932
0.42904670374034204,0.4831691564642878,0.45610793010231493,19.470792757348523,25.2127310394559,22.34176189840221,0.7284539341926575,1109,932
0.4338204499794155,0.4669233679170398,0.45037190894822765,19.265143187917957,25.165432591691857,22.215287889804905,0.7281545996665955,1109,932
0.42016944145890356,0.478358534291998,0.44926398787545074,19.032786918770583,24.580943102191647,21.806865010481115,0.7283383905887604,1109,932
0.43143181119354385,0.4777993759373465,0.4546155935654452,19.543991260751714,24.694049461601452,22.11902036117658,0.7282399833202362,1109,932
0.4311799860674613,0.47480135951741514,0.4529906727924382,19.32429701630904,24.76794876740778,22.04612289185841,0.7282194197177887,1109,932
0.5905225302248257,0.2829555264259963,0.436739028325411,7.632680598313399,14.433424674008064,11.033052636160733,0.7342334687709808,1462,932
0.30246503971741745,0.38696950229715615,0.3447172710072868,9.703039371072869,19.888171871233613,14.795605621153241,0.7314271628856659,1462,932
0.33599387232815425,0.4066572939606681,0.37132558314441116,13.292695539197908,21.278568859551633,17.28563219937477,0.729587584733963,1462,932
0.3700900350264775,0.4094247857344091,0.3897574103804433,15.498294902938003,21.85562726919137,18.676961086064686,0.7296575605869293,1462,932
0.361658977864993,0.36392306328671037,0.36279102057585166,15.817409351684216,21.041867579568358,18.429638465626287,0.7290098965167999,1462,932
0.4069668702447227,0.3990831398316318,0.4030250050381773,18.069727064516897,23.325437352038893,20.697582208277893,0.7289482951164246,1462,932
0.42137718608318114,0.396404022343705,0.40889060421344303,18.79506642509644,23.19126433594174,20.993165380519088,0.7289098799228668,1462,932
0.41260396003045013,0.417149077654803,0.41487651884262655,17.897898241077787,23.813362060016004,20.855630150546894,0.7288714647293091,1462,932
0.40974226694568194,0.40779911681790454,0.40877069188179327,18.24944650162098,23.80101932558479,21.025232913602885,0.7288354635238647,1462,932
0.4134032749145973,0.4104863064636798,0.41194479068913853,18.498609133681477,24.04353559784454,21.271072365763008,0.7286309003829956,1462,932
0.4137257281607477,0.42931593984034494,0.4215208340005463,18.47049929856057,23.987017399334988,21.22875834894778,0.7288302779197693,1462,932
0.4192692279406096,0.4289155795744617,0.42409240375753565,18.564372568051045,23.84026371686554,21.202318142458292,0.7287644147872925,1462,932
0.42572791979413,0.441646248594418,0.433687084194274,18.9767734819833,24.042611211915872,21.509692346949585,0.7288741767406464,1462,932
0.4299171714709601,0.43681493586190295,0.43336605366643155,19.259774962409022,24.162340042481798,21.71105750244541,0.7287623882293701,1462,932
0.44086157314305935,0.4571221733983222,0.4489918732706908,19.89984400709921,23.877836798901857,21.888840403000536,0.7290885150432587,1462,932
0.4350718506522501,0.44058367179636687,0.4378277612243085,20.2072736946828,24.277679425500075,22.24247656009144,0.7290357947349548,1462,932
0.4236193348320964,0.4591333217009945,0.4413763282665455,19.63454541994131,24.29508923273302,21.964817326337165,0.7294191420078278,1462,932
0.42437307580710654,0.42076047886331625,0.4225667773352114,19.858757925291247,24.620707734607457,22.239732829949354,0.7291267216205597,1462,932
0.4172196324079379,0.436623853922182,0.42692174316505993,19.41606799440774,23.95397547039071,21.685021732399225,0.7295049130916595,1462,932
0.43435043429519754,0.4385904500440766,0.43647044216963704,19.334264591102954,24.379939478863918,21.857102034983434,0.7296112179756165,1462,932
0.4166237795195628,0.4359598164331325,0.42629179797634764,19.191983578067173,24.05159172971541,21.62178765389129,0.7296616435050964,1462,932
