left_ratio_x,left_ratio_y,right_ratio_x,right_ratio_y,left_width,left_height,right_width,right_height,screen_x,screen_y
-0.550332908814794,0.5077749666688598,0.5165113424360691,0.4675407879119761,98.64079987006804,39.35986622699886,94.32715691772891,37.02440413797787,20,20
-0.5017828287498701,0.10805484245450443,0.497943418552209,-1.0907734088788592,99.60737389310019,8.200415178366436,86.46740991322591,5.053239729477492,20,20
-0.5498662277871124,0.35157134116788136,0.5369356689358166,0.3156507696641254,94.49583393788721,22.160331379188694,81.77708665924492,21.205621076050324,20,20
-0.5407757702518461,0.45947709985195345,0.5248273636967473,0.38734401152763925,94.72336044514475,30.319730768875814,83.85914461757069,30.84052782275541,20,20
-0.5381587591182484,0.47312555429993003,0.5299944438434498,0.404972765171433,95.6743676285477,32.42246490283653,83.3900844556027,28.289948918736826,20,20
-0.5392145968367733,0.470049119988225,0.5276053703479048,0.43747859178669013,94.42860486936235,31.398012917430314,85.98598735122226,32.84140936390868,20,20
-0.5360409686392281,0.45930913067671814,0.5191107804528178,0.4234002001891868,95.18023956642455,31.482025835259368,83.34260690481716,30.312773833225794,20,20
-0.5023563284286837,0.5006765239051367,0.586307331129274,0.45165828281108245,93.52918449167724,31.556214218851057,81.408967975412,31.344872413889163,82,20
-0.5116998380267819,0.4689798407606727,0.5844159138938003,0.4703034665736709,92.87072415838853,30.573281190822225,79.47591751452065,31.26277201867291,82,20
-0.5077849714745747,0.4838339230651935,0.569835139377411,0.4774310664147592,93.2603891811512,31.943435051723135,79.1734505146118,32.181582330935896,82,20
-0.5076171145769031,0.488070659873551,0.5774155961978903,0.477375473110839,94.30100671751205,31.432829081124826,79.80680788685804,32.40378345554531,82,20
-0.5128109306062785,0.4751093012236223,0.5799638558102229,0.4561423318012201,94.11984642779244,31.147068855905292,80.3391766534453,32.38039030450091,82,20
-0.5062279612886446,0.4823611870615117,0.5815796408716348,0.4444120950559836,95.1620203168536,31.097578012034244,80.44990163723891,32.29006892264066,82,20
-0.5114226584341192,0.4834259100248043,0.560368928772989,0.43096198910950434,95.28093373761415,34.40322945298933,78.9077529686565,30.588543170503016,82,20
-0.5154554095638079,0.4864086620842393,0.5772508816620735,0.43569739548305847,96.35093723904026,31.905366810181476,81.29049633677745,31.732082829653173,82,20
-0.5044916027672529,0.47709218368134765,0.5844459821305579,0.41730182994392895,94.77544376373389,33.23137695598612,79.9819161861621,31.97780739819394,82,20
-0.5081701485843255,0.4668125957391654,0.5776700069097133,0.446113517232611,94.81408251860734,31.972861464780166,78.90236339675081,31.201136130728113,82,20
-0.5003821023649294,0.47623584714737216,0.5840298360105843,0.4072857562656003,95.08427279450306,31.138136456870967,78.96098319799475,29.694020760773128,82,20
-0.50474711432265,0.4733107575169826,0.5905507258945013,0.4247784638877226,95.30267884895933,32.53626362714651,79.40160997133121,32.17950196269146,82,20
-0.49588447477197545,0.48565919559634413,0.5813578138424385,0.44632843274003664,94.14173719551704,31.06202668060826,79.62587125227736,33.005114580752114,82,20
-0.49445657847800595,0.4950143461738284,0.5804386352693168,0.43870006562360986,94.35597005980853,31.09178597921888,78.32884499414779,30.17005964747794,144,20
-0.49848485979773505,0.49364103483426364,0.5793587916604713,0.4443129705204128,95.28844553349703,30.817975796505127,78.57636956192056,30.071303433811355,144,20
-0.5023626420268196,0.4973013347166351,0.5770062915420374,0.4349105068848467,94.83834564231131,32.073287134982266,77.02702143852017,28.81381461910959,144,20
-0.4963148484051763,0.4789977023957673,0.5788355772836825,0.4404840654630097,95.09541327780222,32.27321042004506,78.80457394534098,29.52161255060368,144,20
-0.501138556405784,0.48901266898027357,0.5654702161643788,0.4381958137264377,94.48881779463741,32.06193388958219,77.76138706352036,29.235794432579983,144,20
-0.5023900204107408,0.47337287617716955,0.5612603060731449,0.4320073401260629,94.32360441810842,31.60550799723961,79.58845025794264,29.8332569399745,144,20
-0.506238621640428,0.48687517099121885,0.5562224625949688,0.4346294779344458,95.58930664658627,30.80489872701582,78.88142053138633,31.11467403132323,144,20
-0.4977214685303381,0.4752319552207521,0.5618763013338198,0.430692117261628,94.56224323276724,31.310110937386067,78.75370375591851,29.983248888988044,144,20
-0.5002122436322912,0.4733078476483698,0.5634354193009562,0.43620643314798896,95.40528719307365,31.51981392446413,78.9472858090944,30.98610392792147,144,20
-0.5034966930586431,0.5093462013043076,0.5769370150839227,0.43368701238320145,95.13364389083947,31.411005570386006,79.45010689401438,31.702841694856602,144,20
-0.5012868018430497,0.48732334863249144,0.571833762148611,0.4356510930492183,94.76724558346054,31.52277342670682,78.12903295494017,30.715448953792762,144,20
-0.5096965221961964,0.490172355124442,0.5745910827133927,0.4305590867408979,95.4266840535632,30.226818754656538,79.0347697979282,31.42377492107647,144,20
-0.494820214114558,0.49865605365329,0.5677082876719971,0.4295667339285195,95.19624482077383,32.1768227390106,77.63968156000246,30.859630968708554,144,20
-0.5052810492824404,0.49659800201355947,0.5573816411844829,0.4120004635339969,97.09089517954087,35.76281552645369,78.63216468138697,29.755143372744,144,20
-0.503874227706804,0.47985833566491026,0.5536809319156667,0.41625447784357666,95.22498305438526,32.05085997051937,77.08151666220726,28.889061765642115,144,20
-0.5034000716844285,0.49060380674697573,0.5594625921430063,0.41635812119059845,96.55274754241391,35.1558442504545,77.66608825567764,28.863626510641918,206,20
-0.5116938248195457,0.4953353475512996,0.5630519817996568,0.4155450701492429,96.0932868577018,33.51719519264509,77.99780150148217,28.75418976793025,206,20
-0.5087736766081873,0.46695308432468613,0.5572478096554387,0.4215768851130408,95.85889987361736,35.61412399669033,78.11216352409609,29.866075347097777,206,20
-0.5048432506327302,0.47498927115908407,0.5532341525989958,0.408464909952901,96.79425958187555,34.27866009180288,78.04711488784507,28.96309642489184,206,20
-0.5104718896362672,0.4865288674588062,0.557978838370992,0.43146578123044277,96.06033807241016,34.280004341998236,77.24624220425113,29.693905080990653,206,20
-0.502916775889224,0.4824619087672357,0.5491727441471848,0.42336069574766894,96.04592753925476,34.5969903926309,77.9999825811797,29.5472815102302,206,20
-0.5045629244707496,0.4922370799796911,0.5493906777462341,0.4062952107858724,95.85936330777805,34.84316107974761,77.72532431509453,29.40723335361328,206,20
-0.5033051642824002,0.47916951733198565,0.5448116343843266,0.44238996552278087,95.82856258941486,33.88597812173567,77.7996774637402,29.525388566623775,206,20
-0.5212808821746833,0.42868204027926504,0.5509696716238662,0.42229698836105545,95.9760488864177,32.644057751500114,76.97582756333652,30.200809142074608,206,20
-0.5101822099628888,0.4600112155371851,0.5580957248742114,0.43421939877581295,94.76092260758993,31.073076973693297,77.48576882237576,30.081847805416693,206,20
-0.5119064878387063,0.4641544624539029,0.5492268125321305,0.4376387655113726,95.2536986471811,31.81007475987308,78.26776550276115,31.148131788369696,206,20
-0.519155959826757,0.44940949876718644,0.5503196633594297,0.42099170996789886,95.90199751055324,32.8826861484454,77.2258317617768,30.95867880822543,206,20
-0.5242953824711336,0.4586216938803147,0.5359396956585925,0.43842084506946094,96.41715883274139,33.06000182077257,78.14653149854622,31.10798508771725,206,20
-0.51604515156238,0.45556953205175854,0.5548181910242295,0.4257448227067459,96.57768786298978,32.47861306516233,78.3022074213313,31.696706144916785,206,20
-0.5133355541489963,0.46378862936408466,0.5576791328469226,0.4342187870780963,94.38570481692054,31.91691844131309,79.47364450521961,31.297838215951888,268,20
-0.5110632111210142,0.46841954207806374,0.5492046554557846,0.43788679534754926,96.03965880877911,32.95145266920754,79.6970465906688,31.02449569933118,268,20
-0.5077621677531303,0.4720048083394847,0.5614793137725169,0.4259175374225177,93.98084443456271,32.49604046932445,79.18278457262335,30.932235398047354,268,20
-0.5171317734593016,0.4729437144994015,0.555405747331036,0.43224180738812573,97.41906579379832,33.074518178860124,78.44479040472874,31.548513894359107,268,20
-0.5218386186302088,0.46195333320548976,0.552142749986697,0.4327497072040744,96.45199258129459,33.11462303341352,79.54178314455001,31.357824429007948,268,20
-0.5157202332749545,0.46873436726159684,0.5464138442391113,0.4521404760264224,95.69654764293733,33.223352256241334,80.44046026896687,31.95767938677445,268,20
-0.5163738811921132,0.47173334519934756,0.548803966935558,0.4444306607314734,96.87169050406003,33.309896533157044,80.59038847168196,32.04523764286599,268,20
-0.5342717579554747,0.41863430540955926,0.5441642081760597,0.4414262871172731,96.53300750259532,30.456736199409164,81.70824031071002,32.69528669807655,268,20
-0.5291858218604232,0.46508126222551727,0.5466917645330284,0.410716831200188,96.05120095078216,32.74962090372849,80.30452953442935,30.865808007563345,268,20
-0.5305344142682658,0.44686127019500876,0.5419317602361534,0.4415372048143845,96.70072489024878,32.77675789486014,80.4675862784374,33.557165768661605,268,20
-0.534968301925341,0.47231760030878456,0.5561785760639478,0.4222525301500822,97.02362498302242,33.29690471821236,81.29712843375025,30.89444161106908,268,20
-0.5239852750326752,0.41313838703026157,0.5559704204651544,0.44459989332133754,93.88306591849033,30.8154648531239,81.3775852240203,32.365474667517326,268,20
-0.532127183628496,0.4650138770793666,0.5631951066970042,0.4245158649810764,97.90295675322507,33.21188594063957,81.62683185406867,31.384653188614084,268,20
-0.5274303053627736,0.429836097514742,0.5593207669351501,0.45042591599733023,95.29555661727946,30.33799130413307,81.58681797061183,31.950131315122142,268,20
-0.5304855916888679,0.4332750773018704,0.5593856131516196,0.46286941328762354,95.38138358469774,30.765623705398465,82.19990688254774,33.648632021332915,268,20
-0.533587380203597,0.4435229796171584,0.5667199302440965,0.4392751116916895,95.33522824922737,31.21777135701122,82.28026766877002,32.166203687303195,330,20
-0.5324216141437094,0.440051690965707,0.563479714554678,0.4464367582244314,94.49719184114349,31.01390922504277,81.75193923992981,31.931808830170944,330,20
-0.5385403954908258,0.45153081708031495,0.5670558648137434,0.4389894954772641,95.18921408447068,31.643130285067116,82.28238090856304,31.685919346214707,330,20
-0.5304469915132521,0.42948413422327575,0.5660396673829122,0.44446625195574246,94.3997839973562,31.28449317571637,81.69113893317082,31.61556147816866,330,20
-0.5327834643132731,0.4220276270514941,0.5691378946257867,0.4308371961518719,94.72943373713653,31.91792652521304,82.27374104223644,31.230469419091868,330,20
-0.5293108042089193,0.4280289935412211,0.5633913906203469,0.4406722212866813,93.97130756793553,31.724874109979243,81.33188854831742,32.189997915237804,330,20
-0.5326436046133773,0.4247264716414655,0.5652131063013442,0.43957519356487584,94.26336474609887,32.14130652388542,81.49575614735232,31.804349178791487,330,20
-0.5324410851008148,0.43244805592520824,0.562952460549714,0.4457819134855749,93.92501469659321,32.0504485151706,81.32801445163028,31.682975135645155,330,20
-0.5323559743210569,0.43210478814982956,0.5641586890523266,0.44173853386431694,94.3499800820095,31.947492808225324,81.30728043431738,31.705280332498848,330,20
-0.5343564487937894,0.4412362046748366,0.5646861366115973,0.4530344020647011,95.44816346829026,32.040454939064446,81.9057970729797,32.91456413484456,330,20
-0.5345982281189054,0.4405181026057659,0.5627734601838978,0.4410425128432945,95.8205037020595,31.584005699487058,80.74240386529169,32.05963456399123,330,20
-0.5413814412499908,0.41462350068173154,0.5597285580833058,0.4534673390801236,95.34984403444214,31.665661197744974,81.85614604355376,32.76630885860128,330,20
-0.5352719060298161,0.4221843743754446,0.5525047684534669,0.42079716192140637,96.39603824568017,32.76344910509768,81.8729152565415,32.37397122979512,330,20
-0.5349981043693318,0.428246234656545,0.5670424055513442,0.44108746564067125,95.4044905987488,32.24346097467473,81.67907355538514,32.41304855523804,330,20
-0.5398342112139569,0.4315902453723356,0.5603181121184221,0.41847892559722116,94.6153148527689,31.90086172278422,81.01003154768581,30.4745053824845,330,20
-0.5364950712662602,0.4652673460756169,0.5569719600042758,0.4263915942167521,95.01499174587515,32.40930826290405,80.9984558523064,31.946493983659874,393,20
-0.5363681891716958,0.4548607673489715,0.5605428818276017,0.4266917051271822,95.39762437555424,32.408078058037226,81.67169461020279,32.6883087545326,393,20
-0.5374396504169796,0.4719272483259055,0.5575008485329528,0.4199296992067039,95.47169096471971,32.60423012748614,80.8048130323015,32.21535064587618,393,20
-0.5414873772906325,0.47432017878628596,0.556133013130223,0.42347444716836313,95.79044364913128,32.76641212691075,80.84942724478692,32.493841589632865,393,20
-0.5383440658349742,0.42686952399455796,0.562143998132228,0.4329181084263638,93.7097249554987,32.30613049900837,83.21693329929381,33.749290836405045,393,20
-0.5349327069814024,0.4559542432134864,0.5693212147710435,0.41248967964782085,96.58680736374123,32.89057094193713,81.23153081493375,32.39768195213479,393,20
-0.5353047273354911,0.4417695797963806,0.5588357247810201,0.44781102614531887,93.22886707893188,32.970346622348025,85.50778552422727,34.60503498789108,393,20
-0.539255783395375,0.4543933396248912,0.55287602514744,0.4205252899279355,94.93093319502117,31.473539682241547,82.63245107517454,32.709781879295484,393,20
-0.5427834686273791,0.4863788359514397,0.5364719895500286,0.4166238689264716,95.90242819323402,32.88143110206099,84.9042356151057,33.62223553714014,393,20
-0.5493132337791075,0.4762113652511811,0.5400248144158531,0.4148637722191244,95.81805337867551,32.90596522741354,84.39290808453875,33.50063209964483,393,20
-0.5449472064564572,0.4820704545879722,0.5384918878166803,0.4228355522877441,94.73874949838725,32.35673425972303,84.9602197065891,33.02295572965192,393,20
-0.5461896592366573,0.4811277987500646,0.5360944803105526,0.42226973727454475,95.71272009560639,32.550982180308594,84.34901230618412,32.62038739049333,393,20
-0.5464893788033341,0.4407793149287146,0.5356364821400884,0.43183703765085635,93.8727988284876,33.51058985991076,85.72592072064676,32.16585947598825,393,20
-0.5419163990229295,0.4563651881964969,0.5414920981330793,0.4350838936988355,94.13700215636057,33.226147642775416,86.00841293369449,32.64029528848655,393,20
-0.5460259713677723,0.44422600528583733,0.53917231185519,0.4286655793307088,93.16420443958492,32.926420852614065,85.93867558795569,31.794594199800866,393,20
-0.5359718956197074,0.4557750207962787,0.530314210517983,0.4330854430908802,93.5497868822654,31.820063216441763,87.25675763045975,31.241954163983557,393,20
-0.5352448255943234,0.4743862543738914,0.5389054715544827,0.4129894638647378,94.3913112684481,32.38026691245076,86.74911505176641,31.86545602369104,455,20
-0.5364099886804977,0.44022915445963623,0.5357834880642808,0.4244981200136743,92.99890207350013,32.269918906836466,87.07453682197345,32.49873612887136,455,20
-0.5294731225220468,0.4557326089608993,0.5425470309868957,0.4288093176329403,92.88794662193686,33.457448176135635,86.68743952741141,33.534790501750045,455,20
-0.5292840297656628,0.465035222009089,0.5423477858732532,0.4254949730216742,92.90232090411894,32.948736182309034,86.2312197345652,34.611003666044034,455,20
-0.5364764375821763,0.4828919924669915,0.5390908334143147,0.4279120674911802,94.06144705616815,31.887100537803715,85.17831000676738,32.38613054716082,455,20
-0.5573417372855762,0.44321900695680194,0.5176339515798487,0.4485534711485324,94.22281089248175,32.54023907689559,86.17017197632059,33.461223881399974,455,20
-0.5519020754334975,0.43621485662336656,0.5215996749584555,0.4448394386210443,94.23497133340837,33.12219782524636,86.94794579249707,32.96668405764613,455,20
-0.5621705995935175,0.4530866942116401,0.5184423867378984,0.46111244122649,95.10045000683031,32.632011076118815,86.71678475834224,33.326341828872984,455,20
-0.5601138093235989,0.45853530073773097,0.5170732349295359,0.47717328727981956,94.76367255428195,34.291259473733305,86.6971897952285,32.559838121907106,455,20
-0.5659602547875289,0.46372172678328155,0.5220430095277991,0.45440982520431783,95.10960895056552,33.18893337934496,85.87162576192608,32.37266561823873,455,20
-0.567015749874668,0.44890323253175013,0.5251165057260295,0.47322181273557357,93.41560721489508,33.14290215651635,85.80815857846356,33.48820519337574,455,20
-0.561854989600977,0.46775353833078764,0.5294093462919005,0.44024915030575307,94.72694880878224,34.243157967824615,86.46902801644029,32.69687640002876,455,20
-0.563563679954804,0.4732192261164819,0.5295115887020042,0.4851067382475732,94.48096504109073,32.714909584107055,87.20142260067708,33.73664499641904,455,20
-0.5612704532973013,0.4516158806439339,0.5319083325529622,0.4372503070838815,93.85515838104362,33.88544273018222,86.57247746116589,32.36904128396506,455,20
-0.5647501800879666,0.4732111919785368,0.5320428857971592,0.464899410093229,93.38132760544991,32.84170496911322,86.33505598466971,34.1596973250435,455,20
-0.56300620610056,0.4571025381336698,0.5365604041007458,0.44173883429934585,93.4263605785135,34.71096007803935,86.69229999469778,32.44860920822066,517,20
-0.5642099923668629,0.47935331824516997,0.5367169151768577,0.4480596198672692,93.61596213090932,32.65402223299559,86.42671637755652,32.847707812165666,517,20
-0.568780338747572,0.46850013490299125,0.5269459263724049,0.43982385024235127,93.83735204151428,33.5416982223776,86.24431544826932,32.0464517528388,517,20
-0.5674026353253963,0.47531453499751136,0.5270720199387499,0.43087019739820853,92.79413054913594,31.399744795335767,86.06431255774984,32.63933192980453,517,20
-0.567335588880559,0.47849305960700644,0.5274247963528451,0.434355868606554,93.10161992471586,31.309417507786048,86.72842436292184,32.52797854783371,517,20
-0.5788308724770511,0.47709075794241346,0.5246956291207553,0.4297246608793025,93.23748491551068,31.736606292157852,85.90556058432148,31.862889360920615,517,20
-0.5704360666042607,0.4768709397537197,0.5287332850845349,0.4255118546263134,92.51513823761964,31.673481090762706,85.53979615549778,32.14234432874836,517,20
-0.5682176634740195,0.4853637438614956,0.5292055883877781,0.43355558342855605,92.81077380874069,31.666091326036963,85.60963920529719,32.10725240605327,517,20
-0.5698584493025308,0.4721421196693427,0.52826041315549,0.4364174592049163,93.70279813021598,32.58884660949002,84.6965249994855,32.682601668439396,517,20
-0.5687401582113478,0.4735297277713134,0.5251010327866629,0.43163416424637346,93.22392735440404,32.11882710574855,85.80000795548172,31.9539899321683,517,20
-0.5664263874187792,0.4737464476191494,0.5256212264002248,0.4381849772540898,93.75959760325473,32.28118664084849,85.85247844501116,32.17629972164916,517,20
-0.566068608676715,0.4692332640546792,0.5206169074603121,0.42880922111518205,93.84251118929335,33.04727407720335,86.18620424003046,32.06571971140499,517,20
-0.5539149994540615,0.46973370362626105,0.5295470572492986,0.4435311014401701,93.09100271140231,32.46444867010157,85.38673327699023,32.61719648989254,517,20
-0.549585017242288,0.4859961659218952,0.5335175084006055,0.4258109493207758,94.2526612602885,33.43939670741648,86.31586530061239,32.46747531278387,517,20
-0.5483062893309013,0.46720325907446086,0.5338908967563527,0.4408855769141222,93.49567562015616,32.44173472472453,86.4599908086332,32.665446756804954,517,20
-0.548931974996337,0.47758837826617945,0.5472869419144806,0.4318358793849913,93.33146252647599,32.26061589476884,86.85275485432982,32.141498558871895,579,20
-0.5513938658561893,0.4823307898968167,0.536299955352688,0.44247575712622117,94.14592869788089,32.98589513894022,87.11594213760749,32.056899856917084,579,20
-0.5462030427322392,0.480794452735603,0.5388474480254426,0.4371987303424133,93.35137977841418,32.1169895574425,86.31330585358495,33.397059345920766,579,20
-0.5447295783009838,0.4868967666332327,0.5405781295327796,0.44561460721651786,93.47552676717169,32.77175476011233,86.49339781725142,33.565324956711294,579,20
-0.5452858448121017,0.4756859286107622,0.5357256742713234,0.4333804129349038,93.39926734835463,32.31602067996205,87.09226474785153,33.1972716380309,579,20
-0.5411086634638714,0.487122310037309,0.5452962457533865,0.4303194873725685,93.70966458759752,32.12080934396537,87.11085226251073,33.477837977129234,579,20
-0.5469070885300364,0.47532583450652116,0.539370273883318,0.4307422533853685,94.17681223507255,32.70142135422185,87.14432675126476,33.181654944473756,579,20
-0.5454663648629741,0.4916163590573211,0.5496098299399592,0.4369798557653581,93.9703892243963,32.3513401036452,87.06203647638361,33.12195930050957,579,20
-0.5514701655760806,0.4695443030115189,0.5363840641879888,0.4270140863133104,95.04578207369785,32.224051928014546,86.67023523600898,33.176336057523905,579,20
-0.5559766153601142,0.460050498519434,0.5262176426732522,0.4284434457717669,93.86248136037827,31.609418563739826,87.67246173694885,33.77903444040882,579,20
-0.5554343750853664,0.4800366733915949,0.5236228776767142,0.43322687387076886,95.31407192246795,32.30608041068481,87.43835177266509,33.92509039273634,579,20
-0.562119803018419,0.4607494229918344,0.5206785236911691,0.432004291823913,95.44934141838053,31.377606041815508,87.45871059099622,34.405843335745615,579,20
-0.5589587781483062,0.46249298160162966,0.5180027632595038,0.42882494306937285,95.1145821367319,32.31240411181882,88.2657324506232,33.546328334922016,579,20
-0.5578772716618902,0.4689682567448304,0.5254217764324245,0.42506272082185864,95.68267980030951,32.415037097191316,87.641033843507,34.478097713776485,579,20
-0.5603817312192817,0.481284953241129,0.5263890180003407,0.4196195157552983,95.67441940102094,32.58141525926712,88.11025748183651,33.869431753692574,579,20
-0.5574869821848051,0.4689334095401892,0.5294807129957906,0.42677543723416284,95.86061984626127,32.906009021910855,88.09051213395637,34.0864784130813,579,20
-0.5591935741427382,0.46220233905394226,0.5280712334635921,0.4133849454671377,96.46424233493258,33.521570271003256,87.94725102798105,34.08312516136776,641,20
-0.5621705358483073,0.47355608738751886,0.5293807216048864,0.4223574772550496,96.35058265276089,32.75484797173539,87.14364184175275,33.94494352091682,641,20
-0.5612441930649873,0.46851668603627544,0.5269600169934999,0.419145630875293,96.58107984142781,33.0898495410399,87.838657268981,33.48230367277053,641,20
-0.5621196504726199,0.46676834459582806,0.5236186906209785,0.43243540292016996,96.63883127710777,33.39293972506161,88.38584309560576,33.80259390798231,641,20
-0.5599580321914935,0.45464712114399847,0.5224441518427216,0.4205805713738811,95.76643252280395,33.2054446053801,88.94247495587243,33.82050646317001,641,20
-0.55889739709951,0.45473783008205715,0.5271119094924055,0.4133296523113129,96.05884496912775,33.63964103518552,88.48291089282635,33.29806987301117,641,20
-0.5594409233197347,0.45429356951534394,0.5222964970482172,0.41958036311649116,95.99344160999311,33.85079529094638,88.8815086310371,33.52555082394474,641,20
-0.5585607352320289,0.4632675742053609,0.5227346325513965,0.4174443001903471,95.80132159878602,33.44435198508903,89.08504942341507,33.31281616562358,641,20
-0.5436597780861524,0.4561929140411715,0.5317127114294785,0.4477951541038993,95.20748982074518,32.99598715938524,88.86382039119334,33.52464517551643,641,20
-0.5540148953528896,0.4524236714488809,0.5297499820083055,0.4434717762608634,94.98382123590333,33.19447715020359,88.57694947387661,34.37316891271745,641,20
-0.5574098965801115,0.45375806548067016,0.527074786074038,0.43319375603842253,95.17552022573692,32.92477620084523,88.46135105031293,33.896180571583,641,20
-0.5551445541321788,0.4590100684539375,0.5302900118202383,0.43878895509784266,95.03894561454489,32.64004971497372,88.6151514998886,33.87795945321044,641,20
-0.5551423296016958,0.4720543682158828,0.5310255556908139,0.42858682623050576,95.2583576209411,31.77983428839845,88.39672114778793,34.2650405212247,641,20
-0.5581763630973173,0.45358528206332027,0.5365380502041938,0.44559535590136234,95.11863834907389,31.548342968923325,87.51112561016961,35.76553524307259,641,20
-0.5573244066491453,0.46350431693262983,0.5365558035972822,0.4290510813253535,93.77173441825856,32.08676794974122,89.33888103269652,34.24596829875418,641,20
-0.562221429978496,0.45193135426846553,0.5373478700303397,0.4203688954138123,93.96611137207559,31.815783341514695,88.8148955189632,34.32772052173117,703,20
-0.5637827738340097,0.46092536302335346,0.5261981235924039,0.42873785622745425,94.16615538922402,32.03488147444,88.34339705238213,34.75055194555925,703,20
-0.5664335981308649,0.4481482717666779,0.5303447369779409,0.4361202890259336,94.71313299765934,33.21956356593156,88.35785370038123,34.909334334453426,703,20
-0.5547358646037528,0.4428533094386212,0.5364243256119354,0.4281179736612723,95.66947523828978,33.081683292093295,87.90345057626665,34.3360967178866,703,20
-0.556762319027096,0.4654027260604938,0.5401353830224698,0.43916659679997144,94.18572058327385,33.91721609945419,88.27264021061724,33.73654737575539,703,20
-0.5520134067164978,0.45250233708580384,0.5404470364227446,0.4377519822363281,93.86964532633114,33.600833866246894,88.26451100877672,33.16809243960044,703,20
-0.5499901901027436,0.45672108627662145,0.5405649919571732,0.43600276155180595,94.07752248794327,33.881589328983154,88.2638811367152,33.40864566200757,703,20
-0.5500426830334493,0.44409002338709924,0.5354435187196414,0.4356811732124091,94.74514969523608,33.192928220331495,87.5230882636922,32.90021420855654,703,20
-0.5745703583471348,0.3455201387056946,0.5481206494480769,0.357273271326884,89.69107403712242,25.325905414202357,82.94305116591357,25.35437952618557,703,20
-0.4651256237245629,-0.40616791100127836,0.4600831298888379,-0.5313101876590692,97.91270091835204,5.907031618383854,88.84880900684675,7.084773111701862,703,20
-0.48528349940592436,-0.69457523477293,0.4832515763513252,-0.7246340713929302,93.79522074197908,5.64354426822311,90.01290550862085,7.311315050456272,703,20
-0.6003877075147386,0.31394226821218346,0.5592246452547653,0.16576103398157643,91.38372546450603,13.681371402697833,84.61378738560126,9.293951602866136,703,20
-0.5772264231896096,0.4005445402120879,0.5377710073907638,0.3082385950176152,91.17016421131488,24.607686312108157,81.50896905555913,19.092709338011034,703,20
-0.566308121324821,0.4022652192844032,0.531044535728673,0.3468320878991526,92.9864087272283,27.12349840708166,84.15313786170266,25.491063604045028,703,20
-0.5694274942770765,0.4264032895114225,0.522071603042528,0.3962424781126048,95.63685686965361,30.999504766865922,85.91953192761434,29.631482221244735,703,20
-0.5594883166837868,0.4405908913583993,0.5308929435396121,0.4048405740280582,94.6899223695134,32.247369305512635,87.20259493544395,30.74823235789038,766,20
-0.5641783002226664,0.4735760327829171,0.52902806820276,0.42382353783931326,94.79944785222989,33.62192287563322,87.25667836765277,31.542393204764863,766,20
-0.5561062527306893,0.4469130855904794,0.526581664221373,0.42186758396678314,95.56923365995715,33.947453610817035,87.47406856388669,31.63080505330642,766,20
-0.5583431868246633,0.44552980111974666,0.5246529176630176,0.4139499838337402,95.20756104199685,33.695683446951755,87.49201099889186,32.05836988371256,766,20
-0.5632279639594884,0.45639625168891407,0.5284308892181375,0.4385787127114459,93.9957862277937,33.71063707152477,88.07797251738158,32.67903756270055,766,20
-0.5637573693405489,0.47980881049958646,0.5309700721161102,0.4613418468078453,93.9621241080158,34.27941048906791,87.88329360392204,33.70604750449174,766,20
-0.5601235668634433,0.4565860383580827,0.5297784223185712,0.4390973083611716,93.67068011500814,34.01990955276404,88.62447037159991,33.1142631459846,766,20
-0.5589399550313078,0.45467752671505,0.5310382197798695,0.4445170043987569,94.25518886886717,34.111456548402266,88.10001896526434,33.45429641750435,766,20
-0.5573695734409099,0.4510806927950038,0.5253746027737736,0.4456013673187781,94.40279345646279,33.92635989330049,88.29040450175944,33.424025974571975,766,20
-0.5570896099955631,0.43761957777189303,0.527609180003391,0.4457386708246704,94.60861901307521,33.86022162154267,88.11081576717235,32.89107876201501,766,20
-0.5582760651482365,0.4400355944009216,0.5206227075840216,0.43937746220855933,95.31699301250144,33.525680859403195,87.43775253104336,32.31620857075761,766,20
-0.5578423587364445,0.4396996559910518,0.5196803606671927,0.4470948332828646,94.76765079442588,34.14319935265463,88.2192907306479,32.44071806431157,766,20
-0.5577273720280841,0.47041473014415375,0.5146763812007584,0.43675476938008206,94.71332010928366,34.77908785142486,87.56410526106583,33.8058186399671,766,20
-0.5588651639341113,0.464027838884974,0.5167186903728458,0.43827493701154246,95.03908307948019,34.6392060980085,87.11214612264014,34.30530370275898,766,20
-0.5574820539444008,0.4526477763868401,0.5178065042969435,0.4362182713486642,94.29701469432419,34.572454490821585,87.92833051028181,33.874253747088055,766,20
-0.5594994885722245,0.45794054676666557,0.5180807495953953,0.43430078673656547,94.91681140889948,34.24681427936666,87.501185450219,33.95429600511837,828,20
-0.5581519900873965,0.4421286541320926,0.5278719508905683,0.44149554654251394,95.03001340686599,34.67065242178966,88.33534919619106,33.24189025732322,828,20
-0.5530080464049603,0.44993873168403625,0.521556187885316,0.43317138100135893,93.95555781086897,35.05344812763271,88.46569672588058,33.832989462816045,828,20
-0.5616850114190369,0.4511534318894133,0.5210265812497753,0.4506753977018372,95.5201710777749,33.81658693325646,87.48814421770977,33.056569936036375,828,20
-0.5545112196187375,0.4446845537807897,0.5187893356067276,0.4417624736320462,93.93912994129738,34.88438034760745,88.33286623600776,33.2448279798438,828,20
-0.562776710556842,0.4520398174845283,0.521823030457955,0.4460734275244592,95.84935355916977,34.60656250180426,87.33575197457166,33.109558540387475,828,20
-0.5539585717501821,0.4694841096544574,0.519162986388185,0.4444260742571297,94.4962225736307,34.779196220494256,88.73264274264352,33.516906639587745,828,20
-0.5596906036178102,0.45669459622531705,0.5168251811678325,0.43074469260249504,95.88355180335591,34.62060404551824,88.18009257752837,33.74562521192037,828,20
-0.5545252096157887,0.4664770957114305,0.5183561485638017,0.44210631186113286,95.0582093435148,34.41220612454579,88.19783078697444,33.1731068981022,828,20
-0.5561562499255742,0.46869939016874834,0.5276233313529629,0.43914012100388766,94.41171891627681,34.1279065112821,87.48768791318136,33.89513817647615,828,20
-0.5561242163434024,0.4611526823121231,0.522766889836659,0.45666582440124504,93.91144541230747,34.47213254786141,88.67653202113837,33.59558739821077,828,20
-0.5561899183779937,0.46656759084761956,0.529703412382004,0.4473747992377164,94.60785307918883,33.83957258629986,86.83907578789835,32.86460694944665,828,20
-0.5532843712656852,0.4519263225575318,0.5208545885337285,0.4494030178027272,93.66797646437426,33.92854348126938,88.0828067091882,32.658701437341364,828,20
-0.5563336749185397,0.4689123895589637,0.5222572725445044,0.4481691437013141,95.930777698368,34.00450091266358,87.85017728599246,33.14375690567022,828,20
-0.5528350960888908,0.4433916585219735,0.5258169162530826,0.4556948774307104,94.44109175772398,33.84888051727681,87.80021747605524,33.1888514247374,828,20
-0.5584123608908775,0.4531047943522494,0.5249453362828451,0.451688256822544,95.42325025887155,34.03351582168693,87.07310076840896,34.1537872437632,828,20
-0.5541621550102941,0.47034288148193615,0.5221420613745252,0.44842172356379956,94.33026924824124,34.00509692153796,87.2635403549066,34.120065384511165,890,20
-0.5536756478001157,0.46505046617864876,0.5239938562800774,0.4586295043796405,95.02321055248045,33.827740487451074,87.55684636926584,33.883910617204414,890,20
-0.5541096750672484,0.47209865387972083,0.5004280693749215,0.451915375454372,94.44536032472503,34.8586127167866,87.9688911354323,34.091040260135095,890,20
-0.5633099841831218,0.4638069312545502,0.5054772177301817,0.47216020490627647,96.14166937657852,34.120797415645214,89.25729833156824,33.34563337428284,890,20
-0.5578246690367632,0.45546739189458324,0.5145246629330229,0.4598664385062389,94.92739502510692,34.27688062174326,89.44936211747243,33.76043491337172,890,20
-0.5629832478228092,0.4614783822796959,0.5161128022698472,0.45316882016208976,95.86592376837278,34.2045271350785,87.66253996469932,35.20346794168063,890,20
-0.5665384310701574,0.4551130068867715,0.5100324315976313,0.4621172621735981,94.88316442170638,34.76920489959295,88.34277083423318,34.4382076273803,890,20
-0.5670857023707447,0.4702012699793325,0.5161230905910091,0.44697627825470165,95.85652327913587,34.76995997486225,87.81356574427872,34.54638126661656,890,20
-0.5673987788179445,0.4624873812800293,0.5162340341703578,0.46383666564649884,95.88168761864061,33.817564399150655,88.42693705610381,33.58123920682817,890,20
-0.5615522614809022,0.45701288765252335,0.507927397546897,0.4639305148256714,94.69384843814395,34.31971008315961,88.74742303198347,33.972952460076115,890,20
-0.5618944569147093,0.46046866373464485,0.5201394813406662,0.45335260569076286,95.95229368647684,34.50544606989322,88.5658386030061,33.90983742542151,890,20
-0.5595140760636077,0.45563975796423495,0.5092228510001623,0.45058886433146106,94.66152994434222,34.69058099558447,88.54502382706956,33.85095719895344,890,20
-0.563212866624393,0.46070963402928705,0.5155222011777941,0.45237321141429226,96.69863936812004,34.32713280878402,87.60469030738429,33.76339814053414,890,20
-0.5636001130400363,0.45745385513200465,0.5115425165228654,0.4644255837727074,95.28940616599004,34.25777958659183,88.46610363184891,33.70221350453139,890,20
-0.5664081035397502,0.4841253275457817,0.5137691886256546,0.44162278488955564,94.99369506400004,34.87861631470246,88.25198042286956,34.30761900729594,952,20
-0.5626291871088797,0.4704429051692714,0.5213256300152499,0.4435698057198814,94.73756004010502,35.04780121984535,87.79950617850157,34.839114895865684,952,20
-0.5593522075486737,0.46478549608453346,0.5244569690631987,0.43971446437322703,95.32470400328984,35.38673526790425,87.5587404396622,33.684265103170695,952,20
-0.5671385801993862,0.46888939901195764,0.5229018237614016,0.4589402819592765,94.96577891087588,34.83580125928244,87.9031872710586,34.0559332879309,952,20
-0.5602405740211495,0.4580956883679578,0.5219839721463218,0.45350757019871185,95.27119036354941,35.4271327867587,88.15466044869248,34.161983697358544,952,20
-0.5640425411998345,0.4668000788325267,0.5203707761905834,0.45394331440324287,94.8048161733031,35.11059273523629,88.29159621802285,34.32517064128773,952,20
-0.5630419657895671,0.4537570477985792,0.5248450834808964,0.44416800227765457,95.35978150864418,35.81183745131894,87.87339402584092,34.478856842267106,952,20
-0.5631226107860509,0.46092109322786345,0.522375590846043,0.4353683770825463,95.33413469012191,36.113439085853464,87.567604847698,34.054379667499994,952,20
-0.5597489368566441,0.45812690886390195,0.5111188982293675,0.43164233628696314,95.85250107412011,36.797113868341285,87.27370270217146,34.44558136478244,952,20
-0.561860719347431,0.4582584280978945,0.5129639386086027,0.429153255626412,95.68074220121213,36.68232207589209,87.11127779086856,34.305914929040654,952,20
-0.5603362391651182,0.4610545140264524,0.511128600609882,0.4410820974477005,95.04915696949107,36.234092884449176,87.15830562024283,34.68198708516295,952,20
-0.5607049443306004,0.46639017875315825,0.5085016235200731,0.44058996871816714,95.09972751232651,35.95979468410842,88.38186487239338,34.06310112828075,952,20
-0.5629810866626493,0.46175967062293083,0.507042170155196,0.44097249341181155,95.38818505952601,36.141398176093794,87.78062038449586,33.95078238201356,952,20
-0.5630692386102316,0.45901349915510803,0.5003796538237436,0.4497131855058394,95.84803140226842,35.52051870591783,87.82645540095767,33.16995463381317,952,20
-0.5634521503383908,0.46599656580665527,0.4974482067843092,0.46248768470028356,95.00144173721311,35.371299204393274,87.83006902726581,33.95394704712789,952,20
-0.5618152995484766,0.4587214157674077,0.5097532500217358,0.4455886470240884,95.46542765709341,35.76836770703751,87.06973222358005,33.53665340671049,1014,20
-0.5622546169665892,0.4793607322270087,0.5016872602396721,0.455812826412017,95.17111509628712,35.23710900278602,88.27845751769038,33.827788444292096,1014,20
-0.5646406298296489,0.4676848573948913,0.5098375389365466,0.4475361176728757,95.29621863923539,35.21691013033324,86.9897935015827,33.451848818393536,1014,20
-0.5692608810958485,0.4694244005080038,0.5087395498284366,0.44191714281547245,94.90946209855188,35.75986134798011,87.46322595180797,33.599837814437045,1014,20
-0.5628532639679487,0.4573823325507224,0.5121387114560008,0.4578731482391373,95.35993174463484,35.77020456401177,86.7931097471412,33.952255156340165,1014,20
-0.5656191822140351,0.4648630447303328,0.5099575126151255,0.4514398853793758,95.33034106905524,35.65183227014859,87.21057170075822,34.022568027873945,1014,20
-0.5621623676188725,0.47103012226589486,0.5080465186702894,0.44258977968030483,94.96870604792377,35.837624080640126,87.1827046149216,34.01638326235927,1014,20
-0.5715624360505887,0.454810432363644,0.5093547287232539,0.44932711404607045,95.39886090352962,35.779564451586744,86.69456580687253,33.69544254488909,1014,20
-0.5765345933678531,0.46067622989744766,0.49492316765519856,0.42536231796769947,95.3793426129204,36.4816947952178,86.24589007129654,33.637653692800015,1014,20
-0.5788988839417673,0.4625318598545944,0.48098607398855125,0.429040345490917,95.75485183894108,36.714586738830825,87.89079040327174,34.10173699644845,1014,20
-0.5788340949192655,0.4616806687989064,0.4859455705786204,0.4070312694654061,95.07694800176395,37.16236803964537,87.4650270853724,33.96356753363391,1014,20
-0.5772520630829753,0.45894953090537505,0.4842860756884332,0.4481576953436429,95.23819447394916,36.71825457772565,87.03998383051673,35.58144273688102,1014,20
-0.5783635867186575,0.4707124479413065,0.4881262710210549,0.4380923579068339,95.63502029632164,36.88693736266637,88.26574965463095,35.06766910787172,1014,20
-0.5750577166881004,0.4698551459310879,0.48914823303291893,0.43750220959535974,95.206282381799,37.37800144303971,88.01676595555887,34.73182575517351,1014,20
-0.5755469994968235,0.4670975296529208,0.48809947334546244,0.43177041532160954,95.0320905471324,37.098264923631845,87.96180879802061,34.710734326496706,1014,20
-0.5771792784965459,0.46409069308424633,0.4907881125524625,0.4159855747073354,95.86704166566278,37.119049513490445,87.35635147993067,34.89494397426969,1076,20
-0.5695899028978307,0.458765518516701,0.49259876772741734,0.43921866382448355,95.85189491093506,37.39963275858281,87.48456232741334,34.550660356643775,1076,20
-0.5746789359909542,0.4533005251262388,0.4989851662525751,0.4314313707092621,96.20209967614446,37.11491330262336,87.31505316682535,35.13057837539519,1076,20
-0.5679082959849518,0.4575681563373857,0.5043829954109773,0.4344289354215035,95.83395175772621,37.27254448426848,88.0314936148124,35.00523796941251,1076,20
-0.5671667845348606,0.45868938689211197,0.5095621624953195,0.42407498257174236,95.84281963046669,36.51944523288474,87.7853520206105,34.62033559400034,1076,20
-0.5677070894851919,0.46175392179079977,0.510506625839315,0.4247368526283888,95.86912669189387,36.676066443891614,87.04929035718459,34.68869523960218,1076,20
-0.5662887717554633,0.4637459816959264,0.5122634570162201,0.4276513436686529,95.66383407992483,36.74644887890245,86.68127263088935,35.02745111204879,1076,20
-0.5692358172949774,0.46406084373676487,0.5123137485086818,0.43136252824150007,95.35854934070481,37.1228242546571,86.82510905085681,34.839362876594805,1076,20
-0.5704700729787875,0.45604824274630723,0.5047629564639642,0.44036971798133323,95.3079057039071,36.95001380429095,87.57231837843335,34.2920980204896,1076,20
-0.5662342243886052,0.46800632924753105,0.4945268399906934,0.44580119225920317,95.04742193758828,36.93503166545959,87.59519760413097,33.87776154237514,1076,20
-0.5729309883674526,0.4618561275867199,0.5033923072910922,0.4277564407514753,95.60682966994533,36.621118942835786,87.18148694867959,35.01147108210444,1076,20
-0.5724777992673727,0.46519952950565074,0.5044574563352694,0.42224337752629937,95.53738394926134,37.429099984165205,86.90439310834667,34.13919630277598,1076,20
-0.5722387010456826,0.46586386713713174,0.4985394822353707,0.42364396293196355,96.0034768827019,37.61201242780008,87.21474883510082,33.97254006765659,1076,20
-0.5699121863476935,0.4627606727735939,0.4970261104480804,0.4341360651198836,95.69216823033234,37.20458917493461,88.30138119192472,33.81934547811962,1076,20
-0.5715114951615827,0.4563946052404124,0.4922090627701997,0.43402285926331813,96.14545818115175,36.71688996036181,88.46292130797858,33.88170902948718,1076,20
-0.5699549011642997,0.4580915271596628,0.4897973664081881,0.4334647209971822,95.81771846810476,37.13299869537762,88.63821527393802,34.175720462798,1139,20
-0.5754123030196977,0.4584782882587961,0.4853221932442831,0.44834600456098633,95.69753064028319,36.496525153744365,88.90117618098559,33.957984049881794,1139,20
-0.5682095127624186,0.4615019357861255,0.4951870473500379,0.4425122304787942,95.65142902246308,37.35739473662194,88.67924053000478,34.612668801073525,1139,20
-0.5715403398232264,0.4495047820051805,0.4930148189484227,0.4337997509042011,95.34678436813954,36.15261841684877,87.77400997109682,33.56332054903437,1139,20
-0.5720468499470839,0.4637281039213231,0.49564868526558303,0.43084681932596064,95.96125368196692,36.812692747043464,87.46366324283773,33.93843388573197,1139,20
-0.5708219675197315,0.4567481745517431,0.48638911994794193,0.44238941794535336,95.4143504242185,36.92439700508695,88.51323043168769,33.66422597416014,1139,20
-0.5716074236906971,0.47282782838006676,0.4913784707029513,0.42915988880372363,95.99288042522107,36.90148410128843,87.84808262435206,33.681994054365276,1139,20
-0.5730526930828153,0.4663380054218519,0.4928082174057748,0.43785105809966274,95.56605506690175,37.125695414138654,87.33243039213451,34.018598014908505,1139,20
-0.5694537168104049,0.47098558532787715,0.48601963589992475,0.4254028307619388,95.54493217253287,36.769734866759926,88.39497344692622,33.415940567868674,1139,20
-0.5677687418272559,0.47016943493669283,0.4905552920215614,0.41718597987445616,95.98177048419196,36.890792404964884,87.4517009847483,33.44500437587487,1139,20
-0.5770205846253342,0.4626930419168712,0.4833424824280159,0.44036208732933463,96.14796479820869,36.65671988612198,88.68427119861306,34.838389692843855,1139,20
-0.5772858051087244,0.46669713366661647,0.48970051927079267,0.43779082187594237,95.02616129282558,37.137265362914306,87.70834261480697,33.80198260636503,1139,20
-0.5817011533530057,0.4644283459571366,0.48799220815118016,0.4234388440290428,95.72244741442617,37.847748212481385,87.67932432672566,33.973946366434134,1139,20
-0.5797648065092884,0.4646481236407737,0.4866547941343232,0.4219581697762817,95.76432002657896,37.1575047303759,87.81987012262627,34.32932229635216,1201,20
-0.5785033538723087,0.45983394208873324,0.48831614005605045,0.42361955613645247,95.83980614955968,36.965974882358715,88.32142338228368,34.77289261009471,1201,20
-0.5799894671036254,0.4659774163167123,0.49654048862537914,0.41143552987609794,95.79273419036451,37.40875171640253,88.34441128834744,34.0099245095809,1201,20
-0.5812657580086497,0.4588376789530088,0.490121294179339,0.42480418119123614,95.84061223602264,37.627624157826475,87.80186092219995,34.568030155079164,1201,20
-0.5813594391858837,0.46481027988323176,0.48561624354058003,0.432787323715675,95.93117234289696,37.22140543140952,88.21459436586268,34.173137006743644,1201,20
-0.5850475104876832,0.4636739384205892,0.4880526395611088,0.42298346790936203,95.81438159929425,37.646100880653094,87.68675755444916,35.60803972707242,1201,20
-0.5855636897481676,0.4670558169275446,0.4840132732308134,0.43554848504894755,96.23766622671319,37.093170705393085,88.33485310981152,34.32185191247595,1201,20
-0.5871820286694339,0.46956694368475754,0.48089959493835377,0.43513989882509946,96.62241114302337,36.67258251101595,87.83306207105986,34.107321469122354,1201,20
-0.5784468631236725,0.4832188677429221,0.4748150294647889,0.4322702867630619,96.41558662616994,36.13527166587506,87.91956148030995,33.64901481658014,1263,20
-0.5860702969279085,0.4697246649739594,0.4769831935251649,0.4353419326517942,96.18864901465176,36.39303272647089,88.55303989940202,34.46471102648407,1263,20
-0.5945042043150608,0.4727205683042712,0.4621375476226319,0.45545504941159026,96.90815349889105,36.79941860315013,88.2190775327832,34.83651783688954,1263,20
-0.5917444106379628,0.46201871452201787,0.46607623520854236,0.4656392324331393,96.36364422300093,36.325810083337004,88.44590448007456,35.18250217064555,1263,20
-0.5920520792254933,0.47471895433844336,0.46419190015754785,0.4629442265776302,95.96099670423158,34.9559863241413,88.96001309603719,35.18374412028241,1263,20
-0.5939710261003869,0.46852030935355726,0.4642781041418614,0.4708247040688579,96.68340164545471,36.25919180791936,88.57252489120584,34.75810094494697,1263,20
-0.5924913850790531,0.47324401049910453,0.4588338545080471,0.4679136967286116,96.13321748523316,35.17892143170464,89.08124145221714,35.85536714451812,1263,20
-0.5933693606431033,0.46923731188923157,0.4612142222394233,0.4632410578735671,96.53958254435116,35.2246872237543,89.1763030913432,35.25541580862455,1263,20
-0.5927370570786658,0.4710244324518737,0.4559598441741653,0.4708171652402869,96.7416122835753,34.857888567776676,89.29035056758947,36.209868810363076,1263,20
-0.5884925658237241,0.4787557923473958,0.4549869497449235,0.46841247600262637,96.24272193483628,34.0307615331016,89.82310275379542,36.44482123862496,1263,20
-0.5911133452760235,0.4747228792705128,0.4588470276784834,0.469715465632204,97.45708716414222,35.05292341073641,89.67277799457744,35.80622571383034,1263,20
-0.5900019771624929,0.4692272831760831,0.46053312439799454,0.46531211961765845,97.14992747593118,35.10690842053803,89.60265738581822,35.509239720859966,1325,20
-0.5919183180782918,0.4731931707312012,0.4552779802543549,0.47593884493433675,97.1850573553797,35.00476123182795,89.16341413314552,35.42918502282559,1325,20
-0.5926255977762638,0.4802315627140013,0.4588836744292135,0.4620618667184653,96.50200759318945,36.1542926952481,89.1468858376651,34.48162369835093,1325,20
-0.5901073809403586,0.48212512761926773,0.4537593468286554,0.4561683941978183,96.6848818971606,36.47293695958931,89.25123243336716,35.209060742732724,1325,20
-0.5909773936872584,0.4734559155819114,0.45832368864773315,0.4527286723961179,96.90214859188781,36.139262779667426,89.80338675413655,34.67846398223009,1325,20
-0.5879748715430398,0.47350821587624853,0.456377254917928,0.4598180534491245,97.02182373616748,34.62963480221799,89.36891932743538,36.16451105557676,1325,20
-0.5892046732175577,0.46841071371020154,0.46523433844627377,0.43623241719504446,97.10269834593709,34.466261748085316,90.04349731406289,34.88840848458778,1325,20
-0.5810107374998725,0.47473410088285023,0.4563775718958749,0.4652480499828634,96.8855451715899,34.92015794241137,89.82599145000685,36.200270778699036,1325,20
-0.5931725443695989,0.4764228761054775,0.45486572795814356,0.4548712053710218,97.82353893243835,35.55087204307085,88.96671760314594,34.91038475637381,1387,20
-0.5822896675826028,0.47700715272553534,0.46019949909576935,0.46633157442320106,96.42206583442216,35.4264903020078,90.8786713434869,36.36228685089653,1387,20
-0.5850208495572712,0.46518627913562355,0.46324692701893133,0.450092270678013,97.0450806689962,36.002210937478296,90.96093772081876,36.16549891588122,1387,20
-0.5811270460641151,0.4608620961372602,0.4604004994346293,0.4591255603810105,96.4555566960715,36.73796003657678,91.14001186781893,36.558781180075016,1387,20
-0.5809473496660941,0.46840896977266194,0.46620438431401096,0.44346474640373984,96.09998068730377,36.20569257585679,90.62668299005745,35.95885296718158,1387,20
-0.5870010237289425,0.4656117323983854,0.4619534039969254,0.4423526173989043,96.40441276178325,35.93862132905321,90.77839083959634,36.08913159011868,1387,20
-0.5879206399282044,0.44941007688003337,0.45762576260352783,0.4564094272112505,95.47957812759657,35.23262165453881,89.99661304566668,36.53967683490004,1387,20
-0.5910954932265516,0.4737180014595151,0.4606377026171791,0.4589379648469972,96.15782196195937,37.15773157147054,90.84538488588404,36.80502223378565,1387,20
-0.5864213619349803,0.46724834749116617,0.45536477141200454,0.4595091801034731,96.15721532731486,37.08009072162532,91.64099260792926,36.532182745133824,1450,20
-0.5863110624648994,0.4671511549159108,0.45368220267546483,0.4638100920838753,96.5351340403593,35.24694698003485,91.3015542917817,35.81285274566821,1450,20
-0.5884760360891208,0.46732773268933475,0.45117900185799165,0.4659391521760736,96.12670138415662,36.11534793700505,90.18627831023058,36.15417555246617,1450,20
-0.5846506051895898,0.47112686807249937,0.4571426959316018,0.45583868120089927,96.85745463626375,35.52747886499084,90.74309688088982,35.62146749430604,1450,20
-0.592679811801224,0.4635168962752677,0.45502853055635545,0.46524464618219397,97.1780727565515,35.768427205311866,90.12097348182299,35.955631702503936,1450,20
-0.5857853550605057,0.47105576224360285,0.45182035836733236,0.4649579596485381,96.34620872993679,35.4959443742281,89.63957343189705,35.23696024377044,1450,20
-0.5888995158580789,0.4716833025381779,0.44209444539344583,0.4763196168811432,96.75531864857147,35.11148968220869,89.07710461961467,35.086917035164944,1450,20
-0.5998534700780782,0.4713689454751431,0.43867405188023334,0.4776286364945115,96.56880312002215,34.74664820849743,89.6918203265557,35.24561755177666,1450,20
-0.5979632793964468,0.4815007388375218,0.4386177771707983,0.47443804129073053,96.5324403741318,34.990524363068694,88.88928039029167,35.591461778321516,20,478
-0.6016159811519962,0.480137950262435,0.4455897057236891,0.47767831164073327,96.0339426927318,35.29912518350214,89.25519137255382,35.952688500640484,20,478
-0.5948047797072509,0.47191352536171277,0.4413205948278253,0.4677879726429771,96.6645690494839,35.190119323436534,89.97883005825896,36.27357235768171,20,478
-0.5327390872843847,0.46666728220933434,0.5698405579199711,0.42453603918897853,93.04736663856777,30.546427353479032,89.2559560941298,31.948747089693278,20,478
-0.5113436483414415,0.49113514802874086,0.5907438995240856,0.4391435455472045,93.57124374658791,32.06244085273122,89.65015367020483,34.31543379605663,20,478
-0.5122039692578615,0.5031548221719832,0.593527833623707,0.4357418234914047,93.41876925677397,33.00475205044727,89.15310340977945,35.204390760667636,20,478
-0.5090703362754088,0.4971205070757634,0.5855398966549373,0.4461983904093016,92.92824801274372,31.694147622859195,89.27307860211413,34.75116679351228,20,478
-0.521062450488573,0.43986042129184494,0.6042801708836011,0.43395824773539887,91.21583073687958,26.6114686290489,86.40317164683856,26.14834294452001,20,478
-0.4977424677869289,0.36722858570198713,0.5633278334779735,0.442172214492869,90.92701318540175,21.896165383887798,85.27489122981672,13.464297897244235,20,478
-0.41974639828073945,-1.0158974465954285,0.47698162765917257,-0.9730998548592793,97.94290870605033,5.480242825046826,91.42478063114875,6.668704142287031,82,478
-0.502804267783868,0.3253025441838194,0.6060371751815465,0.31895263204910934,91.06055742855501,21.181980181566413,84.72508303209523,14.401716326044596,82,478
-0.5172210703164866,0.43069914345078564,0.6040754288670757,0.4044138855257991,91.54015429622775,25.985407201489412,88.59936357242614,25.59806022752092,82,478
-0.4994587317351934,0.4877821786909439,0.5949082326484618,0.4228060264622542,91.0947070980881,26.70970716593106,86.08823478769759,27.12732813303745,82,478
-0.519051058654757,0.4501673985358387,0.5945727095503625,0.43464901684711904,90.4499219561543,27.018605172645366,87.11209059677752,28.584557119607812,82,478
-0.49349504796339005,0.5092418237509887,0.5867601796264758,0.44370011407681087,91.10307367012221,28.186795581025883,88.19414065793588,29.207235645990732,82,478
-0.514397452308475,0.48524450539897274,0.5909428877593552,0.438020811834389,90.72179623484095,28.66684593626539,88.09510134113671,29.25291261679381,82,478
-0.5062745954306255,0.4827642728958207,0.5855619126001537,0.4535419047658411,91.6915992591949,28.967734311924193,88.4324666818473,30.27920585567066,144,478
-0.522431127656938,0.4896688748005545,0.5939491580319627,0.41391113099266486,91.6752073108554,29.494364868030996,88.1682829394197,28.53985457551543,144,478
-0.5129472684579945,0.48176989224195066,0.5899386082102117,0.44522300995818676,91.094630314028,29.61651128143388,88.23769813443532,29.64909536352438,144,478
-0.514529595252,0.4803758462585914,0.5936532868211762,0.4353824059970781,91.59751251897939,30.01897915057223,88.46437357217032,29.013236301710617,144,478
-0.5036118712775203,0.46556002436759997,0.5896803957240653,0.4401632631780924,92.19423444808098,29.66473698877816,88.37104366185332,30.12168592238748,144,478
-0.5197915295107254,0.4748586311538553,0.5907627903916636,0.43502588512664225,92.57128755825326,30.89075916076036,88.45631352941732,28.139544567627553,144,478
-0.5183796164548435,0.46584922946823354,0.5814798650538304,0.4297348711409934,92.68445182972509,30.069855404675977,88.35538411342667,29.65187683063744,144,478
-0.5218716520616924,0.4891788139996416,0.5862945044515919,0.42873423882555173,95.10504236770984,30.843800631075037,88.08851625957112,29.961316666153092,144,478
-0.5154335473416729,0.48781323420412914,0.5832174694377756,0.42975837892053537,92.37549683903511,30.748564183410803,88.48557112209066,30.227391339191882,206,478
-0.5199703549378012,0.49551329090495116,0.5833103374286905,0.4295744467008513,92.62913811406678,30.48613887828318,88.03181682116437,29.86135567670951,206,478
-0.5180246189701504,0.4897563835081167,0.585833184384513,0.43509217777543874,92.62359084282959,30.930584752708047,87.7277277163965,29.694529485776883,206,478
-0.5211014927575198,0.4817086184449787,0.5824895434273248,0.43909600999718984,92.63044493162324,30.93631366163519,88.06096931667066,29.724301492969357,206,478
-0.524554367646192,0.4483211281915244,0.5808112011411326,0.4499446292002415,93.77139398461631,30.453190375620036,88.29967197057498,28.802457989319322,206,478
-0.522831796963602,0.45533624662799443,0.585439451901863,0.4148308692478773,93.42116476867567,29.781424681676874,88.12275608913089,29.38546078941682,206,478
-0.5190260625818989,0.45711869403600464,0.5893159933075521,0.42346234620780693,92.6648171200239,30.218592884694765,88.26256578248203,30.335840105448334,206,478
-0.5259374984267567,0.454883382324228,0.5898616413204315,0.43270066363232007,93.22657757527132,30.355766797184494,87.60664008107138,28.93225682631212,206,478
-0.5227162639761902,0.4736821657197171,0.577021118826828,0.43434537492131686,93.18270346805605,30.86827490375268,88.44650205614114,28.339101294635675,268,478
-0.5263920426784326,0.44464806652890587,0.5708566813181829,0.41122805661177303,93.40489772506673,31.450043319885133,88.61073507024922,29.76610571576951,268,478
-0.5137845186496321,0.475868031846409,0.5711440185599997,0.41739613518723145,93.76708921282172,31.894312168364912,89.08652032042049,31.048161306558114,268,478
-0.5192474076576558,0.47559672538330405,0.574379328794567,0.4187784127206725,93.63991657634614,32.17820260942791,88.74630796129523,30.456093460184956,268,478
-0.5214365592637604,0.49435627198355414,0.5728526112261352,0.42120820600654146,93.96940008798573,32.26292716748868,89.40894441976022,30.793757704406772,268,478
-0.5207524082499295,0.4727386508810421,0.5715776917524226,0.4149158093268612,93.95198803585684,32.66346881286226,89.06177463942562,30.43211869654555,268,478
-0.5250512568254615,0.4817408737198246,0.571055805627946,0.4165781604944212,93.07933497664357,32.04975059529227,88.56079872710296,30.61309103766749,268,478
-0.5345475519867122,0.4723025812745435,0.576552274478008,0.423866723878493,92.44494268151371,30.126488782250433,88.77884681570418,31.495136921966502,268,478
-0.5270445147649047,0.47515145322347785,0.5690178451074727,0.4325926431094478,92.75456394983276,31.89540096986896,88.3319417906511,31.38825706489959,268,478
-0.5386723190231442,0.4770890710519584,0.5722838895042669,0.4257250144798486,92.96619478364481,30.398900275127534,88.7854955554336,31.612294807735417,330,478
-0.5249200761982599,0.4897784638208787,0.5707212133499937,0.4285012950421025,93.4356153252511,32.369826629145976,88.72119980185386,31.013127966207062,330,478
-0.5267924912209044,0.5164946928727115,0.5676498504713827,0.4322289266797944,93.96802113578494,32.58791246687688,89.39054732528643,31.181739251582464,330,478
-0.5238830846458377,0.4920461917061352,0.5719469446647787,0.4107455581256685,94.88897993328752,33.234813842722644,89.63816115837626,30.207296023877674,330,478
-0.5225230625141879,0.4916900812565302,0.5642215060433137,0.39726340317572945,94.2115997238378,33.350529774605725,89.29316919717161,29.562462246290373,330,478
-0.5273350189132926,0.5032256927720443,0.5621725431015329,0.3819355330684335,94.1074608893527,33.60529705072248,88.65532938519739,30.398630724270227,330,478
-0.5381096921276127,0.4934274506976091,0.5651252529325412,0.42492018533587883,93.65919756487239,32.319744644849735,88.84904374263512,31.83230029979019,330,478
-0.5388736329539873,0.47810832626302974,0.5647309475907625,0.4280325167053922,94.12042102724679,32.48161943872729,89.10278361924257,31.665508602975592,330,478
-0.5391517866398152,0.4854248957741361,0.5654260956109242,0.41959548364103655,93.72863728172246,31.80333360790216,89.76396886503011,31.435265485212447,330,478
-0.5370575912756549,0.4767164500769864,0.5688556592255672,0.41307940792648895,93.44718413456624,32.407933850937106,90.153841626665,31.187016404937815,393,478
-0.5372459630035076,0.47309996850729175,0.5662813880451293,0.4348158967128231,93.4139932115956,32.457146419459946,90.04005370512624,31.7906392084468,393,478
-0.5383615940496116,0.4746662122196097,0.5648077957280643,0.4335486036576755,93.52556206687913,32.45528755362288,89.46165603457452,31.413182890626533,393,478
-0.5423394546454479,0.48847451188817437,0.5652133257322175,0.4227418970957512,93.96260000566484,32.68277215525315,89.38592795790183,31.31337124527515,393,478
-0.5381542031770222,0.49265481015947005,0.5675947473974781,0.4400844801553183,94.15012578192722,32.374090992029934,88.43465465694412,31.308827710335205,393,478
-0.5400514760118175,0.5155460548465087,0.5680716785249647,0.42519788942188114,94.20567107483141,32.169773011351225,89.34834397078573,31.272088165469704,393,478
-0.5412462348805921,0.5067699485868556,0.572487691795104,0.43365766985517035,94.68151524908649,32.01235864426729,89.164885091784,31.714783973203524,393,478
-0.5412311456938621,0.5127269635895114,0.5580357982529969,0.4198599501187894,96.00812122998272,32.4081694923853,90.21159775404269,31.707846302270905,393,478
-0.5473346478088428,0.4893128725674408,0.56612160832148,0.4289839686563062,94.87331433389917,31.751783194207952,90.65048543290389,32.10232728625108,393,478
-0.5419140281095345,0.5186911092677811,0.5643209746896785,0.40296804856384955,94.39389103232871,32.28994429170181,90.26767334717977,31.75470762545372,393,478
-0.5389313439159514,0.4933893699780942,0.5637730503278873,0.42104371574214516,93.82940600969184,31.834277513572104,90.06492315144467,32.06024346971331,393,478
-0.5427014091348492,0.5098560593630246,0.5630980365645323,0.41535501171188133,93.99471897094791,31.82225230792329,90.81206081205741,31.83105348136224,455,478
-0.5421624265616155,0.48478648108119843,0.5597655381099549,0.44695831894388743,93.50504741242437,31.785992675009442,89.87497578796665,32.87175450517437,455,478
-0.5429306657807691,0.476680358530835,0.5573640384961767,0.4522261091050189,93.55127285977942,31.46777763574125,89.55117631972396,33.440292524530115,455,478
-0.5443095094508501,0.4898475281809629,0.5585774545340232,0.42651689393728937,94.23286997273276,31.59425450419933,89.1935575103072,32.133465258763536,455,478
-0.5396674159937641,0.48442886798622176,0.5600477707633998,0.4417651798086327,93.66347023609508,31.5043551274653,89.45573917095858,32.769584548953105,455,478
-0.5413300828324945,0.5014069939569831,0.5620768786750537,0.41407477287671773,93.66055292278081,32.54348239056404,89.6135105766044,31.51018709927884,455,478
-0.5438943798221727,0.48918887764240043,0.5584496578411464,0.4327343367416933,95.34411471628984,32.03038311304656,90.52672541851518,32.35086154403711,455,478
-0.5487667572574653,0.4852046588292222,0.5547127359249446,0.4177300981130424,95.38022964473444,32.1498470345873,90.58057857233332,32.15645074171356,455,478
-0.5471408689163078,0.4855927661900915,0.55372338553703,0.43822759718091436,96.1554014982662,32.26997387701515,91.06276762263086,32.091644223326725,517,478
-0.545267441250686,0.48951199012287555,0.5542573683306644,0.4261157021978315,95.7829875063602,32.37179863080995,90.8342191822422,32.07504150284131,517,478
-0.5482541148212225,0.47984246025493127,0.5560084578572313,0.44808632851347147,96.41478434380842,32.15910979189657,90.88693582836233,32.311183271303115,517,478
-0.5440126149223821,0.5081920599925751,0.5613509880842416,0.41110317312104944,94.60962613153002,31.934303123557164,90.8979564246375,32.37103126822942,517,478
-0.5409363487722602,0.4886263460392285,0.5497631148468259,0.4424001289972148,94.86449016859437,32.6578612209677,90.755988154409,32.35732587129389,517,478
-0.5428728215056889,0.4979139451250615,0.5577353167429446,0.4144512868989661,95.05796446550563,32.76273686832039,89.60708426053449,32.36098911745459,517,478
-0.5390542101228897,0.48678432675775823,0.5598307409121169,0.4205338900819566,95.96742350823011,33.07792551123747,89.12389244198724,31.904553356403373,517,478
-0.5418652892682914,0.4970560817456352,0.5597990661312489,0.42651483918043276,96.13536741022364,33.01030682232667,90.72411923204646,32.575688070357586,517,478
-0.5445904299193087,0.5039372238202776,0.5582950912291073,0.4156781263961194,94.62997068026229,31.83718844422483,90.80904164119721,31.823810064509132,517,478
-0.5421588176009492,0.4818102303673398,0.5604146115704778,0.41639367495712576,95.15032890455032,32.72826746516293,89.6653070646447,31.835289992738275,517,478
-0.5443600977853461,0.496791545958977,0.5633764667604395,0.4074473186668877,94.4169989320327,32.59068987956154,89.70600791117124,32.42465446398262,517,478
-0.5438932183953336,0.4869075328243031,0.5611831533826561,0.41663937334999057,94.82092185671893,33.589396955889654,90.61088860688935,33.038962660062126,517,478
-0.545254672868001,0.4823779386293106,0.5542400846666574,0.4238358602979213,94.63579386540246,33.58973205795772,90.2541514964225,32.42785920418136,579,478
-0.5458022582205088,0.4959578119328012,0.5435538856152654,0.4334047723038252,96.0362487753942,34.02364372699188,90.46736756282188,32.76823746140534,579,478
-0.5515631537840026,0.4919077482385354,0.5451357660172966,0.4222411438656953,95.28672808150672,33.16394787999182,90.55711273756614,32.403517723094794,579,478
-0.5519940611542558,0.4891547598138178,0.5435094136988191,0.41605070043617903,95.15460428850899,33.239788672939895,89.93952839567146,32.44731860607003,579,478
-0.5456693793326672,0.4925232278364095,0.5419635192662965,0.42734457700448336,94.97965234725041,34.07518040174655,90.0136294405904,32.79834376702491,579,478
-0.5492256311206468,0.4909060378379051,0.539282150607092,0.42286821720228673,95.75905345366246,34.35724883532227,89.80460995944279,32.16243938575462,579,478
-0.5569601937977141,0.49007050884192316,0.5456574687763772,0.42117500851800765,95.26531205404095,32.61850004342265,89.91516524047368,32.55218079545079,579,478
-0.5482458188138893,0.4858798204590868,0.5438017122739349,0.4179431951570615,95.80995749952955,33.17381713144192,90.37457960503286,32.58318032010537,579,478
-0.5498647395569023,0.48962492105629485,0.5472917811651882,0.4289183040349913,94.92430807584586,33.15304552254722,90.52719934842023,32.79416832040823,641,478
-0.5590939495481783,0.5075407337042263,0.5435593034360621,0.437832536185192,94.78608664606804,32.68516979960814,90.44899103589341,32.23425239746916,641,478
-0.5516952316513253,0.4790147250759384,0.5429026714570669,0.4413877696532907,96.2993280500432,33.698708487986636,90.34316640049443,32.8464614739787,641,478
-0.5477309391484203,0.4909519815745957,0.5509385180506403,0.42375081670699066,95.59904820956388,34.19249533685012,90.1465089003471,32.29536735717934,641,478
-0.5578069609314733,0.5064705697975594,0.5442864901551913,0.43724106634978954,94.50726149250774,32.620522560148046,89.92508212037959,32.08926087935021,641,478
-0.5591994703613014,0.4830960914821072,0.5403856408027377,0.424510322351946,97.0349187160872,33.77685225162442,89.99861069019971,32.159946626135195,641,478
-0.5589775213546792,0.48410550848438316,0.5450028105545778,0.41417259256161804,95.81055463608823,33.62225155613819,90.56681552911867,32.000262281539264,641,478
-0.5572362082100694,0.480483425788798,0.5464345335441219,0.4171474399480251,95.50071690043801,33.08445057240058,90.52303501706987,32.21618028999043,641,478
-0.5618193792951579,0.47151713213648,0.5336780738050744,0.42390081199884005,95.44548505289957,32.42411774647054,89.8459230139068,32.211958781859984,641,478
-0.561706603868012,0.47805577107805974,0.531339360081022,0.42547565890830374,95.90268437583855,33.15779639083079,89.38437896537727,32.81789465214511,641,478
-0.5515172710788238,0.4914138908292449,0.5465949016533969,0.4406214772593638,96.39732077380776,34.08791524857754,90.03858246405815,32.71541372788926,703,478
-0.5618322156916108,0.4761823105493672,0.5457152842107693,0.4197498997099883,96.90021382575857,33.68772385874051,90.79710839265128,32.13575357354309,703,478
-0.5580904023640063,0.4470368447912293,0.5586141992772274,0.3481161995668022,95.44948862463805,29.295660345220657,88.93959807603235,26.101571877981996,703,478
-0.4672660488963264,0.09127574460185899,0.46754735021684923,-0.6262485556034063,99.45033417093616,8.80727110776275,92.56879823104573,7.999746990536783,703,478
-0.4784480525814424,-0.36961285646627334,0.4922111388568438,-0.9541602707842777,98.74979452040114,8.952519107306797,94.99404252225014,7.854685065908883,703,478
-0.5833419702877825,0.34553086886059414,0.5338852980242387,-0.3917327807564258,91.67680423529566,17.49057013230886,90.11757735986909,7.294066816515749,703,478
-0.5705914790031925,0.4030974439852445,0.5340156434262836,0.20733688259726774,92.49094265200507,24.112007569846664,88.65996814765433,15.550474459194556,703,478
-0.5765040446220789,0.42906968515669697,0.53511004193786,0.31092189742380344,96.02478495478758,28.123288779594418,88.51970413643265,23.431452765465835,703,478
-0.5792062603158445,0.4604699052722427,0.5515369666565284,0.37241905054708596,96.96036332178481,29.78547502904327,88.8093298893458,26.730374632966104,703,478
-0.5706511195482775,0.46504482967484023,0.5439833430881057,0.3733289111970403,96.11163213550184,30.484952176132136,88.7270354344155,28.391595355853294,703,478
-0.5770368690314932,0.4611401683636373,0.537215264896694,0.3878040806892592,97.09066737518599,30.791241052420066,89.34872032944037,29.425363042507854,703,478
-0.5678722771954215,0.4717106371618468,0.5330770594258236,0.3839539979708588,96.80040150277942,31.56458380295193,89.97276614041374,29.470949319731883,703,478
-0.5661260885143878,0.46136497642606894,0.540111968625947,0.36799294605124516,96.57339443862463,31.74051076118276,90.00819233241772,29.365328870731183,703,478
-0.5589384636662387,0.4714540395164871,0.5437827669171238,0.3821218921898033,96.10461199274845,32.01036701533481,89.32251503284823,29.830070871197083,703,478
-0.5601033770791378,0.47948403221566965,0.5361272629727615,0.3997533358439689,95.91770622223386,31.770987516603633,90.33115189211735,30.091376346490794,703,478
-0.554514222669549,0.4699062891860908,0.5436144386908578,0.404881765771488,96.54242067498267,31.75510314952709,89.25417696927119,30.05221637888752,703,478
-0.5589182765482729,0.4665987542923684,0.5418963460126996,0.4066761586393895,96.06825840715621,31.980340537690626,89.49449946539887,30.581745440558283,766,478
-0.5595291485955279,0.4727433487456214,0.5445217082579397,0.39609694138326945,96.57614897417722,31.989379723432958,89.93688744223752,29.708027037547417,766,478
-0.5615320373225072,0.46795914771830727,0.541488034571344,0.3962997353182974,96.41836029369773,32.008975305273516,90.20912230872129,30.02305559654836,766,478
-0.5556819246359564,0.4756130742477208,0.5336789305116908,0.42204727140731063,95.94186454337878,32.75530080892844,89.16386668766523,32.11579186147053,766,478
-0.5618827157444626,0.46527379625413334,0.5435478284711082,0.4068013511796129,96.10593403387406,31.99752916638717,90.64312750665172,30.547806458075716,766,478
-0.559097329020002,0.4708955748555697,0.5417575813775276,0.4192526199378057,96.30092666642206,32.12365368359531,90.1942356311138,30.84787871392545,766,478
-0.5637525068686622,0.4624733880563153,0.544896492083592,0.41597323072692105,96.36146342441157,32.04513077197296,90.08988194587323,30.739629153164316,766,478
-0.5625006069870698,0.4647122333844914,0.5410668648682042,0.4180900224649571,96.28122748427917,31.913187478328286,89.89291331686717,30.937969623226486,766,478
-0.5673696111219547,0.4681937602250827,0.5434475027863324,0.420685568159338,95.92786530444978,32.10622918478046,89.62484464558085,31.23108863234678,766,478
-0.5625675507849717,0.45609765977638855,0.5430254113705615,0.4147101645802335,96.20253799292591,31.64314831475653,90.02896498651891,30.637824456161923,766,478
-0.561133846845907,0.4713390258313834,0.5407956574001611,0.42166718278472365,96.09979321738942,32.414654558513384,89.70077301728189,31.331809900085293,766,478
-0.5600003017447142,0.4693112536436224,0.5378935897806536,0.4109510466004432,96.08239718728724,32.57254130540218,89.71794060390171,30.98778630744223,766,478
-0.558507702644975,0.47767801435634805,0.5361595863023941,0.40079314385861603,96.85553533879141,32.806818352734254,89.96903847946079,30.967034331691586,766,478
-0.5652786707050346,0.4834645517199877,0.5367589623235678,0.42827641354831086,96.02629468264855,32.54397759475176,90.01867178566967,32.679634928892774,766,478
-0.5601943327819965,0.4780482928248268,0.5357940001055503,0.42534042814176193,96.95452164956167,33.16181619563334,89.81833057135495,32.038763360218816,766,478
-0.5595139653024291,0.4814023392938284,0.5348646402088971,0.3928531013451996,97.29853297059773,32.00395798973517,89.78182923945367,29.336887801326792,828,478
-0.5683311566645597,0.45391458860834866,0.5397022459066761,0.36230407853660584,97.2190060874219,31.277558307002504,90.2338603991631,29.078579240976495,828,478
-0.5598658461210899,0.4836210284063309,0.5346417492279553,0.4044325086425567,97.6302516460384,31.647758449680634,89.83895183507433,30.101038752492805,828,478
-0.5654018895607914,0.45922803014010605,0.5441021048827769,0.3699853124314103,97.0387530191086,31.401797551261488,90.2275124293612,29.10315209098602,828,478
-0.5703050854873902,0.47480623444711084,0.5354655428937373,0.3932209923053433,96.74515759217034,30.898506553918708,88.76164226647077,28.640697737729294,828,478
-0.5673598029294726,0.43937514207012746,0.5406816249210501,0.3708759313797188,97.90252884651586,30.77992492648383,90.31784380409425,27.63602372177436,828,478
-0.5675229309691671,0.46548736080371306,0.539091816726443,0.3945754845753018,97.19775177755592,30.524839879664622,88.93368239437528,29.120403144328755,828,478
-0.5640711211587954,0.4428698046976087,0.5444336190719343,0.3697623369254382,97.77388407096441,31.102615594968317,90.44898682455329,27.858528091811007,828,478
-0.565001752633627,0.466517609827411,0.5326941319524996,0.39194579012773134,96.78481470262284,31.89621202424661,88.82169637260614,28.985824259363014,828,478
-0.5751790751892145,0.4548555704230403,0.5304916307895688,0.37154280776917226,96.73772923824806,32.06794139700695,88.89556964866995,28.905611841806117,828,478
-0.5785602667476673,0.4572944146815713,0.5329339989334639,0.3671612194234592,95.19562879047731,27.69072973805285,88.19505596176354,24.387186362743215,828,478
-0.425022262822915,-0.35335840746899827,0.496704362788258,-0.7545618753888912,99.99592875056597,6.84722406957965,92.69540775016087,7.403100292562486,828,478
-0.47850464523859365,-0.3603064448266869,0.45501798107314906,-1.2812576194657581,101.3268227584736,8.49304841065144,92.52220308515277,7.501942750929869,828,478
-0.5805860348325241,0.24367683384950395,0.46896021299519525,-0.7620577608050616,96.00288461748308,13.761337567943974,91.30451307468269,7.507504185406977,828,478
-0.5908933921172265,0.43378765101067795,0.5172315929046393,0.2831318675678962,93.16406392257875,25.104113512176223,87.34370885095731,18.661071637586325,890,478
-0.5794492177351861,0.4470795792175145,0.5282711953530286,0.3419716349206396,95.94317261635715,30.106234688159425,87.93129175342102,25.62804460087765,890,478
-0.5669677903800212,0.45181753293671645,0.5277028379163579,0.37197360648837435,96.28277712539543,31.394946498000923,88.64059619185363,27.75383406836279,890,478
-0.5772177586580585,0.46874543963805965,0.5269282593652759,0.362754730692431,96.21197271535272,32.420145730476165,89.34535120544884,28.616205368157125,890,478
-0.5698934684237104,0.48137788241541374,0.5313295065788242,0.3860844929914052,96.18880440940939,32.52390819404206,89.6345920005361,30.57999485964463,890,478
-0.5715222488889719,0.4674740880837924,0.5241717585440104,0.4078409418308349,97.23234736203085,33.447319243287424,89.95361761959501,30.246913944510727,890,478
-0.5708545328563254,0.4825683701150385,0.5292727787514889,0.40557668340468894,95.15751421966625,32.796773283848864,88.32620739883647,30.375144534937387,890,478
-0.5733416832248687,0.46719598932598705,0.5293878809347224,0.40578326003759296,97.25772801171526,33.09727366343959,89.30508734228813,31.371956040314018,890,478
-0.57291251700189,0.4758113442966488,0.5237596436947012,0.42057548990930516,95.40296817478074,33.296886181210276,88.69483074625195,30.97691907416258,890,478
-0.5660826628112815,0.46627378323918955,0.5265479883839441,0.42175832369181665,97.60556662675832,33.26241231760961,89.3492377045186,30.864859414866906,890,478
-0.5725259964089366,0.45287630827275266,0.5241889514156652,0.40522483550791255,96.28021952738065,33.38830196022784,89.7476296558618,30.388174578711126,890,478
-0.5699349853900124,0.46362029974764735,0.521412653541319,0.4249504181002438,96.46542250326387,33.346011789884415,89.24353273422815,31.986972618518504,890,478
-0.5733297357786963,0.4539184767722528,0.5235889724424975,0.41847973678564787,97.28799919822414,33.39630880373965,89.30513867182506,31.439396094148417,890,478
-0.5713219709913037,0.46156404280682584,0.52652599706901,0.4207273685724726,96.68533599404499,33.273930473750134,88.89718462626615,32.15427261711636,890,478
-0.5758271043540206,0.46186647217433935,0.5251837872092912,0.42885650298809286,97.28252351233428,33.850204387266345,89.87724543892703,32.26137225447588,890,478
-0.5756671106717282,0.4711826525044536,0.5287512563742103,0.43388490011262837,96.58564157104074,33.35183297318368,88.98450120330895,32.61818143138464,952,478
-0.5755494205917631,0.46758144969951915,0.5258179349265254,0.43481891899867675,97.12028189548703,33.76248094445664,88.78357889111085,32.45928814436065,952,478
-0.574500429009444,0.4770840662802625,0.527728021112656,0.4369379452976559,97.10160217906116,33.31411482582276,89.12906279165179,32.652067406413906,952,478
-0.5732938256901947,0.47570257363336244,0.5273565749772612,0.434891930995508,96.12242350664616,33.59084092259324,89.1866330682628,32.64833792935507,952,478
-0.5742671980364316,0.4708060750868717,0.5226238443275234,0.4468198283088277,96.56760573742854,33.71212931603243,88.78729800110142,32.294572515493265,952,478
-0.5716354388481458,0.47240671751476265,0.5171762109585076,0.43709994121632556,96.1294164176801,33.34731011425277,88.66525437770629,33.06587954545554,952,478
-0.5725113084236413,0.4843464482771293,0.5247414550063503,0.44961818932137126,96.48508114350304,34.30634447786745,88.62004099212426,32.56948139743711,952,478
-0.572952996753365,0.4787794346350006,0.5201995010875572,0.459001520018888,97.75234619975882,34.24380147319214,88.2718273956211,32.915679535146644,952,478
-0.5704091118173831,0.4801484332757045,0.5207399469317858,0.43843641379112086,95.59305430221873,33.258226654638456,88.18263260183883,32.672465455410304,952,478
-0.5709477474358639,0.4758311410195049,0.5178170146037023,0.4553010703968437,97.13966643296448,34.32299365488423,88.28236623918411,33.106428627691905,952,478
-0.5741401801683748,0.48304420010989485,0.5199791230147336,0.45881432958183255,95.60758923404886,33.54313530627132,88.47144335548359,33.041070491317996,952,478
-0.5763698062745841,0.47697487017290463,0.5097556188827971,0.44202356551404054,95.82725013086018,33.68856564343876,88.06858393000468,33.603981367191366,952,478
-0.575708388479959,0.4813419987884158,0.514736878238311,0.45922360619221353,95.69572332169835,34.48891663547474,88.16699713828217,32.682064776961624,952,478
-0.5841631359351104,0.4663400537679546,0.5039627624205564,0.44346238196060234,95.79908777133606,33.46488169405992,87.60395621861431,33.32642223690425,952,478
-0.577471462682579,0.4761671256353526,0.513887260026458,0.4414229651892275,96.83676335612624,34.70164136322122,87.97337554017878,32.229166194280396,952,478
-0.578134695549299,0.4712916463717599,0.5126123484110487,0.4410046566280844,96.88205211189944,34.44584261381872,87.78675024914774,32.45927634838643,952,478
-0.5799322964830428,0.475687021725642,0.5140259525762388,0.44622630309348343,94.95817595136579,33.6989823165089,87.25278677777821,32.13152290647807,1014,478
-0.5806463602513767,0.46906794254563966,0.5119853674676761,0.4507120857821162,96.22597216291497,34.230093657248176,88.1168842422728,31.75174232929126,1014,478
-0.5807870408261229,0.4722631247992911,0.5136885288758154,0.45020386426447095,95.99310704743861,34.49793448050298,88.14731741664414,31.96274421366538,1014,478
-0.5800809897712725,0.47852475556808927,0.516760084004831,0.45134404974090664,95.26260955543553,34.23713968906846,88.07803547820039,32.78567291985834,1014,478
-0.5809981447917658,0.4715918491731472,0.5145853593152435,0.44784945605120297,95.49140234533063,34.25151385629477,87.92519489007313,32.70457927521357,1014,478
-0.579205053595869,0.473807312074548,0.516148359479477,0.45151937804724773,96.14454863876345,34.58331906478014,87.80505398877378,32.54012555775739,1014,478
-0.5792984231046518,0.4708045923860953,0.5033388300031664,0.44280549816472564,95.86077825492727,34.38412570794789,87.71550469602792,32.684891449273465,1014,478
-0.5842291111769552,0.4725926410156199,0.509284667371988,0.4396583698150028,96.86562942241646,35.165567703787524,87.99474969923196,32.35632365601531,1014,478
-0.5788827955437409,0.45228192508979986,0.504856552071589,0.43726229073367107,96.2447267958172,32.64709145757848,88.00967012042761,32.47400414145091,1014,478
-0.5848282737645399,0.46677968886384014,0.5011412224553459,0.4335679179294666,97.0290939392479,34.21571938833998,87.56236601336373,32.23120456579609,1014,478
-0.586629098798233,0.4671466942078442,0.5040712364169712,0.4464224080303038,96.87686440225148,34.2613214551076,88.56066598191455,32.830897599707654,1014,478
-0.5836061745347688,0.47052214471400394,0.505963375077397,0.44424581372294514,97.1727633622657,35.14820172687333,88.83406820952018,32.30374904904041,1014,478
-0.5817220707860562,0.4596921623455331,0.5046765703048927,0.4463966139236927,96.59149335353429,33.417684998413186,88.3542136436675,32.35345432157455,1014,478
-0.5798939144489844,0.4676469442259179,0.5055185609284547,0.42307110594631414,97.05092302618417,33.57040670111771,88.69717072054272,32.0111397587195,1014,478
-0.5811586648637987,0.47733107944893155,0.49855618486577125,0.4399683278152022,97.02600025098914,34.938934276085305,86.8190760256001,32.57084803240897,1076,478
-0.5823115360908182,0.4782282723244565,0.5043592010231677,0.42319716352018727,96.05869898701069,33.67053532900398,88.19084877919944,32.45732968310667,1076,478
-0.5836887190550551,0.4739258885583267,0.4982692282937062,0.4436362921756411,96.53327992417873,34.08866910672008,86.78547332901817,32.481191446094535,1076,478
-0.5800434668416828,0.46288929051431016,0.49801903340826625,0.4176138788065099,95.91699183861847,33.05378459684926,89.01669492112342,32.63939500180667,1076,478
-0.5838978146371178,0.4547931647127838,0.5023579766416629,0.4407024779625429,96.9935978578637,33.44078424788225,87.53435090392739,32.65900682435881,1076,478
-0.5780668945431866,0.4644219588345261,0.49641523096278095,0.4526204683640298,96.27119010284525,33.75556376765762,86.64230345755848,33.166390969480474,1076,478
-0.5822232977288221,0.4672334648367824,0.500184118396847,0.4315868974590572,96.44593193286208,33.25829553335729,87.15632136301488,32.23327568064804,1076,478
-0.5789303882301958,0.47537866804140777,0.4984433706913178,0.4530190821170495,97.07555599327301,34.80930035624732,87.61108910802506,33.215645683755554,1076,478
-0.5840828125951996,0.46942309110912295,0.49742561223985665,0.45547197570980263,96.21059326976486,34.57445331623477,88.12417225467854,33.214562873120634,1139,478
-0.5793774100137221,0.45386485002477833,0.49607941980912346,0.4411986642337688,97.27985693308545,32.669105620048086,88.80739120553551,34.303830622639076,1139,478
-0.5751085524975289,0.47359218970490113,0.49339636438849677,0.43875605585293126,97.47122936137293,34.365372967241555,88.85750993607518,33.3800476942825,1139,478
-0.579488172398451,0.47604877415005553,0.49819277685333496,0.43764864900407885,98.13820050417432,35.46995464655359,89.26038627171508,32.434157224623554,1139,478
-0.5773609705620155,0.4649108076663378,0.49619291703938656,0.43715980692185885,96.79028130567536,33.68531589541603,88.50708327645043,31.934720064348227,1139,478
-0.5899533151016005,0.4512972667727211,0.49496052501620624,0.4393470196715995,96.73884056214175,33.7312084139805,87.57324387772259,32.86159649484068,1139,478
-0.5924613405222015,0.45431529767928486,0.492292820804234,0.43380775446987613,97.285473819884,34.10422262302584,87.48430235398466,33.18979560699063,1139,478
-0.5871591055946915,0.4755862311620692,0.49490423208893825,0.4431003848880127,98.56579185030665,35.299524212179726,88.12337806726879,32.6788294938668,1139,478
-0.5844959523445141,0.46266696327865287,0.49456033899319063,0.44510863113782223,97.95877566622904,33.41152195629831,88.47760627690721,33.63428498542925,1139,478
-0.5900955624498415,0.45847329341386334,0.4947321725610449,0.4412245957605949,97.68200215590937,33.89334942905807,87.49384166286654,33.06986654616335,1139,478
-0.5910336404907311,0.4434022394674203,0.4917514344688624,0.4429586720882591,97.82108461678872,33.0815238166565,87.27458867742705,33.542923890527526,1139,478
-0.5938475250037196,0.4467885260665936,0.49441306501804955,0.43716605703384287,97.4564303326312,32.96536343993499,87.03066637037863,33.272625285225764,1201,478
-0.58963929815463,0.4535150900938612,0.4946707861171717,0.4349344424151339,97.06877639376256,34.17433400295007,87.3230913635251,33.13549152156496,1201,478
-0.5873587680353641,0.45779658778950116,0.4944356407877671,0.4469465637325951,96.26415495270189,33.38703677465755,88.1400039381022,33.68738795564609,1201,478
-0.5815131326759123,0.4449587024260255,0.49695464798391864,0.42344673147902695,97.93451524392515,31.834181316427802,88.93400468530818,33.8827087143762,1201,478
-0.5906857092384797,0.4689843064821812,0.49694343137688224,0.4338610442136812,97.75780880063029,34.50701301203992,88.15256671746744,33.410948357175016,1201,478
-0.5925568663987228,0.4565295591305977,0.47176086120427263,0.45744923531902865,97.85420393968188,31.57570497607766,88.4853544132352,34.64116992046626,1201,478
-0.5971583868100246,0.47299209447591595,0.47644595409929863,0.4427081573640777,98.03615119019216,33.50406113104277,88.16913523424314,35.46514148076979,1201,478
-0.5964143226141777,0.4651171994610218,0.47531884686488246,0.4377747200077256,97.52783863730741,33.236617360276604,89.24183758192342,34.12922683904085,1201,478
-0.5885185499341465,0.46767762048340294,0.48303028072717397,0.4330076479070888,98.73509225086252,33.06649236196449,89.99135948641317,35.39368112642296,1263,478
-0.5892238559969127,0.46129728341864185,0.47580245147449296,0.4278142210991699,99.12829506415903,33.23693439146257,89.97924932802596,35.18294230387365,1263,478
-0.5889273371990057,0.45808401147559324,0.47467971507780843,0.4301329320516898,98.4829247823024,33.29034429056182,90.06067829295998,34.42308356805296,1263,478
-0.588776928446747,0.46939405797129535,0.4740832665327176,0.43955469923728285,98.16560221988726,33.06351879851157,89.54322160247439,34.99054517416957,1263,478
-0.593921728706756,0.4624868565482145,0.47943867578929283,0.43668532296249096,97.71767693648947,33.07976264386298,88.16228615561322,35.036637606657436,1263,478
-0.5928729115716982,0.45556078620274365,0.47008655214653156,0.4350885529821323,98.17313623072411,32.9917498198048,88.18288930789245,34.43728883604933,1263,478
-0.5907159342526156,0.4562710692094005,0.4763116736569728,0.4210390483681577,98.35996473571814,32.624501764451445,89.6937243648523,34.146030010570534,1263,478
-0.5875924349667971,0.47181792746510387,0.48023256788342716,0.4161250249817647,99.21674267141606,34.25010973001707,90.8540166935303,34.26121614620129,1263,478
-0.5886756010111501,0.47400758320547365,0.48379748407598416,0.41921928411298615,98.52902445897546,34.61447398005031,90.96397152212768,34.01555104194387,1325,478
-0.5945253194287669,0.4741910657145018,0.4777001033417846,0.4285656474751608,98.347818568419,33.884981509966074,90.60043793008327,34.68565760659522,1325,478
-0.5876828808233971,0.47959468109290204,0.47963425707552365,0.4411752998843221,99.21685683033023,34.856844796102585,89.32220119364273,34.569749059876436,1325,478
-0.5848692717523587,0.48175965808440047,0.4747342181105907,0.4317066402290136,98.6300086224103,35.31966693803908,89.74105465500271,34.975020237559875,1325,478
-0.5828055063642342,0.4843882898500713,0.4779605445413251,0.4312407331903217,98.97622251639972,35.556452609108014,89.65677653271935,35.336731322801526,1325,478
-0.5840055931488242,0.47694073977675955,0.47646467272580195,0.4311201518243175,99.11203829163173,35.52792739963115,90.20414374839422,35.275988429449825,1325,478
-0.585632793455095,0.4828932785624334,0.4713349043035556,0.43247208579748947,98.49975823209833,35.20782433292226,90.6866792846677,34.38232152012453,1325,478
-0.5848614217393632,0.4782588792479046,0.4752911518300733,0.4292522920720681,99.45031697439704,35.993976614346586,90.41073060718188,34.30654795082723,1325,478
-0.58984903221173,0.46625836574295865,0.477131395841335,0.4476887485086905,99.71849078923492,33.87112733262774,88.93903918296704,35.74524863906936,1325,478
-0.5925799709839852,0.4608224443249479,0.4663018160987614,0.43798393188847656,98.57199331836395,33.24212643110979,89.49941930188584,34.475072568851054,1325,478
-0.5897320433050328,0.47043423704895165,0.4686622798003271,0.42020609206483306,98.59664236552119,34.462372250583776,90.39240399266792,34.38330186816916,1325,478
-0.592056209491378,0.4649637298934699,0.4765230323372972,0.43398517444089674,98.60091671669603,33.355161322868085,88.56770571984379,35.351783051719146,1325,478
-0.5886168748681206,0.4693080285343568,0.4728621513566053,0.4265526231141831,98.3739835949584,33.48436912572013,89.63505516949215,34.715940686756205,1325,478
-0.5982895554380784,0.4718007495621056,0.4724648461381064,0.4304606402122096,99.08780584828112,33.61458610578426,89.8887057675924,34.644074436338656,1325,478
-0.6001226766816012,0.46901818017360936,0.47224889778022294,0.43457356807595393,99.32442239296205,33.35834124986582,89.4260019876972,34.56993830747737,1325,478
-0.5966744183191856,0.4688963853716806,0.4685897049678453,0.4291702702746283,100.30763191323537,34.4982445291941,89.74870829189885,34.42515012686637,1387,478
-0.5923909849380471,0.4729126188075627,0.47327201640970923,0.4387312334603303,100.85442897624411,34.757234400263286,88.35322563574212,34.769224930426184,1387,478
-0.5903884696597048,0.47522908669529434,0.46886001603881927,0.4350698074198568,100.30814426928961,34.77542059833579,89.46166928286625,34.407848930411696,1387,478
-0.5905555040840836,0.4765974711667375,0.4680061824643768,0.4343533059029853,100.35806204588634,34.806590886116936,89.55837195233435,34.465941346781555,1387,478
-0.5932146243266542,0.4677298906389187,0.47083760546840187,0.43937189448174047,99.12495980725764,33.358285719953294,88.59615451407834,35.534009674530495,1387,478
-0.5882844705666261,0.46362259570188924,0.4744947809555364,0.43867247728752795,98.67720972585477,33.16964868887766,89.50994157731368,36.01461138199546,1387,478
-0.6016479807103872,0.4654176325785204,0.4642489445980856,0.4444483384398252,97.46094428694688,33.23577123605647,88.36584505472875,35.23575845813366,1387,478
-0.6020773086412583,0.4626686964194526,0.46134958709744467,0.4402772827017933,97.24195166649514,32.418396360876066,88.39753338443951,35.37394232317691,1387,478
-0.5989955743813795,0.47766200303952416,0.4655221375079228,0.425011456380114,97.57172928607942,33.62635728656245,89.11438357117414,33.78098811624562,1387,478
-0.605732137442712,0.487952617962487,0.4599591411560782,0.41589300878683594,97.17836616157639,33.72602899114815,89.71447258671054,34.125546976098775,1387,478
-0.598274911558254,0.47857179454290827,0.46022011670459434,0.42157833786258964,98.51809826212165,33.98385367069879,89.48082926149014,34.13151467952194,1450,478
-0.6057361634285736,0.4735973937954621,0.45549271591816315,0.42552118626318114,98.65193055821025,33.10185824067817,88.78345284388452,33.565641879701495,1450,478
-0.6122349323399966,0.46796523122306394,0.4553126665195639,0.4367590968529161,98.80499113996378,34.032057963337216,88.17788108432885,34.55701470894145,1450,478
-0.6063084894810716,0.48204087362713444,0.4616908805192551,0.42059397778622426,100.78294720949106,35.75324052227022,89.13604136610206,32.470422515657496,1450,478
-0.6066585449692741,0.46502465417806244,0.4541188379288586,0.4285817657735281,98.38007490880617,34.189257358961946,87.1678028186138,32.81286011101539,1450,478
-0.5949609340194222,0.48307232909388176,0.4533638100909877,0.44336441384536057,100.24692067336554,36.20486650512605,86.9234775851783,32.39700669994257,1450,478
-0.5967347406012118,0.4685611309669753,0.4478389176971251,0.44174176997972436,100.77885622733614,35.73039993228298,86.50143380860183,33.55474114920195,1450,478
-0.5937461073992124,0.4928059702294956,0.44221184005992614,0.4486846480675654,100.04350898560604,36.3580348236205,87.350087769603,33.62561439914946,1450,478
-0.6018157481051899,0.48828815006894394,0.4541004837141537,0.43408419363742445,98.46481946038773,34.90913559334403,87.36991522152732,33.163172290032044,20,936
-0.6156929422063984,0.4765603882037113,0.4550872436506056,0.40817154581104237,98.31316165516219,34.643017803790656,89.04235811081465,32.93724688101084,20,936
-0.5990012959611697,0.5039216764563822,0.45495868616845164,0.44403497235786304,99.39726275106504,35.81382230034609,87.71271710997895,33.1538415377658,20,936
-0.6139445951773783,0.46873806179710925,0.4461697846803918,0.43978223854985665,97.61889716123477,33.07477118677633,87.66916743398187,33.686539184326826,20,936
-0.6083138412399982,0.4962229444622769,0.45159013059316994,0.4161202116171505,98.86130861331428,34.83493287909323,88.71468343086093,34.11944487756291,20,936
-0.6117336280437977,0.47187512833183626,0.45163515507879043,0.4254405257416325,98.4768239249371,33.9945365966432,88.88524109464593,34.34171500018003,20,936
-0.595681174602023,0.47585629860068973,0.482695736262457,0.4135487159988056,98.40827521430248,33.17077266670942,88.87279957247138,32.3607917154034,20,936
-0.5450528781608706,0.4845578979484547,0.538758003599009,0.36374560652181415,94.62789341098781,28.86117245602061,89.30889666995502,28.44622647734646,20,936
-0.5077009123415247,0.4591644941874869,0.5842492948034049,0.3811032278421269,94.1922349351454,28.92257092102136,88.48404209742841,26.951137173773876,20,936
-0.5146204687053803,0.4223636592584642,0.589999859985294,0.37442604879213326,93.71406618859108,28.260722539469736,87.7463338861159,25.807072978856652,20,936
-0.5225237802269649,0.4085088011945506,0.5834216954886274,0.39153940365292506,93.42805111622182,26.90907450002188,88.94321825790536,27.56252429910286,20,936
-0.5119334790557158,0.43608996258250127,0.5869758711041467,0.37676787307732446,91.95136617146852,26.701467148861667,88.10460731240599,26.47497693524719,20,936
-0.5188097711662278,0.405973680764991,0.5907485392879321,0.36161340624967464,92.76444037534532,26.45934207677974,88.08747003117864,25.891554909998995,20,936
-0.5154169478424317,0.42639229735260564,0.5912810832982996,0.3824047004092581,92.94366353379553,27.081389881819657,88.83109660924687,26.783323417798776,82,936
-0.5187770702056419,0.4110838052495534,0.5887484204301661,0.3712907803568673,93.77786677625073,27.163633091013562,88.08971154425998,25.947148142917403,82,936
-0.5287368820045452,0.40075124143241153,0.5938227303386007,0.4038582374342194,93.36900699477395,26.203551479555255,89.27476037803288,26.95227359492886,82,936
-0.5105932382952797,0.4287770514834199,0.6064459369258627,0.4133166732076988,94.17462472822007,26.97040451097049,89.2601737938266,27.269041632093707,82,936
-0.5159603444556459,0.3651893403951006,0.5898452241286959,0.37288141744366815,91.69418278395634,24.930112474159067,87.12461410963041,25.6890310912233,82,936
-0.4977057881766874,0.31064919447112777,0.5497056186694018,-0.23447560639680312,93.1001795865159,16.554673230469447,93.18418365037121,9.859842330668858,82,936
-0.4618891215035093,-0.04410186436356209,0.49336074004331926,-0.9029117721718698,100.65723366757452,8.349162986149837,94.28858821357957,8.408522054078574,82,936
-0.4596786846759781,-0.1229057102591327,0.5243550923628122,-0.7409891714820537,99.13054635073043,8.573416992041997,93.05821226122261,7.888720035760501,82,936
-0.5048392846754012,0.25431304241455294,0.5699850811509012,0.1719004832809939,96.81859551955885,18.44396100313859,89.0745086691219,12.84985150203356,82,936
-0.5038021970235754,0.37892002679719256,0.578456432292585,0.3757793458577297,92.01277722232405,23.707690727317182,85.44741127589766,23.33144750634463,82,936
-0.506653940486303,0.4023726714317038,0.605833215565705,0.3679963239706402,93.78604797715623,25.532097868275372,85.9472554666992,22.869617143761772,82,936
-0.5145062783400199,0.3820272733751557,0.5970638092240489,0.40639124057818693,91.84944910209047,25.95462785139077,87.56401342380325,25.324136488444047,144,936
-0.5179478135370492,0.3821023015011628,0.6012974623005648,0.3914531609333737,92.90489707265075,25.86900253906155,86.74365094284249,25.19892581275759,144,936
-0.5270196446035752,0.3760504398444188,0.5993891598065996,0.39191057286587255,92.820068034417,26.363890509806676,87.35738354440859,24.54945513315618,144,936
-0.433059384323662,-0.31846305098075733,0.4597600250284778,-1.0111656616578766,99.56632994401535,7.9073789537931205,93.62369769116792,8.69937404500352,144,936
-0.48856609316971666,0.11696901514154043,0.5132310847024326,-0.8143015406495586,102.34353918210986,14.166915785924695,92.84137260853402,6.694923330176873,144,936
-0.5121825445305157,0.36528995671386216,0.6104514375580413,0.3485433827490535,93.70297965169388,23.87136201121146,86.58289448251118,19.93338922295949,144,936
-0.5195303784890896,0.35699437510452897,0.5896314269483647,0.3907543859006479,93.71447229011562,23.336758181475027,87.63968048773383,24.58420321726231,144,936
-0.5276055374767734,0.38137106965382267,0.5834842295369194,0.4164122080884298,93.19874234366125,26.791603929448755,87.54996268282238,26.293998510467194,144,936
-0.5265924353812423,0.41279619987930827,0.5927784183490789,0.3859731896948752,92.94991847452543,26.92104950597888,88.13622915305778,25.90643506803089,206,936
-0.5314412597142312,0.3603361147897995,0.5889854137970684,0.40681290630119116,92.4378905335547,26.93105635981636,88.29384049501286,25.54616224265172,206,936
-0.5322616135717294,0.38407039216358146,0.6024929192434579,0.40279263246619196,92.56751326014637,25.849241832457974,88.08312315844489,26.29689013590553,206,936
-0.5318051479265905,0.41183212851224704,0.5895246580059388,0.3989290864634102,93.42381486854909,27.15163298881243,88.70071684957108,27.839097919600107,206,936
-0.5317600034444341,0.41697567301728783,0.5903706183290391,0.39850007016286465,92.42186580435869,27.13442343568193,88.33673517065334,28.218799251025146,206,936
-0.5351463791683522,0.42146444777946085,0.582096157549864,0.39430823515062724,92.21725036672679,27.233075648531656,88.60608717211763,27.801444327895272,206,936
-0.5320079848527073,0.41206268489805875,0.5816333977947831,0.40682458491732587,92.35619911923591,27.769294126840723,88.17544187592655,26.736131143782494,206,936
-0.5353108197581143,0.42852809624002947,0.5869997381345503,0.41379628695009957,92.86351800198617,28.068400209742688,88.07139125862267,26.861585548156654,206,936
-0.5407321300348266,0.42456778954069446,0.5939961898166692,0.42472706962117474,94.09015717760326,27.62366844372814,88.06516320428055,26.98235126215134,206,936
-0.5420517063695202,0.41739287939883396,0.5919366680306367,0.4202375562957545,93.84389639106747,27.60591520513916,88.38626112275838,26.973590376506337,206,936
-0.5426533376657156,0.4199466811148453,0.5935414715915293,0.43134357669272383,94.51646067854443,27.87077023687505,88.10448052548288,27.11571810973651,206,936
-0.5351002274648039,0.41247395286120264,0.5945725912816264,0.43385496387121275,93.64550264584155,27.63267219941945,88.58916828250798,27.2301346411932,206,936
-0.5384993978887544,0.3991480414738311,0.5794048906805397,0.39811156145166166,93.75675664388105,27.599491643755364,90.06744195087377,26.37971965024278,206,936
-0.5423660305936757,0.42575842196485,0.5737632430046348,0.39765187496732934,93.13793225796488,27.084968398318324,88.50072898550232,26.989107716369066,206,936
-0.5373439312687219,0.41752785790477,0.5757832226251323,0.41170532638206625,94.20935582734343,27.442351650509334,88.97553684235201,28.077811171324146,206,936
-0.5191570440219976,0.4501837044358168,0.5857163988462598,0.40425336494298586,93.17985312699845,29.13463455156739,88.88920604609353,27.21733764758811,268,936
-0.5327343293278668,0.42224016816751103,0.5971109148949293,0.4122117820757767,94.16288821461148,29.01632680854305,88.2252243790765,26.504152569702352,268,936
-0.5343507391692038,0.4091057337799343,0.5801530943607089,0.4331567803941985,93.70264195127217,27.014258862037398,89.13502374032912,27.672904591168667,268,936
-0.530363309694603,0.4448456761718044,0.5914246350341522,0.43151811952193536,94.16610193521207,28.146266157551622,89.17118764646929,27.43413525086244,268,936
-0.5319618128786974,0.4229107145109795,0.584140943289071,0.43321184536072516,94.66158796731348,28.123704569688577,88.48948374397949,27.570125816837855,268,936
-0.5204506548257579,0.42593753776696663,0.5851947824330688,0.4134366830918872,92.6527194671518,28.41518203324535,89.5697860914712,27.274983639728934,268,936
-0.5280527020767251,0.42601264241746173,0.5841496509679587,0.3992085989880637,94.32663937179984,27.07620979645499,89.20656764103896,27.246517806652854,268,936
-0.5397329661289298,0.422724390672188,0.5862037759751444,0.42908437635240726,94.79494993632079,27.745042271175677,88.69367803582878,27.072756968094048,268,936
-0.53438394238377,0.42056671764761244,0.5876268305137016,0.42109559967888077,94.14922200608879,27.030847215651615,89.25691904020158,26.745578577448022,268,936
-0.5385997915658478,0.4172147727345145,0.5845995687503883,0.426879651665852,94.17252443602115,27.079682854528304,89.22502572411271,27.276972027924362,268,936
-0.5386725655785641,0.4279119729601677,0.5768225607403903,0.42237571604690843,93.93789794975588,27.220795226289876,89.0114341919264,27.468771087821487,268,936
-0.5278889680927298,0.4429238463058586,0.5995702326435509,0.41902372869545707,94.02214860486373,29.517413912537812,88.37144221756839,26.482696066653855,268,936
-0.5309477198854329,0.43138461542423717,0.5680420099908814,0.416192669438695,93.3134495881208,27.126121025342076,88.32533461945353,27.30936437554443,268,936
-0.5359001706320091,0.468154250465947,0.5730572242512346,0.3788505815537826,94.87819622573916,28.62032835829419,88.95405075850834,26.701719678018577,268,936
-0.536374129544304,0.44082603233774087,0.5815776344732503,0.41267818553671104,94.30821721027996,28.414014216415914,89.31378810392896,28.0000766072615,330,936
-0.5436181734668016,0.4420824038189444,0.5666917633583007,0.3946952477327197,94.67627359052037,28.6473508936142,89.67132606789018,27.092934155334085,330,936
-0.53609824944019,0.45298995883752907,0.5801363957332875,0.40899292307517726,94.07592906732268,29.23281838049469,89.22833154727829,29.033991882108545,330,936
-0.5353644265893764,0.45369311188915934,0.5786721447360795,0.39610667333949506,94.08613358644673,29.85579843944809,88.71902032273859,27.958967822384874,330,936
-0.5327585524332571,0.46048173239558576,0.5749912331046076,0.39056540365831766,93.43738827119465,29.09272505653796,88.83079296578808,27.71663708131051,330,936
-0.5325333363105762,0.4442137114408836,0.5827956453368629,0.38362158801975943,94.70859831849009,30.23032799399793,89.74882015013021,27.78841497641769,330,936
-0.5251572310510664,0.4711978987147597,0.5738958072186418,0.37236679745365336,93.42436517215704,28.804320969707245,89.03185597003599,27.65589664603939,330,936
-0.5399226996693159,0.41312428598150697,0.5738292731111104,0.38851044416518404,94.99468595021787,28.77870302114644,89.97672550194537,28.53097766638336,330,936
-0.538873441324963,0.4378508212974873,0.5778452287122585,0.39659383778078366,94.88785594158901,28.8614337428026,89.08126090147613,27.58278903901862,330,936
-0.5366114698507236,0.456582760872583,0.5739765859428849,0.3805618934412844,95.01485518074162,30.485707682723955,90.39945209444573,28.286028440684202,330,936
-0.530425364468883,0.4627839107400863,0.5731436237227012,0.3881660889985359,95.15553252352147,30.6046747310421,89.18484048420792,29.134900188942694,330,936
-0.5330278833854467,0.454059949613635,0.574023788865693,0.3891964633212574,94.99011781077004,30.13110036266618,90.22016476934805,28.755912654874887,330,936
-0.5308966552505534,0.44431641707325714,0.5741501125718427,0.39906421755099114,95.29793903543133,29.88330436754721,89.83216637625621,29.33856402332743,330,936
-0.5337962001321045,0.43244186993611183,0.5772828429489506,0.4041281777409715,95.18870127276524,29.409844374186214,89.76772129884328,29.596620485981408,330,936
-0.5362471091144636,0.4556651476219209,0.5755773437145524,0.39529176394785653,95.65252904784938,29.940474754092264,89.81201970059959,28.754313990031246,330,936
-0.5323523207902795,0.46586189743014667,0.5744257945769798,0.3844412663717345,96.5709673598354,30.417114335517393,89.94106348576675,28.621484342251982,330,936
-0.5387280134990545,0.4603768724994641,0.5771976856430782,0.39212841258652464,95.56785507513709,29.6825690030417,90.0060015667924,29.041109290137417,393,936
-0.5394333650376144,0.4656393249946758,0.570406443255673,0.391878385259681,96.03808008936016,30.132902779433184,89.05966902382974,29.52484470494727,393,936
-0.5351051026043404,0.46110384501466195,0.5758553438935072,0.3925513368691316,96.92043872308307,29.897393975505295,89.77899607753808,28.332394034945462,393,936
-0.5411190831888901,0.4393491601700738,0.5741893507979461,0.40312830063382876,96.02113053042582,29.551717841306807,89.43139636525903,30.341818137984678,393,936
-0.5470624887427618,0.4491380633099716,0.5757285672109209,0.39996486521619956,96.44447437084997,29.61853751217928,89.98720508495929,28.70709326772674,393,936
-0.5426720228497519,0.44119311620996127,0.5716961377809597,0.3955187486910601,96.30044931543598,29.794578782545898,90.91278367985242,28.84148765994389,393,936
-0.543672135199636,0.4461535521807845,0.5741914745898455,0.3950893815062551,96.30579997998328,30.57098758743892,90.36821149822167,28.74427745045295,393,936
-0.5376278115211564,0.4423923207685916,0.5807800698762896,0.38005482576256405,95.4596701086643,30.4678526213598,90.74266351420906,28.128135686682764,393,936
-0.5542206863408651,0.42949587947464385,0.5628387855534334,0.3886685100009464,97.12526444003487,29.430216563129754,90.08978320508453,28.699739581216953,393,936
-0.5455182747848549,0.4872733877996063,0.5652029130609313,0.3703939167749146,96.3618988558714,30.769419416709717,90.25195149349048,27.726038631927512,393,936
-0.5523044254080924,0.4495993130045159,0.5639761673668311,0.37982600391429383,97.42008123949233,29.112798403799683,90.63515257685724,28.06271374690665,393,936
-0.5488542525723412,0.43497317781618844,0.5554366052234216,0.3591840436658542,96.17330885153676,29.54785256277346,90.90901383867323,28.51464193676515,393,936
-0.5573664471983377,0.41811783026143007,0.556082832826859,0.3889516056902149,97.37323739386339,29.572604801901853,90.60292028894054,28.111834239642853,393,936
-0.5351831355651014,0.4434830489877405,0.5703829475665974,0.3845901287976557,96.25785231299817,30.543587295829727,92.19972248373958,29.04961319684318,393,936
-0.5391962546423604,0.4695709287999186,0.5663389949571038,0.39750426038818687,96.98107418216233,29.56927811882072,91.35244201086871,30.391673274101155,393,936
-0.5434666515216252,0.4154454887675552,0.5635792740607364,0.40651399180999614,96.82569502204117,30.163838722760534,90.92904919981106,28.621490779938647,455,936
-0.5432395905142118,0.4615413277362256,0.5630387821195302,0.387147112302804,96.7902215193565,29.238772014836627,90.90820489846267,28.95618474305328,455,936
-0.5443773429351004,0.39119339424738925,0.5551227494208784,0.4026574229269467,95.88735942496281,29.61225210577402,90.50481115116264,29.556046210620924,455,936
-0.5461190540801555,0.4467785533468052,0.5806287488345383,0.3875679714767839,95.72467523560168,30.245099339356727,90.7304406046299,27.973184302504595,455,936
-0.5471784669333597,0.38129853580865647,0.5629888752881026,0.3932579847646621,96.97524011041499,29.709113698726505,90.68534446930936,28.794820126015335,455,936
-0.543059136621518,0.45442253756018064,0.5683693011168272,0.3733801682091075,96.16478924252081,29.713954912052607,90.05802769632261,29.172835156416493,455,936
-0.5459922070697825,0.4087817697423139,0.5678118699917913,0.39824563699950993,95.80329722919485,29.699519493323304,90.18634563630533,29.83530046863634,455,936
-0.555962015502469,0.385043921057564,0.5577228773687196,0.4068354491298822,96.16884459649332,29.13792242472175,88.72695746242074,29.67862795130761,455,936
-0.5508899534954433,0.38989004440410663,0.5699951247268867,0.3769865790006181,95.02622960644214,29.203707362383977,89.68972072654401,28.847822077033086,455,936
-0.5510939803835674,0.45590826563149145,0.573116200804113,0.37980644489304394,96.54009865848741,30.291339258922424,89.8907899823977,29.58701761002033,455,936
-0.5551659649744649,0.4166661397444476,0.5634373936446854,0.38634653549200865,96.32766379337343,29.106321903457385,90.6631209250639,27.60341693579286,517,936
-0.5490659940374372,0.4409214540246374,0.5618289738885335,0.37340667799412197,97.10134810158765,29.32910332438378,90.00544195880195,28.388785526243215,517,936
-0.5560688605493905,0.41947555781547524,0.5616487388578711,0.39495289815258666,96.74431527512178,28.820381463777622,90.18632914213741,28.35358337137896,517,936
-0.5590174556901301,0.4096369181203787,0.5643205168177141,0.40829826739709424,96.38152671735209,29.0362768887403,90.70740437555442,29.619596267535375,517,936
-0.5587143544278261,0.4255126120240684,0.5691667646184178,0.4246109633359328,96.09553833644102,29.399972001639952,90.69912021180062,29.314132569881757,517,936
-0.557499313700025,0.4530527335909288,0.5721335346820864,0.4254471834825544,97.6087805281098,30.642678106414422,90.92949143286936,29.442471341384845,517,936
-0.5523641657818804,0.42629793926873205,0.5662870863791118,0.41872786584953914,96.52942800368265,28.2280740869096,90.81820434827318,29.64835806044768,517,936
-0.5593560112413282,0.45493027242973816,0.5599270775730482,0.4010271084632572,95.94121376853047,28.617554680722627,90.02706645767597,29.363187098012062,517,936
-0.5570636722043905,0.44948083439136766,0.5735794043760702,0.4238156168902618,97.36042213998192,29.771963539930233,92.23658660868507,30.868594657574093,579,936
-0.5577027135144809,0.4441394192191809,0.5736469249239844,0.43230675722901635,96.2539471174774,29.87724101634256,93.24974878530628,30.54476451861238,579,936
-0.5606622280932473,0.44609798475294005,0.5708166754486022,0.4227691611970084,96.87411947240273,28.83147813886592,92.08736307518637,30.885466198549796,579,936
-0.5606395054563176,0.4373697348484679,0.5662942569657078,0.4046798932431695,97.30477049165586,29.59597473222641,91.60640765476407,29.634215295939526,579,936
-0.5583783740240911,0.46200357944774073,0.571569134074728,0.41538326363924094,97.83150895992674,29.580286520653324,92.34194937743624,30.61328359702315,579,936
-0.5556403265250158,0.467216776534144,0.5631923031241406,0.4127750545699678,97.57151467566304,29.63890688065626,92.01646975966199,30.34713031554205,579,936
-0.560449248419162,0.44938371936966504,0.5654040529357844,0.4147467965492269,97.35607822304128,29.314705877476662,92.53010172035657,30.57287903978031,579,936
-0.5714384556235115,0.4769105509559244,0.5579198759609617,0.4135571852376935,97.94203621749618,30.7789076410902,90.904573303403,30.159452193243666,579,936
-0.5514138146985388,0.4597372435826841,0.5552682358378044,0.41621391716463274,97.93159688649395,30.727538966677592,91.9029834618947,29.636735483177898,641,936
-0.5476657253998222,0.4431755199561628,0.5535436117121014,0.4106862830807859,97.96855952164411,30.243044541521304,91.87362140461155,29.566493524886532,641,936
-0.5516113081501339,0.457896295918463,0.5563751968022463,0.386077327879863,99.12805611461684,30.738188231579763,92.29421511293482,29.52879125663281,641,936
-0.5536541153540914,0.4526116350096058,0.5579101328232083,0.36606390155743623,98.86658589338056,29.543980228387245,91.65199273348999,27.504109475276508,641,936
-0.5356636436246011,0.3971995810964881,0.47045289326211215,-0.7730131877958655,103.0601117309482,18.076325087304802,94.89695386763286,9.942088696822346,641,936
-0.4575029684793526,-0.4889068591237003,0.4177195817224146,-0.6681281835388456,104.64259555479522,10.429362015518935,95.07219190347226,10.13324002214539,641,936
-0.4735332242761113,-0.10793092322860645,0.4275970320292924,-0.9927854194136969,103.24698302797836,10.576456356704334,97.10550577247054,9.466759084489762,641,936
-0.5498665395052221,0.27387370112712134,0.5304554401232167,0.002336320878541652,95.998338076357,19.430107291376245,91.24889526846447,10.442646566036727,641,936
-0.5621318606143462,0.3992709628301267,0.5576704301120216,0.35443764053613785,96.41594558401376,26.482724528445384,90.36345758758392,21.467864609329432,641,936
-0.5560284803321287,0.4188837415213372,0.5696519050829795,0.35193510823605473,96.26674156391701,28.185687372830696,88.87448150080452,23.693820891260213,641,936
-0.5549288037643452,0.4275777652299621,0.5708767053115383,0.3937362478478589,97.94873131008833,28.378444121775765,90.49460598329107,27.236418355220998,641,936
-0.5613089567878621,0.44628058727786757,0.5618099937665069,0.38112351155945706,98.33708550334505,30.024978907577225,90.28307082518722,27.901979580457702,641,936
-0.5675061192667431,0.43494423039238345,0.5705296473408471,0.3861866652741994,99.58248899239985,29.704778158212,90.76207640687241,27.773031691275136,703,936
-0.5793602079037342,0.3927468065487423,0.5627697320187016,0.37350110364796774,99.20066111783032,28.641185134496908,90.87723927737288,27.188599919070867,703,936
-0.5613597585672511,0.39691445142679355,0.5520020443013599,0.3985027496561028,98.32645337905196,28.901604848866114,89.82210480105402,28.684967392405373,703,936
-0.5598829765245215,0.4109121515757099,0.551971213722401,0.39266250804210157,98.11568188643544,29.251179832842812,90.97387135875573,29.24014029692479,703,936
-0.5622397911529469,0.38881883707874887,0.5484838162641651,0.3938425002312287,97.69818933959064,29.796408424903174,90.65907716253344,29.131285540872188,703,936
-0.5682325684016588,0.41478905327243776,0.5590642602567425,0.4027848962055695,97.70593656423081,29.83584921310165,91.73135463940548,29.971493445462194,703,936
-0.564253468391529,0.4121155354392345,0.5407404298490499,0.37698636557346404,97.56938434481962,30.198881869777253,92.16598688602478,29.335178550292188,703,936
-0.56193228157025,0.3992738831879918,0.5577107469769703,0.39762160451886236,97.75867944172357,30.18893722182901,91.23229826774897,29.470910648418037,703,936
-0.5651423425674776,0.4092576031003652,0.5542592687481085,0.4013518725150654,97.76108408205438,29.99310008686233,92.19602611171406,30.219008479723083,703,936
-0.5633470631130146,0.4210848573522444,0.541656254734185,0.39673307391616247,98.53579968322498,30.7141110955864,92.47222240309787,30.025310066306933,703,936
-0.5626969733654652,0.3975553300297639,0.5493441152164886,0.39826062231095427,98.06563546459715,30.180346901471207,91.79245308020896,29.7329940963094,703,936
-0.5652551676916137,0.42801477933701504,0.5394546024730842,0.38638317857559923,99.60318017208695,30.744273078921378,91.5750767389498,29.350308642992427,703,936
-0.5633118311349558,0.40841084431451113,0.5456960524600565,0.3961728431857566,97.86270606590803,31.419628688425945,91.9971546514606,29.4033588984404,703,936
-0.5801264221019334,0.433612063063901,0.5562439357814526,0.4004282549256328,99.07259878793245,29.562960376934313,92.13947063988779,29.90159977027726,703,936
-0.5677250617173524,0.40816543223431173,0.5441273363843036,0.3891980039922267,97.33589824615332,30.798204947108218,91.827650280243,29.322787084883075,703,936
-0.5609779783112683,0.4374703294603525,0.5433681202847609,0.3897118243431609,99.77140760320881,30.991051129746836,90.96901854660149,29.61746149578274,766,936
-0.5630225606711489,0.40953352850336133,0.5431542657531083,0.3804439801660078,96.1880057504451,31.746266707773003,91.86490024115088,29.049787922745228,766,936
-0.5835081000695713,0.4187171708590367,0.5506657233658269,0.3926421706214839,98.87979724924921,29.30720056939478,90.90753199464706,29.908268616219136,766,936
-0.5684693795627002,0.39850103074566673,0.5421622608760579,0.3737846100614557,97.27408118429717,31.309435712287772,91.6483950877298,29.240123630107572,766,936
-0.5651360981591071,0.39987483392534684,0.5525992204420963,0.3841963102696195,98.46423704648866,31.392956267339667,90.93178354909027,29.568643386208954,766,936
-0.5650180572435806,0.41435995323026026,0.5496562061579519,0.38335459826081775,97.61295784126224,30.989033131085698,90.5573157682064,29.380006096332604,766,936
-0.5641017365736762,0.40827137323919704,0.5486286710445779,0.3828683669383185,98.58757523348852,31.914730840813977,91.09759437302453,29.307694749048476,766,936
-0.5599313212667751,0.4038837904016303,0.5586594721148246,0.38367642116465384,97.22345477272715,31.230374290533547,90.92885037374577,29.700484835675837,766,936
-0.581589602118037,0.4256034025224733,0.5619713251500813,0.393970404810236,98.85207787043419,29.81311986466421,91.64069544019112,29.705150076945266,766,936
-0.5524358657406522,0.40605598786308594,0.5645609555363946,0.38676136228858615,96.89962199835558,31.782727205352277,91.45548237565727,30.00168791895156,766,936
-0.5894101064005804,0.44121031848596176,0.5547157472794294,0.3933052167607943,99.29802558709997,29.789185998328918,91.43254123092592,30.057200716246488,766,936
-0.5567619141211114,0.4066058284410083,0.550853048605416,0.3879405577092897,96.94320634509403,31.702543672165998,90.91089673277129,29.520048253329293,766,936
-0.581540734160381,0.4455288720580148,0.5570612319689399,0.40245662367537915,98.8274224099274,30.826246964456164,91.73639790350529,30.173325117122854,766,936
-0.550055910525171,0.43183078248788304,0.5634019221868459,0.392626633766213,97.90902561341973,31.908434299013376,91.78784369438235,30.223425551902302,766,936
-0.59648354782496,0.43828307111941933,0.5573339405681857,0.3997715492575863,99.64088212965206,29.61449379049922,91.83237118139306,30.261013422500348,766,936
-0.5647653738618159,0.4039882304025412,0.5471032900679755,0.3889664288938937,97.39259846800444,31.31695075183814,90.7196630400087,29.413725643940374,828,936
-0.5591583442312014,0.41357988243519234,0.5535555814604006,0.3882463674334178,97.74293568187113,31.646728933617027,90.2905033328245,30.133817321171204,828,936
-0.5585153467479919,0.41345614118077195,0.5525373339643308,0.3913573589730477,97.50497851683632,31.916989300329963,90.57930311457349,30.02668819324268,828,936
-0.5585780088381568,0.40880378944158663,0.5475489229915483,0.38930943087086206,97.2479805577967,31.833956636365787,90.28111397080481,29.286780661051804,828,936
-0.5593191374846108,0.4023756686100003,0.554084529579935,0.3899757171000686,96.95144574366093,31.606918531102192,92.23315664255209,29.190853977519314,828,936
-0.5661035058252281,0.4290914771538702,0.5462618148062943,0.38018399452642104,97.98424893394512,32.40887950024319,92.83372177857022,28.7635215689582,828,936
-0.5730249422013467,0.4191547647503818,0.5239790716995445,0.38081524458492333,97.84072871609935,31.00620131605167,90.6146182904122,29.238006966862603,828,936
-0.568545331566248,0.42564254047129113,0.5390496035839654,0.399509078365993,98.03916214248687,31.627191879851857,90.96918549854642,29.54920173284204,828,936
-0.5705711349825806,0.416732234706133,0.539264287844988,0.39626129461582715,97.94189170891612,31.2531766847441,91.62309902632512,29.432209933294953,828,936
-0.5689664066819982,0.42270111478588895,0.5376075061908233,0.3992883763853317,98.56469091627966,31.502490352846507,91.86352462908597,29.687416544440637,828,936
-0.5665582579583623,0.44225045283729963,0.5457089181999863,0.3814657503296298,98.72862247033508,31.88691720697763,91.40486021783427,29.055171605299755,828,936
-0.5696716162067407,0.4417457758494309,0.5365564804244379,0.3757267741732478,97.50462296114148,31.66905814532569,91.02374146762642,29.26202153131608,828,936
-0.5678925562741486,0.43923663609290997,0.541291705442488,0.3804641276027353,98.19931282219129,30.89691027636568,92.95523019225806,29.731801517442918,890,936
-0.5687641441339534,0.4293023045889714,0.5395932588566312,0.37059602213308024,97.23714951139361,31.680860730532245,91.67179872475667,29.458527105247505,890,936
-0.5624072196857826,0.44040004543847006,0.5379357214840759,0.37395532898831396,97.01185101385478,31.614836281563644,91.29987542000893,29.23434906389548,890,936
-0.5740824896096182,0.43427768254174376,0.5301351933999963,0.38505496724295496,99.52467318889636,31.461538377618,91.10930153987991,29.64932229221621,890,936
-0.5839442934073554,0.42501290367669575,0.5132305009697049,0.3542941394592068,99.08814625521947,29.31867106749709,90.75459414408519,28.51791782618195,890,936
-0.5694840897878498,0.4219938629467449,0.5226805844689112,0.3639975860920111,98.33281535099053,30.440794668129413,91.25069993887054,29.500898873862873,890,936
-0.5683610832546778,0.43134217976250344,0.5305244842917322,0.3650230045879679,97.99624219037788,30.88169938804244,91.91133803194548,29.94355815659739,890,936
-0.5738394392082885,0.43972485197255917,0.5296773676004155,0.37301748949486513,99.41835119793814,32.14208847877717,90.87822485994748,30.212999149194207,890,936
-0.5847987285205387,0.450075849718177,0.5019195263901284,0.3509043553203971,98.89278439278065,30.943041844059263,90.09836725624302,28.99978482599955,952,936
-0.5822607365640831,0.43601209868405993,0.5003102844074752,0.36423754994835067,99.275592011399,31.411240964318655,90.6139338340876,29.23580362981194,952,936
-0.5778496180020661,0.44447503803030175,0.5259606989578796,0.3734324921853594,97.6911376800016,30.217912928056563,90.03234951176371,29.84051997557033,952,936
-0.5787738530003421,0.44387671076520335,0.5319355256519739,0.37687311311436805,98.72873298556,31.09775740822766,91.58168788215929,30.348004506761868,952,936
-0.5801253693910238,0.44658020725035424,0.5285842455564286,0.37995419846565665,99.01172372338768,31.504103259832807,90.94015704375772,30.990533737005705,952,936
-0.5802502536750059,0.4156412849242573,0.457028786035297,-0.27945129192138873,98.95964655283105,21.599214418409844,93.62956126972766,12.84920469584762,952,936
-0.41933339081669374,-0.4110236311989967,0.4284011243216407,-0.6386906527576653,103.10966097113639,9.43331533014226,96.83482083258504,10.209425586190857,952,936
-0.5750710952445738,0.2637086865178457,0.4625952949121756,-0.5602701221229864,102.59573831009517,14.551679361684387,96.39259146768748,9.85443386847496,952,936
-0.597423022143301,0.4257403355728653,0.5116178087488522,0.29496733400319164,97.3342457236828,26.589872320456475,90.26425703306828,19.823192336038243,1014,936
-0.59057735315367,0.46579029860778975,0.5107843102446934,0.36665448187653144,98.18122543341431,27.57732227231615,88.71885715252048,27.08602229742248,1014,936
-0.5757904365394663,0.43657073560172066,0.5313996330787811,0.3503823241232852,97.95742809805981,29.61755365205443,88.93404989869211,26.921183471477743,1014,936
-0.5870574144648704,0.4461993252572482,0.5017666626593007,0.3624557559584832,100.67154922914497,30.312638487466103,87.57866339107572,28.26631181859064,1014,936
-0.5769059041316961,0.4205193472164324,0.5134687273228676,0.3510594822302225,96.4790146942202,30.450174003953457,89.70530211201621,28.730255373882386,1014,936
-0.5809173679555241,0.4337686125024185,0.5148887965478228,0.3614592287884943,98.87378025457872,31.17568278451057,89.88552857635077,30.141367708177384,1014,936
-0.5776846646751777,0.4269512962632085,0.5139263289259802,0.3709000762091301,98.53472067207943,30.594692761308654,89.28695521428872,29.794165423094512,1014,936
-0.5825890820971904,0.4555629342740528,0.5183064777338698,0.38650182080263557,98.8218595879923,30.143040217368625,90.1183917906011,30.045484998486945,1014,936
-0.5833039914294529,0.4449750096284532,0.5225879474291717,0.3509142980403875,99.96796047077704,30.482262743134445,90.71261487578072,29.691463111450968,1014,936
-0.5921346784407687,0.4488236011055197,0.496717236653861,0.392561407875189,99.82505786637833,29.924133565387528,89.78104923065332,29.840137867849585,1014,936
-0.5962810024286935,0.4511468635399778,0.49515618043419984,0.40643983803306605,100.97588022967895,29.825967321613703,90.92825869716197,30.87748844870907,1014,936
-0.5907018904681383,0.4481613318756438,0.5018993147043331,0.38329362305162756,98.45800938490083,31.127943790795868,90.54115377016439,30.793587365768868,1014,936
-0.5881392739704009,0.44772604078054906,0.48790574957261085,0.37309397274012457,99.1805325401244,30.212149993820663,90.33876963605348,30.61882713329578,1014,936
-0.5905320888759968,0.4397802536327833,0.5114897599977354,0.3880575139100163,99.09492655962946,30.75815833357694,90.65982944030155,30.419870620891928,1076,936
-0.5889921825878278,0.4743499201473793,0.4895275251648702,0.3773771198969828,100.22942456520084,29.608064104694908,89.50833833983867,31.357222931708538,1076,936
-0.5925383245548487,0.4196450724658813,0.5125444949367088,0.37229790871896284,99.36846440661866,30.394115293856725,91.50303315874785,29.765814240120047,1076,936
-0.5850301304535143,0.442081678404145,0.5005607481969101,0.36561609630052316,100.19089553994472,32.03989889904508,90.66004383777235,29.921218612927177,1076,936
-0.5820858776801344,0.447887378252557,0.502832394250059,0.3741557125366747,99.18499396555123,31.79374997571804,90.43686724805931,30.661492936572717,1076,936
-0.585530686628649,0.43367333458138124,0.4945791329459861,0.3762165339943409,99.60655866151043,30.61698844303571,89.71750534955417,30.297620129485832,1076,936
-0.5916887753428055,0.4185011832175919,0.5005321843310174,0.35372689540930163,99.28629423789792,30.921417919955655,91.28116959965986,29.84828243169239,1076,936
-0.5857464574880985,0.4254783358780743,0.4966914159952833,0.3716254088922005,99.84124423328308,31.237253936340792,90.01427974906646,30.21652638570254,1076,936
-0.5872556975287336,0.4249437451295825,0.4959683839579804,0.38236865941827103,100.11363915255868,30.448831896354935,90.82642497853583,30.814205120454993,1076,936
-0.5903953620963086,0.4163429130294298,0.5051788256893448,0.36049538924954216,99.10227152975263,30.78113843518787,91.65081051238835,30.049994076837653,1076,936
-0.5818559022372812,0.4409906237487875,0.5001758907552112,0.37419546035842655,100.35256424658841,32.948299196438576,90.38133723054223,29.79859981118674,1076,936
-0.5807689255069469,0.439421789816226,0.5005123442198315,0.39744224652690546,100.09869664282013,32.94902911642382,89.4748139951925,31.135152446732913,1076,936
-0.5904059266866758,0.4467629437383645,0.49939177080609237,0.39788197103691425,99.74325274619295,32.08918103398402,89.60064890329491,30.313800224201906,1076,936
-0.5848407112690441,0.4486291457335132,0.48985044624987983,0.39640041119908387,100.1671857238096,30.436586625227687,90.50297744660068,30.585595534865508,1076,936
-0.5914283405735373,0.44028052897788167,0.4963043935385627,0.3883936222503621,99.1753122198211,29.904584209523396,89.36135550483165,29.042419574003308,1139,936
-0.47424408725910205,-0.25179481020733446,0.41680162551925776,-0.5903492315749147,103.19381455935084,10.075684028488581,93.96611577167111,10.515599705081623,1139,936
-0.44111067480258703,-0.48445710490849686,0.45197038695808645,-0.9418552635335088,105.5811910204249,9.24807897348607,98.19243655774925,10.046262592261286,1139,936
-0.5295132122609929,0.012246474083358497,0.4857053447497333,-0.5744360685462676,103.32211749156518,10.160723794613357,96.74969543820713,9.302235718478114,1139,936
-0.6113885964303939,0.32502900558940057,0.47372422931983044,0.25026429115267246,95.50079934645558,21.578088061523413,87.50453454321828,17.887860293313704,1139,936
-0.6009365959271823,0.4392894524863711,0.476387139097622,0.3913795119943715,97.37055009309869,26.164676567076533,88.44162753483398,26.632316874471467,1139,936
-0.5917480808029175,0.4393168970571225,0.48853503147894994,0.3630683139132131,98.26237549286265,29.402815875796072,87.41277082085556,26.310312074200827,1139,936
-0.5915132991719432,0.4466061883364408,0.4743923126321256,0.3869245629667864,99.16348613905868,29.56534126494162,88.75032178398344,28.449602903810508,1139,936
-0.5931340375786215,0.450211674424957,0.4768567821327992,0.3752887774854911,98.85210046374974,29.237345747593853,89.14673122303053,29.339741453712893,1139,936
-0.5968930789819296,0.42607961762836605,0.48304077828065395,0.3663366611370568,99.15330550474785,30.992837151067754,89.6453992496928,28.859877290682775,1139,936
-0.5902293027221076,0.43870197020504703,0.4855596287056533,0.3631707687487349,100.0043171201677,32.163032734511596,89.8671587959892,29.853084887000882,1139,936
-0.5912620167337119,0.43410525594398264,0.5046960626802427,0.3591147966203222,99.69919175591974,32.62757470944368,89.48252121369647,28.980466409297943,1139,936
-0.5898510722894589,0.4460008990135664,0.48707183108739005,0.37436101853254294,100.09259799794266,31.912353363237052,88.88868310935342,30.05796930839337,1139,936
-0.5931322941615783,0.4310532684680818,0.4912229162826196,0.39961820169758033,99.3508601079656,31.13611305420775,89.5299986094619,30.24105272351186,1139,936
-0.5869590493561845,0.4404353719367958,0.4822911226512683,0.37267887632282476,99.7851122525988,31.60923120313041,89.76694432194326,28.950153459213375,1139,936
-0.5874227106274165,0.45074324894218015,0.4943651905354136,0.3651890703455653,100.24940748992375,32.63785804605906,88.96417067095214,29.35952183699661,1201,936
-0.5923597647291559,0.4530937487940646,0.47975476660144184,0.39964748491332697,99.624552546291,32.456467357901886,89.44956776635533,29.58890129978895,1201,936
-0.5955456081489711,0.46277003817324946,0.4799228193346427,0.3919009043832166,100.12582867231946,32.30502186099126,89.12470508409643,28.751954971763105,1201,936
-0.5924407529566155,0.44857194717302923,0.48415671042932223,0.4059505014644193,100.484828100302,33.14370071410172,89.81106103041401,29.485643538728862,1201,936
-0.5915479965550329,0.456444359982864,0.47633874473114557,0.38774370007760633,100.71966630292299,32.88035759750759,89.47864744973043,30.20060778095132,1201,936
-0.586598513137342,0.4574578409851521,0.48119567854109696,0.3958304405651483,100.49268596535832,32.990024937199536,89.50397077707125,30.733068098108195,1201,936
-0.5923462943923576,0.448046766820555,0.4887645335118069,0.40912529969893635,99.3693799414345,31.32196199874975,89.63097393205416,30.86834332507461,1201,936
-0.5859991641217343,0.45532940634356495,0.4832166841196576,0.39120129472675097,100.8682908608727,33.0885341545561,89.5668202425897,30.362505559963907,1201,936
-0.5895327224686979,0.44923774983323833,0.48240639103188226,0.39354682393940843,100.38405883931613,32.3473018261156,89.21078021550942,30.649032931371437,1201,936
-0.59092045173918,0.46666879620455687,0.47558375733055197,0.3834574376056901,100.51666675465368,32.583449040278595,89.90873158759793,29.812127732382073,1201,936
-0.5896622358482873,0.46670783085812156,0.46995212882215526,0.3740185666154068,100.7177568649943,33.056444424490664,89.18923924573674,29.936957925693445,1201,936
-0.5977891306780452,0.46211420306229467,0.4741358364719541,0.394232864780409,100.05568750601236,31.88616086583231,90.11474745819625,30.01423349699078,1201,936
-0.5988005391678694,0.46205171601939043,0.4757749755974478,0.39481382971424495,99.86404034961944,31.598876462957286,90.36713807532229,30.404912864932793,1201,936
-0.6033949421080461,0.45898841053671846,0.4780715621940255,0.3950921897150413,99.74138759142471,32.69025654294968,91.08109538107963,30.482064892030394,1201,936
-0.5976133133262232,0.4526592767723828,0.4774761771431542,0.40024878438598915,99.8083154719307,32.93188615772124,90.73712138267379,30.428545774122792,1201,936
-0.5950820630412004,0.4557143381508332,0.47113487011012495,0.3942830597532943,100.50430886245941,33.51317366873606,89.2747984695408,30.66968056736813,1201,936
-0.5953602086086301,0.4428871072951818,0.47994677815002174,0.380025024096899,99.36467235938055,33.211571308627,89.9455142085029,30.323114725299053,1263,936
-0.6010629325607388,0.4586252577252596,0.4679575684488784,0.39126258020423965,101.52178972289543,34.49212706931391,90.06045217847092,31.3521471710046,1263,936
-0.5995235513923514,0.43604012275367166,0.4771183661463152,0.39647209313384163,100.724858270218,33.51591579750018,90.02538880526966,30.39156042372679,1263,936
-0.599744091106343,0.4525860658170065,0.4642696605418817,0.39847487834974465,100.64126025539363,33.39392585837827,89.71837321469826,30.098422950159538,1263,936
-0.6004301068663689,0.43013856326323624,0.4839569489431497,0.4048877436169909,96.97295065674508,32.81846527769413,89.31631282190409,28.977796666611834,1263,936
-0.59379907511871,0.4428743368877658,0.4694546927714283,0.4031165676536902,97.0281452853223,32.76048182582034,88.63676792668316,29.833455134184028,1263,936
-0.6053379638625487,0.45439971024501985,0.46904591562373815,0.40015182990196396,99.03547386299603,32.13977890332152,88.81258614252512,29.50479432005059,1263,936
-0.6017821897422235,0.439831807993406,0.4687748083380606,0.3707774748482055,97.44063489212236,32.91377640371988,88.94084949468012,29.214937034530262,1263,936
-0.6093563642419908,0.4444961508882,0.4659569321889219,0.42270029719040886,98.01653793258234,29.654276920184454,88.82074629007666,30.0341713770854,1263,936
-0.6014389829425305,0.4496322919731602,0.4729412274210712,0.3736734726975699,98.0028552372334,33.01786463389489,89.75823702250345,29.689316536080117,1263,936
-0.604712965102753,0.45250361156333924,0.47154464295441734,0.40198441729215106,97.88368292211484,30.096883453755442,88.58514503360702,30.4997402760209,1263,936
-0.6030815965914091,0.4506673739022544,0.47831522369679913,0.39266291980146073,98.4119457218649,31.047552243007456,88.41194701176588,30.40867136404534,1263,936
-0.5992252660109886,0.4569521362606505,0.46670289568184253,0.3916743228586481,99.38150135445274,32.693788543007805,88.46789606111268,30.791942838050687,1263,936
-0.6027478795509179,0.45646651564122714,0.46997582615907935,0.3992742334055837,98.53953057002819,31.905550779033106,88.97459829178841,30.803339485027514,1263,936
-0.6018261241892898,0.4516854003749793,0.4662227918607258,0.3998606768683849,99.25379095660865,33.019992500279216,89.05483525417496,30.79164833873199,1263,936
-0.6035267992258256,0.451996810121642,0.4710482344507448,0.40014600220172813,98.30019375469377,33.25986387157184,89.33494888343388,29.859789927571274,1325,936
-0.6074295664840229,0.4642975587280102,0.4716341424157121,0.4122132676715188,98.55880902205944,30.883127378196928,88.86848985695597,30.75781773678489,1325,936
-0.5984543384184965,0.45825825556891137,0.46338443789121697,0.42843352304651555,98.24579755687452,31.71646680796601,89.66798911398969,31.35595066204816,1325,936
-0.6065489584776176,0.4584596760254526,0.4591400911388545,0.4037286621846473,99.49839354127465,31.48826447380925,90.14494912345384,32.019674622339295,1325,936
-0.6046551082369714,0.4598680879908948,0.4585149008354145,0.41201083548238254,98.59030654785035,29.939519275429067,88.73762404242675,30.185775929151998,1325,936
-0.6046173817941176,0.45676196031273975,0.4640169885652124,0.41930556100997574,99.48634998574884,31.468737165797457,89.40344716909797,31.070890777437672,1325,936
-0.6065810532735976,0.4589821000028685,0.46834187671138033,0.43707481820798016,98.0207834187163,30.104464790606915,88.37675105609421,30.72526858326044,1325,936
-0.5998572351628062,0.46171905857455,0.46233652915738666,0.40104119571249613,98.86461895608562,31.195016528898257,89.57221307818867,29.86071439546729,1325,936
-0.6028372652871821,0.4440723545723534,0.4669985908006181,0.39936185429014504,98.32729912472156,30.638882599227106,88.3378727945412,29.91680779621302,1325,936
-0.606467215016476,0.4531372406295471,0.4566638244135758,0.4171245022655692,99.48859434735795,32.49469188431087,89.00484780384723,30.601544839049208,1325,936
-0.6061536742186439,0.4512069865198471,0.45952273526141574,0.40691758707773407,99.27366138968021,32.52413410570263,88.50489933778314,30.307796921168727,1325,936
-0.6016901067176275,0.45355469686625166,0.4607376010870477,0.40847858856262154,98.76754067238068,31.738243797914542,88.62324601083226,30.62456606776911,1325,936
-0.5997685593110672,0.4537310652474195,0.4648197295809839,0.41430716437324117,98.74271264509484,31.55693400569968,88.56952226677687,30.693884527913685,1325,936
-0.5971789862960677,0.4598087304836347,0.4684869784111306,0.3981097350116189,98.2182729941427,30.619022058782143,89.3345505810525,30.668359617205656,1325,936
-0.5997476915767341,0.45533256926195653,0.4562556428974923,0.4278389980656007,99.62933602519523,30.17652787444336,87.84112850542085,31.24199038171433,1325,936
-0.6019139300707307,0.46361499955895474,0.45101692629413825,0.3867607299237851,99.36660297936879,31.896519652466818,90.03447222370758,29.42884550463899,1387,936
-0.6080002238346326,0.4380756574417145,0.4686556545486506,0.37573005033626716,97.99649370261844,30.063766244190223,88.49632730701076,30.172887812918155,1387,936
-0.606262060609901,0.45458180098114825,0.4570832238608786,0.39076158044583975,98.78570039098692,29.737814036692697,89.3973857603731,30.647072461437105,1387,936
-0.6005162941850424,0.4452106449688445,0.4572776538574874,0.39449643910451093,99.8269340582057,30.76340656727244,89.44246308086211,30.52303901412707,1387,936
-0.615646658964936,0.43831430816233524,0.4612402065376893,0.39385447237797383,98.05027247909024,29.644693567551133,89.77395221685539,30.85603818510363,1387,936
-0.6015535428273568,0.4399352482960035,0.4574384819735825,0.3992269901743696,98.10366372119763,30.88354934975543,89.80254466620282,30.93194886823589,1387,936
-0.622305282753584,0.4296931166669852,0.45264254036641205,0.3846898524866975,97.70427665850771,30.76815804968363,90.51132576946527,28.88327939130399,1387,936
-0.5970305004446501,0.43191153136219024,0.44793210015415263,0.387943206228917,96.56844074373983,30.03020150658486,89.88984991590095,31.56896722344672,1387,936
-0.6193623659342695,0.4452267105999783,0.4520572089620069,0.42151386067098284,98.89938738985818,33.0033609461411,91.80721492658067,29.03333740966098,1387,936
-0.6032914364866327,0.44304984866158037,0.4441494592564293,0.38615726761937863,99.18685641169537,31.197930632496334,89.6288756150441,30.94714317389559,1387,936
-0.6149646868067505,0.4447838602531111,0.43682677692729666,0.40188006275959964,98.16291441885798,31.306712162170005,90.59219653924801,29.71012543390821,1387,936
-0.6030951565131973,0.44235943031986424,0.44463248409605494,0.39327583185137666,97.89625333244402,31.110851216779214,88.88032820198819,31.215056568868206,1450,936
-0.610638813992617,0.44564890375026234,0.44780105364300343,0.42321850079768275,96.61162514594882,30.392978669420657,89.05337848557262,31.059383137536887,1450,936
-0.6051615786445962,0.4636711620656234,0.452079268720139,0.3985371193485308,99.5925182779506,32.54350686394116,90.30463198483636,30.466033493029517,1450,936
-0.6061672017894574,0.4301118016615313,0.4642094620738056,0.39074894800857757,98.1164023602469,31.530088929505855,88.86543198226029,29.853344710489313,1450,936
-0.6053288886877757,0.4609658829039242,0.45100847035587144,0.4004686758420791,97.98628118568291,31.6879725863706,89.55658317463526,30.901303992161388,1450,936
-0.6028509775585903,0.45063969518862373,0.4640371661069012,0.38705907994459393,97.59781296027725,31.2394471625765,90.53327252881752,30.553722141714257,1450,936
-0.6051155027165854,0.4521633591141025,0.4630450197885676,0.39564021529749943,98.54914827566947,31.776252899233288,88.64132021923407,30.28136671669601,1450,936
-0.6047152311933889,0.43847970873634085,0.4660003750808387,0.4013370641906972,96.39781692677722,31.1711945906528,88.892525436544,31.303119911599776,1450,936
-0.6043757945290887,0.45187172445037715,0.4521975486471002,0.3915960106817626,97.35744738914858,31.01167167491069,89.55898184752566,31.783596497802876,1450,936
-0.6035746201457735,0.449028472234906,0.4583159459084985,0.40612407055531896,97.50099315679346,30.665704489552112,90.14274628898633,31.813696970562212,1450,936
-0.6055051561827466,0.46499441005631087,0.4549701347601286,0.39773857884210834,98.61576262888809,31.295768039546044,89.55325545300116,30.960951653156602,1450,936
-0.6050623596646098,0.4594691361443066,0.45464094024654184,0.4232425640744722,96.91002454074648,30.66014622412797,88.5155777197149,32.011556199198736,1450,936
-0.6053607574361376,0.4603122496834557,0.44327786266551455,0.4023827717253012,97.62978112595496,31.02478657845496,89.9295464946885,31.28672143688684,1450,936
-0.6074439853132986,0.45016649590442387,0.4370788785442956,0.3987269063174276,97.37371014372019,30.3161987486878,89.06531038209091,30.650918480429336,1450,936
-0.6161023763119725,0.4413109731223135,0.43218921455390114,0.4036993439592542,97.92415802494793,29.845114762518005,88.97063402470536,30.796247772401784,1450,936
-0.6068990624394556,0.42665040988649494,0.4341539303258882,0.40970370010610635,97.87523245058321,30.15276565745671,88.5084346954897,30.98597089939807,1450,936
