left_ratio_x,right_ratio_x,avg_ratio_x,avg_width,eye_distance,normalized_x,screen_x,screen_y
-0.471169972952339,0.608445194371449,0.06863761070955499,100.58769412765764,242.81601164311363,0.5821812450885773,50,50
-0.4799799442435286,0.6100518538788416,0.06503595481765653,100.78059024227616,243.4848721863526,0.582708477973938,50,50
-0.48231568047287043,0.6060196514323722,0.061851985479750904,99.4615080890867,242.224030473773,0.5840989351272583,50,50
-0.4961874027938897,0.6086941314709072,0.05625336433850878,99.90920095776613,241.3489310977183,0.5850103199481964,50,50
-0.48833546476762274,0.5959729199446742,0.05381872758852571,101.43479886302475,238.81603375671594,0.5863417685031891,50,50
-0.4988976197992779,0.5916105477327256,0.046356463966723854,101.22437116903399,238.3750660156716,0.5874665081501007,50,50
-0.4937704301140304,0.6088247055894983,0.05752713773773396,100.49232454586634,236.84178545156067,0.5890114009380341,50,50
-0.4905145340561162,0.5990920119819734,0.05428873896292857,101.08815581875996,235.3295044723409,0.590492457151413,50,50
-0.48027475754604176,0.6082703589542838,0.06399780070412103,101.40722232567828,234.8676704940638,0.5914484858512878,50,50
-0.480752527734298,0.6052099849119825,0.062228728588842264,100.267698346136,234.90008635812512,0.5927976965904236,50,50
-0.4829607274635026,0.6027410101285849,0.05989014133254117,101.12211789830778,235.02726937838366,0.5937498807907104,50,50
-0.49906107601326455,0.584509948610411,0.0427244362985732,99.75241015970354,234.80569387388434,0.594515323638916,50,50
-0.5033821462110702,0.5837728497837101,0.040195351786319944,100.86573508548977,234.56064032314814,0.5945105254650116,50,50
-0.5018467392719126,0.5925562182268472,0.04535473947746732,100.1907935142439,235.18741552674385,0.5953041613101959,50,50
-0.5188108436992878,0.5727376089226843,0.026963382611698283,100.7611056350602,235.2887900590619,0.5964412689208984,50,50
-0.507318293625011,0.5917902207368245,0.04223596355590675,100.00604170269648,236.00976646887295,0.5967664122581482,50,50
-0.5071289099957956,0.5758262030588258,0.03434864653151509,100.22430128930046,235.09225601749233,0.5976557731628418,50,50
-0.5010050860787604,0.5773630193014195,0.03817896661132958,100.80827651779819,235.50078689363986,0.6026227176189423,221,50
-0.5025102781303628,0.5675230989797411,0.03250641042468916,100.97970150899489,234.9115070708565,0.6030746400356293,221,50
-0.5153399316231675,0.5710626059867536,0.027861337181793067,100.0822002569096,236.62933730451175,0.6033215522766113,221,50
-0.49848055020623266,0.5641002922031965,0.0328098709984819,100.66144582172979,234.84609340592317,0.6040333807468414,221,50
-0.5125880120571547,0.5801602142706558,0.033786101106750566,101.24091720309056,236.13647863860675,0.604040801525116,221,50
-0.5118476036026484,0.5832048986114333,0.03567864750439248,100.85589637826632,236.42690700369445,0.6042942404747009,221,50
-0.512375400462404,0.5860970908160689,0.03686084517683241,101.29326857256669,237.0626607980593,0.6045500934123993,221,50
-0.5128730658856874,0.5764595103394128,0.031793222226862705,101.20161499496837,236.48343663864844,0.6047929227352142,221,50
-0.5200934837262798,0.5785478403317585,0.029227178302739354,100.49068327606787,237.2490492251964,0.6047957539558411,221,50
-0.5148834335649669,0.5749086801396436,0.030012623287338336,101.51408637248238,236.48774306753822,0.6053365468978882,221,50
-0.5082618382925119,0.567755437578105,0.02974679964279653,100.13469416701568,236.33207561382793,0.6056295931339264,221,50
-0.5109119771433231,0.5683973018764539,0.028742662366565364,100.38302896091878,236.65516674522055,0.6055532395839691,221,50
-0.5047832029202534,0.5625702154553376,0.028893506267542113,101.5284065292883,235.80243695968008,0.605534702539444,221,50
-0.5094037679155022,0.5612386680513249,0.025917450067911352,101.09146531607011,236.1729804414202,0.6056555211544037,221,50
-0.5034755368471103,0.5622624022059318,0.029393432679410747,101.06844886826478,236.71281009403845,0.6057282090187073,221,50
-0.5041797947705204,0.5773679800120228,0.036594092620751195,101.69525000666174,237.24486171554472,0.6057538390159607,221,50
-0.5036234500769929,0.5772585368541497,0.0368175433885784,100.96944430951595,237.7138954769761,0.6057412028312683,221,50
-0.5075595085366219,0.5754917899678736,0.03396614071562587,101.85500708618616,237.71492483740062,0.605685830116272,221,50
-0.5102829134783116,0.5581037576002114,0.0239104220609499,101.79091759205352,237.18646818793513,0.6057052910327911,221,50
-0.5076161134220392,0.5857992565025775,0.039091571540269154,100.45771863624307,238.66153020656932,0.6055221855640411,221,50
-0.5056231576261909,0.5839688946102822,0.039172868492045654,100.56133839785083,238.28565538653498,0.6056093871593475,221,50
-0.5083195115950695,0.5759674532547265,0.03382397082982852,100.57115468313182,238.3788349461857,0.6056097149848938,221,50
-0.5053622727924449,0.5831978410094218,0.03891778410848845,101.25396680979108,237.74912148849532,0.6060046851634979,221,50
-0.5055412591892724,0.5750122738080123,0.03473550730936997,101.02392854989273,238.7853507186562,0.6061415374279022,221,50
-0.5135646930808284,0.5745639323933885,0.030499619656280064,100.41676702447123,238.67836946816018,0.6059516370296478,221,50
-0.5151369007232004,0.5690617201790765,0.026962409727938064,100.29491513813036,238.83159617158626,0.606192409992218,221,50
-0.5071198070261482,0.5754549911291191,0.03416759205148545,101.68003564397158,238.17347441516318,0.6062935590744019,221,50
-0.5084286015491163,0.5725767375054595,0.03207406797817158,101.5849670641413,237.67302899580906,0.6062561869621277,221,50
-0.513524017715228,0.584857913014937,0.03566694764985445,101.03960525895313,238.7670710094688,0.606243908405304,221,50
-0.5190976591352711,0.5700856978810633,0.025494019372896137,100.00107960423878,238.57555865008356,0.6060696244239807,221,50
-0.5084520051360768,0.5729158738671009,0.03223193436551203,102.07029248882299,237.56426934409288,0.6064050495624542,221,50
-0.5049087610338859,0.5890355569391669,0.04206339795264047,101.7791572768459,238.370226725105,0.6064943075180054,221,50
-0.5205717792153799,0.5556167954441485,0.017522508114384328,100.99021873674542,239.27600849664907,0.603591650724411,392,50
-0.5272968753863387,0.55321725611811,0.012960190365885638,102.08162054645811,240.7795249300081,0.6034473180770874,392,50
-0.5329023982566865,0.5501808424052387,0.008639222074276087,102.28908860980559,240.06751109970236,0.6028425991535187,392,50
-0.550089648752241,0.5551773371244915,0.0025438441861252437,100.29594481912281,238.40110863445247,0.6021061837673187,392,50
-0.4861279312305883,0.4871197606248386,0.0004959146971251494,104.35178953050809,225.91448900401525,0.6023471653461456,392,50
-0.5355552069311048,0.5162104174373282,-0.009672394746888302,99.0533155087989,231.7392118506297,0.5994197130203247,392,50
-0.5348953744086009,0.5719281735712338,0.018516399581316456,98.98481996077267,236.0823203851817,0.5998814404010773,392,50
-0.5449432085080398,0.5530403911474127,0.004048591319686434,99.28058465374974,238.48515166895538,0.5985589325428009,392,50
-0.5336556457776865,0.5560573349520407,0.011200844587177072,100.68449048986687,239.41857516552216,0.5984216928482056,392,50
-0.5331738014594581,0.5667961812073593,0.016811189873950583,100.42663636958983,240.08417445692314,0.5982232689857483,392,50
-0.5224312319691119,0.5643246630201597,0.020946715525523907,101.00751465434908,239.6142688572264,0.5981109440326691,392,50
-0.5216837380886777,0.5547995017913016,0.016557881851311906,101.19109661743393,239.53208428411796,0.5977783799171448,392,50
-0.5145261897767652,0.5563521894695167,0.020912999846375735,100.51685113984695,238.5316542890091,0.5976976454257965,392,50
-0.5159991644668438,0.5538162730011962,0.018908554267176192,100.17413168322256,238.83863813716974,0.5975999534130096,392,50
-0.531510153510873,0.54872667134097,0.008608258915048461,100.80782507920162,239.06570689987885,0.5974448025226593,392,50
-0.5231825173360378,0.5596100179103274,0.01821375028714478,101.23295182546278,238.5212761812776,0.5976569950580597,392,50
-0.5185098359111797,0.5572772122795784,0.019383688184199332,99.9757950652387,238.21004327612195,0.5976974666118622,392,50
-0.5197467907244551,0.5457128713055407,0.012983040290542813,100.8820621568284,238.19757997080742,0.5977717339992523,392,50
-0.5319558966073361,0.5477622884546149,0.007903195923639417,101.13427126736393,238.4944381391336,0.5978432893753052,392,50
-0.5301504742270493,0.5549905919789533,0.01242005887595199,101.78349271033147,238.6306882649963,0.5982889235019684,392,50
-0.5335438895190158,0.548550844229973,0.007503477355478627,101.14462536886049,237.90182083111975,0.5981906056404114,392,50
-0.5297807504930866,0.5542283441896917,0.012223796848302548,101.79420719044683,239.0281092573488,0.598796159029007,392,50
-0.5343326109251271,0.5522988970338351,0.008983143054353993,101.66839437082214,238.80614722523364,0.5990093946456909,392,50
-0.5312467947355366,0.5651220854336392,0.01693764534905129,101.1738562885846,239.27578066535847,0.5985449850559235,392,50
-0.5263977264634121,0.5648244719481997,0.01921337274239382,102.46035947365276,240.7854806328655,0.597287505865097,392,50
-0.5355794689675877,0.5538248181078795,0.009122674570145928,101.67684714615538,240.26740622294963,0.5960756838321686,392,50
-0.5380707987468372,0.5549311243671964,0.008430162810179609,102.15275076605371,240.0580220239733,0.594941109418869,392,50
-0.529561114846484,0.5590729990411544,0.014755942097335162,100.90251767562685,240.57914256429984,0.5940582156181335,392,50
-0.5500413077628037,0.5329704404071591,-0.00853543367782228,103.2577021181228,239.98348365130394,0.5897787511348724,563,50
-0.554420508848135,0.5333130700603268,-0.010553719393904093,103.78762203656976,239.8228429677542,0.5893078148365021,563,50
-0.5498990020276454,0.5380176532986595,-0.0059406743644929705,102.47363326666087,240.2909827510719,0.5888341069221497,563,50
-0.5535626115967932,0.5380210740711248,-0.007770768762834224,101.36517235695504,240.01936243668607,0.5876653492450714,563,50
-0.5544427782505568,0.5343797953516944,-0.010031491449431162,102.02263370011167,241.06423454554843,0.5871055424213409,563,50
-0.552552862454941,0.5614507392576848,0.004448938401371949,101.39914061652055,242.01323261780823,0.5865687429904938,563,50
-0.5514560210592041,0.548238621973834,-0.0016086995426850548,101.43268392796139,241.9129022928938,0.5859925746917725,563,50
-0.5530048232520371,0.5516503521989897,-0.0006772355265237118,100.75838277567073,241.67047380942722,0.5857536196708679,563,50
-0.5496279302262926,0.5563083009649826,0.0033401853693449945,100.65769999297737,242.28476346328605,0.5858062207698822,563,50
-0.5491044579433537,0.5526970681041463,0.0017963050803962988,100.66352650553799,242.20902336163437,0.585760235786438,563,50
-0.5495662874093964,0.5561297290569248,0.0032817208237642115,101.99998299416005,242.71149169585922,0.585671454668045,563,50
-0.5502724396436988,0.5541292297497905,0.0019283950530458727,100.94453472929445,242.94140509949358,0.5857828557491302,563,50
-0.5470775358753731,0.5483672777565064,0.0006448709405666442,101.08403024343477,243.1871171331572,0.5856791436672211,563,50
-0.5431671007784636,0.5524290524612004,0.004630975841368401,100.51239450371386,242.8935537964548,0.5858225524425507,563,50
-0.5395607458136703,0.5477379909759588,0.00408862258114423,100.83404162007352,243.49574113764277,0.5857716202735901,563,50
-0.5446082024713793,0.5537773875146317,0.004584592521626185,101.20597619348754,242.85179395692487,0.5857883095741272,563,50
-0.5433019009214719,0.5506838454429342,0.0036909722607311735,100.91977466676356,243.04444832464446,0.5856993496417999,563,50
-0.5402993040357273,0.5487451785707549,0.004222937267513771,100.98873469276543,242.51733951980398,0.5855615735054016,563,50
-0.5422322258137261,0.5547562405426204,0.006262007364447153,100.78358946389935,242.77110962742145,0.5853649079799652,563,50
-0.5474647985618075,0.5555559397365415,0.004045570587366987,100.35592037107526,242.1879660368443,0.5850085318088531,563,50
-0.5386347514323131,0.5564044600695215,0.008884854318604196,100.57164775895129,242.26836212170605,0.5848725140094757,563,50
-0.5413832730193454,0.5539514629111032,0.006284094945878893,99.33633318256864,242.2908833607528,0.5848866701126099,563,50
-0.541112007822943,0.5527777817211003,0.005832886949078631,100.69396193230072,242.66728437906642,0.5848065316677094,563,50
-0.5427645065421512,0.5562747812974823,0.006755137377665532,101.2087505599606,242.12538239611533,0.584921807050705,563,50
-0.5405852619788797,0.5553081885498937,0.0073614632855070194,100.47057967896959,242.0315009338642,0.5849601030349731,563,50
-0.5449553009471374,0.5507139356764439,0.0028793173646532444,99.79642312103952,242.55347098727583,0.5847561061382294,563,50
-0.5475541821339771,0.5566135192152319,0.004529668540627418,99.99108212308069,242.3055665547601,0.5845086574554443,563,50
-0.5424326096447107,0.556491877198015,0.007029633776652111,101.42128107087453,242.16888724168865,0.5847903788089752,563,50
-0.5501235239388126,0.5553608110398387,0.0026186435505130556,101.51288986194004,242.23045505536064,0.5850051641464233,563,50
-0.5520971194149831,0.5505072630572925,-0.0007949281788453,101.91235694294322,242.3885222281095,0.5848257541656494,563,50
-0.5441484636436983,0.5492336893689208,0.00254261286261126,101.88050553545924,242.3800734482168,0.5847511291503906,563,50
-0.6198940815916792,0.48736219892572047,-0.06626594133297939,101.88929094996581,243.0958532826087,0.5821938216686249,735,50
-0.5871779649620708,0.4798316623063388,-0.05367315132786599,100.08030052606418,236.78345029125458,0.5818666517734528,735,50
-0.5637170162115446,0.5136189162631215,-0.025049049974211535,103.05330028953558,242.05828930484822,0.5831879675388336,735,50
-0.5838828981892632,0.5214853287204184,-0.03119878473442239,100.56730747137746,242.72119616569222,0.5833876729011536,735,50
-0.5701570998660914,0.5231743060156686,-0.023491396925211405,101.46061728954163,242.4968733561687,0.5832032263278961,735,50
-0.5772982379847669,0.5237809755333013,-0.0267586312257328,100.8175685743532,243.03588253123064,0.5828474462032318,735,50
-0.574596451545901,0.518216415971582,-0.028190017787159516,100.60708413406644,240.92648858384933,0.5829219818115234,735,50
-0.5733322703265905,0.5364793255084974,-0.018426472409046546,101.32345134498465,242.08194553550356,0.5820422470569611,735,50
-0.5859324102284148,0.5295139494268711,-0.028209230400771834,99.20987393493076,241.52988005004312,0.5816807448863983,735,50
-0.5854085313362025,0.5251554904202734,-0.030126520457964545,99.28195901196798,240.6645619553356,0.5821232497692108,735,50
-0.576438580676104,0.5224942159405119,-0.026972182367796027,99.48495682259463,241.40561044766807,0.5820015370845795,735,50
-0.5793398103379573,0.5133804793689183,-0.03297966548451953,101.05776466756473,241.92014999904146,0.5822988152503967,735,50
-0.5858186652149171,0.5197521505404579,-0.033033257337229616,100.53880538363549,242.66050101409942,0.5816972255706787,735,50
-0.5792864945757912,0.512780330149601,-0.033253082213095086,100.57991413037584,243.40237300595123,0.5820916593074799,735,50
-0.5628321274600977,0.5272060013716361,-0.017813063044230804,100.75756310062677,243.110350115649,0.5815406143665314,735,50
-0.5685536857093012,0.5315110376678225,-0.01852132402073936,100.76417051541026,242.57794668751745,0.581507533788681,735,50
-0.5751034374258286,0.5246578180274425,-0.02522280969919305,100.444909531953,241.74272814191207,0.581391304731369,735,50
-0.5697706234269514,0.5270759808097556,-0.0213473213085979,101.02293968730243,242.62791642644703,0.5815942883491516,735,50
-0.5674338500236343,0.5256556301890398,-0.020889109917297255,99.65736817244414,242.80998439333862,0.58140629529953,735,50
-0.5657643697343973,0.5276478955975403,-0.019058237068428463,100.10771364512622,242.08951676924036,0.5811881124973297,735,50
-0.5614671971565858,0.5172335365945585,-0.022116830281013633,101.04560126180806,242.16569356200506,0.5809021890163422,735,50
-0.5590991834363991,0.5165450527095131,-0.021277065363442982,100.69337973082942,240.95571272657781,0.5808634459972382,735,50
-0.5650088761869547,0.5152759723354562,-0.024866451925749267,101.321314782716,241.63710692828482,0.5813683867454529,735,50
-0.5889496644009342,0.5101064185675547,-0.03942162291668977,99.49952295049383,241.0104010413359,0.5805380344390869,906,50
-0.5871780200467697,0.5045393593523968,-0.041319330347186434,101.35353609331698,241.036978232313,0.5805104970932007,906,50
-0.5843504971570906,0.5103712145102233,-0.036989641323433686,99.48570035073439,240.9270085964478,0.5810124278068542,906,50
-0.5828131430647814,0.5145185053323265,-0.03414731886622746,99.6247990147484,240.74586852557937,0.581327348947525,906,50
-0.595035495514033,0.463071574833595,-0.065981960340219,99.47192950702487,230.44838668008163,0.581696629524231,906,50
-0.43967769176005606,0.49739194893689553,0.02885712858841974,102.47098172499264,217.9223885384874,0.5861136019229889,906,50
-0.5910512897551088,0.5128523343274769,-0.039099477713815944,97.36282588589027,239.13542879418458,0.5822993814945221,906,50
-0.5768270021571559,0.5226811281137144,-0.027072937021720755,99.04865387060639,241.32756777815234,0.5821340680122375,906,50
-0.5719917481642757,0.5249067556661913,-0.0235424962490422,99.9226242962616,240.8238645914505,0.5822957754135132,906,50
-0.5697510349849787,0.5085517076699191,-0.030599663657529808,100.3284051069763,240.8603916569263,0.5821243822574615,906,50
-0.5692114266373033,0.5185068053234163,-0.02535231065694349,99.68193827481811,240.4786784644182,0.5820129215717316,906,50
-0.5740409719196614,0.510655182547241,-0.03169289468621023,100.35495023218897,240.31664185545893,0.5816510915756226,906,50
-0.5773539017390472,0.5046761984337511,-0.03633885165264805,100.94292132855853,240.16455849122022,0.5813054144382477,906,50
-0.5756729844490173,0.5115525408852063,-0.032060221781905485,101.2784525926602,239.85208097261986,0.5814076662063599,906,50
-0.5744111994497805,0.5164522362959533,-0.0289794815769136,101.08041024158163,239.905250990459,0.5814534723758698,906,50
-0.572261266154237,0.5206974194402447,-0.02578192335699614,100.57314611286961,240.67930316827375,0.5817073881626129,906,50
-0.5796530680797276,0.5195289531904527,-0.03006205744463747,101.0800878232238,240.3852124741152,0.5815941095352173,906,50
-0.5743808625479452,0.5226626158008998,-0.025859123373522697,101.11879379784891,240.56872341601482,0.581758975982666,906,50
-0.5732673874798984,0.5169522108159137,-0.028157588331992334,100.65366244690672,240.734891507568,0.581892728805542,906,50
-0.5671230394496021,0.5289890910623496,-0.01906697419362624,100.11445166975801,242.51787127956163,0.5821217894554138,906,50
-0.5772073697658929,0.5169553513727405,-0.03012600919657621,100.79732426857055,240.9652914831412,0.5818641483783722,906,50
-0.5729001576198552,0.5156406871544811,-0.02862973523268708,100.25015593234306,241.54150242755472,0.5822855830192566,906,50
-0.576838151644437,0.5109700861462694,-0.0329340327490838,100.24914946242959,240.87301838053813,0.5822714567184448,906,50
-0.5922260438180795,0.48834603098777457,-0.05194000641515248,101.78829838338211,237.40687953065512,0.5746423602104187,1077,50
-0.5930919272946467,0.49479852690936205,-0.049146700192642306,102.73223811849087,237.4064691825478,0.5741286277770996,1077,50
-0.5796192788122256,0.4990938059679186,-0.04026273642215353,102.37299068830382,237.63497095845872,0.5740038156509399,1077,50
-0.580412699119346,0.502498167914424,-0.03895726560246099,102.88223977220719,237.98165616664622,0.574103444814682,1077,50
-0.5811606605152357,0.4998840549096618,-0.04063830280278696,102.60824818239163,238.1220606297646,0.5741243958473206,1077,50
-0.579632597457145,0.5013255649424154,-0.039153516257364795,103.34012109056312,238.77214723598837,0.5742304623126984,1077,50
-0.5774363403413645,0.5003405791255369,-0.03854788060791381,103.71196388052464,238.1980612512984,0.5745245814323425,1077,50
-0.5920124372506893,0.5094369224896215,-0.04128775738053392,101.92329992244363,239.39925257500906,0.5745940506458282,1077,50
-0.5865950030230546,0.4973647078166494,-0.04461514760320259,101.55617466613509,239.35237061645813,0.5747254192829132,1077,50
-0.5864068055992575,0.49559991289319544,-0.045403446353031035,102.37230534117704,239.65794098716975,0.5746557712554932,1077,50
-0.5852619268789129,0.49983352747725995,-0.04271419970082646,103.00630460747621,239.98492012877986,0.5749026536941528,1077,50
-0.5851268926295082,0.5015456987768366,-0.0417905969263358,102.97049272098438,240.19580942249289,0.5751287937164307,1077,50
-0.5923670032048117,0.4942031025222365,-0.04908195034128762,103.70756816603853,240.360276500241,0.5751495957374573,1077,50
-0.5913310088962666,0.5060082928211482,-0.04266135803755916,102.8904026113157,240.40591158750192,0.575427770614624,1077,50
-0.6081395904004302,0.4836041247332818,-0.0622677328335742,102.74336251436287,239.83537328583571,0.5753408074378967,1248,50
-0.6084165775709502,0.47769146659060635,-0.06536255549017195,102.00163791534393,239.68988136671254,0.5753352642059326,1248,50
-0.5991357169043585,0.482286728410393,-0.05842449424698276,102.18860006326913,239.38283032337588,0.574924886226654,1248,50
-0.602642222482076,0.4748101007417934,-0.06391606087014129,101.2892582476616,239.45664487900729,0.5750779807567596,1248,50
-0.5952573592365135,0.4773830882112709,-0.05893713551262128,102.05861318531936,239.60765815458413,0.5749695301055908,1248,50
-0.602976598714761,0.487011623754351,-0.057982487480204986,103.3048768958823,239.31874465866287,0.5752088725566864,1248,50
-0.6085032243021833,0.49570343636883285,-0.05639989396667522,101.97099362718713,238.8837532246892,0.5755717158317566,1248,50
-0.6040953942678053,0.48203454911028554,-0.0610304225787599,103.5289100435551,239.9069351646644,0.5756056308746338,1248,50
-0.6006860206652064,0.4842314910361166,-0.05822726481454488,103.90056947234228,240.00576329292727,0.5757895410060883,1248,50
-0.5984053390147174,0.4902930224451841,-0.05405615828476665,102.79807194948573,240.14488316585155,0.5759736597537994,1248,50
-0.5975002673758483,0.48539770663094517,-0.05605128037245155,103.51421244215271,239.5877308448006,0.5757608711719513,1248,50
-0.6033886725181493,0.49640193791467824,-0.05349336730173554,104.21664535016029,240.74525575055378,0.5761009752750397,1248,50
-0.5974897871257506,0.4950859576268887,-0.05120191474943098,103.23407343550612,239.9990633109038,0.5760340094566345,1248,50
-0.5951984151703896,0.4930903966244198,-0.051054009272984924,104.09288647908267,240.05521781656654,0.5760441720485687,1248,50
-0.49261197050536853,0.5081409388832716,0.007764484188951537,102.84502487978645,226.55387957770225,0.5845029354095459,1420,50
-0.6592620595994976,0.36426643225235694,-0.14749781367357032,101.61335768805412,232.06789343185798,0.5751376152038574,1420,50
-0.6623982403517152,0.44017586394648833,-0.11111118820261345,99.07581155007063,236.38767281627904,0.5755400061607361,1420,50
-0.643237136046454,0.44771582403652255,-0.09776065600496575,100.19957909460484,239.40850267514443,0.5763432681560516,1420,50
-0.6379843799967624,0.44700307261139977,-0.09549065369268131,100.84071450258043,238.97326183621104,0.5761986672878265,1420,50
-0.6375329744202379,0.4543073378701582,-0.09161281827503986,100.91828321285618,239.96473172421526,0.5773387849330902,1420,50
-0.6384981494950608,0.4577946569441698,-0.09035174627544548,101.33040162326637,237.849626035752,0.5771580934524536,1420,50
-0.6434018136403487,0.45518098386177946,-0.0941104148892846,100.4077930134647,238.8847558954241,0.5776759088039398,1420,50
-0.6216608582103267,0.46246570214130067,-0.079597578034513,103.068668733568,238.20596855858946,0.5779038667678833,1420,50
-0.631326643228477,0.4670678103511421,-0.08212941643866745,102.17171433033933,238.37475014947324,0.5779128074645996,1420,50
-0.6387313562297651,0.46480906987167153,-0.08696114317904677,102.05574967473146,239.29715091432413,0.5775130689144135,1420,50
-0.6319362096231275,0.47287159572537146,-0.079532306948878,102.64912607807446,239.53623569727344,0.5768322646617889,1420,50
-0.631351714020797,0.4555850363712461,-0.08788333882477548,102.21179681758485,240.14787160345475,0.5769335627555847,1420,50
-0.6200199570506195,0.46788989041519347,-0.07606503331771303,102.98355358020508,238.1493118878219,0.577403336763382,1420,50
-0.6227824694953981,0.4577516304132419,-0.08251541954107808,102.73529785074743,241.02164392128233,0.5770709216594696,1420,50
-0.6307445707325673,0.45236467420350485,-0.08918994826453122,103.04875367614213,239.03066852710734,0.5771783292293549,1420,50
-0.6364545141067879,0.44519122963465957,-0.09563164223606416,102.45588782909235,241.77889623757608,0.5771367847919464,1420,50
-0.5147557240780374,0.6120582388465073,0.04865125738423498,100.24015095811222,239.00960789899295,0.5914804339408875,50,264
-0.5086219154012834,0.6103208525851133,0.050849468591914915,101.30022731007736,239.24262566835412,0.592049777507782,50,264
-0.5091883556548413,0.6145965740106564,0.05270410917790752,99.97148645162187,238.7796015459594,0.5923962891101837,50,264
-0.4976290071151701,0.6302344316158629,0.0663027122503464,100.20730592178376,239.5223579114715,0.5937845706939697,50,264
-0.48923178707311804,0.6460751754178033,0.07842169417234265,99.8862189874414,238.99498937656682,0.5946408808231354,50,264
-0.48646725494963844,0.6420403549892855,0.07778655001982351,100.46615504201704,237.68673780741733,0.594961017370224,50,264
-0.48511047556858133,0.630740270158392,0.07281489729490531,99.66341890016047,238.10270985594389,0.5951899290084839,50,264
-0.48288438706728176,0.6359958414716412,0.07655572720217974,100.12692922396931,238.3719639505804,0.5955617129802704,50,264
-0.4753482464156137,0.6349145357422892,0.07978314466333775,100.50953514332764,238.62846774581308,0.5959793031215668,50,264
-0.4840995262451598,0.6404924214480011,0.07819644760142067,100.06161711099179,239.3134163961255,0.5965486764907837,50,264
-0.4588859683681446,0.5054608975605186,0.023287464596186996,102.28645058929493,221.7437881141878,0.5920027196407318,50,264
-0.4599086965381441,0.48312107991906805,0.011606191690461981,100.64913397160429,220.1418745307586,0.5910679996013641,50,264
-0.4838737459601489,0.6564573558438771,0.08629180494186409,97.59173188388552,240.33955613063668,0.5971031188964844,50,264
-0.47359377364574395,0.6585444018550296,0.09247531410464283,97.25164169993644,238.3363317686017,0.597648024559021,50,264
-0.49043712090088587,0.6370617048255717,0.0733122919623429,97.67245959233665,241.34856177931826,0.5969826877117157,50,264
-0.4873771290747127,0.6357252970287259,0.07417408397700662,98.18840052545343,238.2089172567773,0.5966458916664124,50,264
-0.4932445372921739,0.6308894392205504,0.06882245096418826,97.41596756472921,240.8587979943097,0.5973339378833771,50,264
-0.4823961862579548,0.6199347770214015,0.06876929538172338,98.59599393858417,239.46384598956865,0.596953958272934,50,264
-0.4920701471655421,0.6242415375109778,0.06608569517271784,98.9237005953457,240.90640223676766,0.5969980657100677,50,264
-0.49795939164475433,0.6278439246605904,0.06494226650791801,99.34977838839626,240.55721189381302,0.596852719783783,50,264
-0.4859798650495142,0.6220708329306844,0.06804548394058513,99.05274032966004,241.6098688984157,0.5976926684379578,50,264
-0.5067368425252496,0.6259399117394334,0.05960153460709189,100.41220227825852,240.0530349328598,0.5968067944049835,50,264
-0.4990692827363784,0.6185562057910892,0.05974346152735538,98.17164100889784,242.06717113355944,0.5978308916091919,50,264
-0.4953682939051307,0.6255215976940528,0.06507665189446105,100.71677979931539,240.26784139850355,0.5974559187889099,50,264
-0.4920570166127367,0.6081913321554516,0.05806715777135746,99.25962365010366,242.12803674836638,0.5982537865638733,50,264
-0.48719509578585984,0.6231272075695821,0.06796605589186111,99.73296402764552,240.8983693292742,0.5975319147109985,50,264
-0.47663695669820644,0.624997024376183,0.07418003383898827,100.13396756566345,241.1845091078027,0.5981464385986328,50,264
-0.48074674561485464,0.6191086328992863,0.06918094364221583,100.32027055264047,241.05965610110366,0.5981686115264893,50,264
-0.4839755265555188,0.6217395874195819,0.06888203043203156,100.23999638304656,240.545126239579,0.5980159044265747,50,264
-0.5139727769046154,0.5910124343885196,0.03851982874195209,99.92161522071915,242.68838165994075,0.5989936292171478,221,264
-0.5079180102279823,0.6078547693952053,0.0499683795836115,101.89932263955616,241.38386019015704,0.5982190370559692,221,264
-0.5158531157768007,0.5900998873857172,0.03712338580445823,99.65382581600711,241.44985535860823,0.5985328257083893,221,264
-0.510935638970233,0.6054738614203641,0.04726911122506555,100.7931324813845,240.38820294026786,0.5981452167034149,221,264
-0.5068315359723579,0.5174782426806642,0.005323353354153182,98.54864115039086,222.70904130767198,0.5965889990329742,221,264
-0.42367805735795433,0.47097589525723477,0.02364891894964022,104.53356673899086,215.92203911340135,0.5957864224910736,221,264
-0.513911140553015,0.6132328321250228,0.04966084578600388,96.5666692431187,237.8980622429857,0.6000772714614868,221,264
-0.5285056296768048,0.5865191674880738,0.029006768905634472,97.70273150208419,238.1316317272824,0.5989074409008026,221,264
-0.5191398213116813,0.5957935512506178,0.038326864969468244,98.25419914236156,240.03497400417587,0.5965524911880493,221,264
-0.501577395691158,0.5847491220266908,0.04158586316776641,99.18364922352947,239.20844348438368,0.5951041877269745,221,264
-0.516730383186687,0.5909945554440382,0.037132086128675634,99.79858578510294,239.9696039637789,0.5955877602100372,221,264
-0.5116677984921953,0.5972424084382527,0.042787304973028684,100.25705426824813,239.32165589986295,0.5963046550750732,221,264
-0.5129495886634485,0.6003099951537639,0.0436802032451577,100.75830161428604,242.10581531830616,0.5978909730911255,221,264
-0.5136912210229169,0.5939204016405646,0.04011459030882386,100.59401036537365,241.4089301120424,0.598488062620163,221,264
-0.5177313930604268,0.6016367219953309,0.04195266446745205,100.52096192796085,242.81144399855285,0.6001072525978088,221,264
-0.5128899163096255,0.5860882450509528,0.03659916437066363,99.39537847379341,242.0877983506367,0.6002136766910553,221,264
-0.5225736390770923,0.5969823272448047,0.0372043440838562,100.53485421573203,243.8916480430327,0.6019216477870941,221,264
-0.5164046043975486,0.5827410072233247,0.03316820141288801,100.08818222780086,241.9138566624806,0.6024026572704315,221,264
-0.5204304106309842,0.6056806604029153,0.04262512488596559,98.2250424631404,241.58560995168165,0.6018878817558289,221,264
-0.5215365081734687,0.6054146750304308,0.04193908342848102,100.39669323425784,241.6232217995856,0.6019743382930756,221,264
-0.5246333930771392,0.59562309875712,0.03549485283999043,99.33448334937873,239.66977232146183,0.6016506850719452,221,264
-0.5309419251535054,0.5930867391984501,0.03107240702247238,99.97987197412569,239.85069188553348,0.6016995906829834,221,264
-0.542988079471823,0.5686114186377416,0.012811669582959262,101.08741211344116,241.40302831186858,0.5999314486980438,392,264
-0.544937682407512,0.5671870085607245,0.011124663076606256,100.96821223363503,240.54305413169217,0.6002240478992462,392,264
-0.5332878518659611,0.57522423499901,0.020968191566524463,99.64150280302567,240.703185736626,0.6015147268772125,392,264
-0.5413402806048314,0.5700180446967004,0.014338882045934476,101.57762578403576,242.21892768922555,0.6015287637710571,392,264
-0.5344076053597426,0.5654010501392602,0.015496722389758799,101.03797068190032,242.98218565093163,0.6016673743724823,392,264
-0.4831173377804135,0.47093263098296273,-0.006092353398725381,102.52372063642824,218.6934647149625,0.5995714068412781,392,264
-0.46382854560308,0.4694113061385657,0.002791380267742838,104.88322251517204,222.00379402054386,0.5990280210971832,392,264
-0.4993505806477144,0.5381424728602705,0.01939594610627804,102.27538306124882,232.18672424176634,0.6006499230861664,392,264
-0.5257369735773084,0.5796617590928805,0.026962392757786058,98.77855445616856,235.80343990799867,0.6000265181064606,392,264
-0.5343781591982033,0.5713675044097952,0.01849467260579596,97.85172645007854,241.03723600307723,0.6009723544120789,392,264
-0.5414172402553447,0.5638540087623192,0.011218384253487257,99.94442298262211,241.0292513675208,0.6011386811733246,392,264
-0.543633120134063,0.5706497290981513,0.013508304482044153,100.9287250814773,240.51754690264735,0.6033240854740143,392,264
-0.5278661000065927,0.5682003164105578,0.02016710820198253,100.60653674472418,241.08881020105716,0.60263392329216,392,264
-0.5353882243895248,0.5728278958646142,0.01871983573754471,99.5607463586506,240.94787201615742,0.6033583879470825,392,264
-0.4641032269139234,0.47538978242749086,0.005643277756783721,101.80545086592355,220.63165058868117,0.6038340330123901,392,264
-0.4505406395035707,0.4904130373643831,0.019936198930406185,104.40058798837194,222.52179182329323,0.6047717332839966,392,264
-0.45380581026254396,0.4871674898392835,0.01668083978836976,100.95046994308669,220.3008281160979,0.6048005521297455,392,264
-0.5285753702879605,0.584963555707078,0.02819409270955875,96.08495949579753,237.72225081171473,0.6069607138633728,392,264
-0.5420517372583407,0.5860441802506705,0.021996221496164925,96.94469524698911,241.2281198723599,0.6063648164272308,392,264
-0.5304428261753316,0.5830187208504668,0.02628794733756762,99.39857781431736,242.96719574576352,0.6057820022106171,392,264
-0.5356128161702713,0.5782158132715458,0.021301498550637232,100.01346499779405,243.2971487937847,0.6054139733314514,392,264
-0.5360126037287066,0.5729811841536456,0.0184842902124695,100.99099457819918,241.17825333743855,0.6039987206459045,392,264
-0.5376162592731475,0.5915201561084199,0.026951948417636207,102.08398880006234,240.1812535001223,0.6014170050621033,392,264
-0.5337067852294607,0.5843357195019542,0.025314467136246743,102.81465555937089,240.6827403432461,0.5985870361328125,392,264
-0.5467567308078602,0.5583873835155324,0.005815326353836081,103.62975473908722,239.6282111712703,0.5852696001529694,563,264
-0.5263112977219991,0.5651322483810077,0.019410475329504295,102.66252461687598,238.84640208701938,0.5826363563537598,563,264
-0.5347135216411856,0.5698251430055845,0.01755581068219947,100.4532283444544,238.59131162010243,0.5798018574714661,563,264
-0.5460491998462106,0.5793847301397349,0.01666776514676216,101.92788418838722,238.54697380819633,0.5775198936462402,563,264
-0.5284658294306128,0.5641319457563891,0.01783305816288816,100.98491907628082,236.71634721123792,0.5775657296180725,563,264
-0.5234454393213231,0.5604739156726207,0.01851423817564879,99.75959318907371,237.51042573532803,0.5785922706127167,563,264
-0.539130363468323,0.571257653138286,0.016063644834981516,99.5344912448963,236.84223847727574,0.5791793763637543,563,264
-0.5313926049061567,0.5685295061960056,0.01856845064492446,100.22799166077996,237.4100168789677,0.5803989171981812,563,264
-0.5487958672858557,0.5651004571448232,0.008152294929483717,100.00787059141675,238.08574856995975,0.5812805891036987,563,264
-0.5385125273566365,0.5658888073835818,0.013688140013472683,98.32581999232667,236.87327434384432,0.5818645358085632,563,264
-0.5410342222539081,0.556758747911087,0.007862262828589484,98.41700480308168,238.0715760205621,0.5830024182796478,563,264
-0.5450099658849723,0.551676586503136,0.0033333103090818494,99.02600445991116,237.45483034638906,0.5839807987213135,563,264
-0.5494651301592153,0.550923106807516,0.0007289883241503592,97.88016617622534,238.71012074114742,0.5850863456726074,563,264
-0.5425984750918753,0.5637796900104323,0.010590607459278478,98.03480754734359,238.05298988348704,0.5863516330718994,563,264
-0.5498030639392544,0.5580068194965341,0.004101877778639851,99.09845393239013,238.25931105226044,0.5869956314563751,563,264
-0.5524729157548454,0.5533945581815518,0.0004608212133532241,99.06440955845282,239.10428615064654,0.5876957774162292,563,264
-0.5388269902603366,0.5389572429065133,6.51263230883048e-05,98.01236552809632,238.2327526009454,0.5895255506038666,563,264
-0.5368898331767903,0.5582260512480967,0.010668109035653184,99.82914292002158,238.73093825727702,0.5898034870624542,563,264
-0.5316922032898904,0.5541202625423326,0.01121402962622109,100.39884245984112,237.9678413663828,0.5902120172977448,563,264
-0.5442842680172003,0.5526788286880172,0.004197280335408449,100.69919167537532,237.4602277620436,0.5901196599006653,563,264
-0.5427508242087458,0.5489111026099532,0.0030801392006037376,99.24459617902168,237.6646523632516,0.590120792388916,563,264
-0.5409159638523585,0.5537423319409617,0.006413184044301579,99.83657368483026,238.51300406638848,0.5904144048690796,563,264
-0.5505813634548605,0.5406552523819403,-0.0049630555364600926,99.32780270279191,238.00832685177272,0.5902615785598755,563,264
-0.5491493194971638,0.5428706429028602,-0.0031393382971517947,99.70967519510883,238.0778376643185,0.590386837720871,563,264
-0.5465083863544787,0.5427902793120101,-0.0018590535212343329,99.7779038818469,237.62708322467216,0.5903427004814148,563,264
-0.5405574355042101,0.5481787560356459,0.0038106602657179134,99.195198670255,238.42574391346304,0.5914419293403625,563,264
-0.5382077635624617,0.5471587399434845,0.004475488190511412,99.60972117719226,238.0304156755979,0.5926681160926819,563,264
-0.5413515218204301,0.5522297062368691,0.005439092208219476,98.82389405634237,238.4739502648516,0.5936451852321625,563,264
-0.5495387479226933,0.5520994120853361,0.0012803320813213892,100.66400901791732,238.11714460164106,0.5938087701797485,563,264
-0.5415498431727757,0.5520542052549889,0.0052521810411066405,100.6719253173976,237.2333982593481,0.5945997536182404,563,264
-0.5683442474530698,0.5259742961943275,-0.02118497562937116,101.23040234029003,238.68609991569815,0.5929196774959564,735,264
-0.5583015398021841,0.47099592086771486,-0.04365280946723463,98.2920514696803,225.73895333883334,0.5922164916992188,735,264
-0.48420500811015244,0.48929910480804784,0.0025470483489477003,101.57256499961179,221.1896623697602,0.5939703583717346,735,264
-0.5964890320627132,0.486997382196553,-0.05474582493308011,101.14084675738502,233.96027462538876,0.5900309085845947,735,264
-0.5835346857348991,0.5489210821112541,-0.01730680181182248,96.80328648205321,236.79228097364572,0.5911120772361755,735,264
-0.5800019432570546,0.5298213600844219,-0.025090291586316316,95.98341236796989,237.2713285433682,0.5917981266975403,735,264
-0.5705733203234057,0.5281149662738343,-0.021229177024785717,98.2708757295501,236.55909395549486,0.5917496085166931,735,264
-0.5672236392301496,0.5287175914971041,-0.019253023866522778,99.1412510684082,238.20131008683498,0.5922201871871948,735,264
-0.567387912990052,0.5293017642742718,-0.0190430743578901,97.45186477329082,238.61128355533296,0.5930045247077942,735,264
-0.5819451317552654,0.5297166864622275,-0.02611422264651897,96.74698784581645,238.8730371305398,0.5940829217433929,735,264
-0.5705599794896925,0.5272977575537815,-0.021631110967955502,97.89372289068515,238.64805911335347,0.5946406424045563,735,264
-0.5798608374722571,0.5248152034890713,-0.027522816991592924,98.24716577930784,238.47632762094867,0.5952998399734497,735,264
-0.5760330417995967,0.5178297775931924,-0.029101632103202157,99.00943277603145,239.07417410716764,0.5956591367721558,735,264
-0.5704978671061779,0.5324821173599825,-0.019007874873097685,99.09258172415295,240.31711242605206,0.5963874459266663,735,264
-0.5653705524965237,0.524539097568814,-0.020415727463854838,99.13192873324968,240.5009667211848,0.596637636423111,735,264
-0.5793175283330482,0.5274813816622532,-0.025918073335397473,99.50345420464208,241.70920035729455,0.5975954830646515,735,264
-0.5820079034907788,0.5220986325309582,-0.029954635479910285,99.96828905511884,241.58561957146983,0.5976700782775879,735,264
-0.5863170202670235,0.5103102979818054,-0.03800336114260905,101.14347929635176,241.09887984851355,0.5978048145771027,735,264
-0.5743567405596129,0.5261907779189652,-0.024082981320323882,100.14715305858687,242.1003876750916,0.5982650220394135,735,264
-0.5742296221061637,0.5154873561339535,-0.02937113298610511,100.14704936802922,241.60858935694375,0.5978726744651794,735,264
-0.5857737497054187,0.5204164590391817,-0.03267864533311854,99.99239119143795,241.06202983016198,0.5983345210552216,735,264
-0.574791218289755,0.5149524694776734,-0.02991937440604081,99.8144885728649,240.43409750008598,0.5982023477554321,735,264
-0.5900545104599133,0.5275871806612491,-0.031233664899332103,99.95035279196259,240.59233223620186,0.5988083183765411,735,264
-0.5889750376574059,0.5207630851916447,-0.034105976232880586,100.6427450339763,241.4438927432667,0.599028468132019,735,264
-0.5820389719544338,0.5188570071126077,-0.031590982420913016,100.3550289192643,241.86639636887398,0.5994847118854523,735,264
-0.5886538064966503,0.5210655133705466,-0.03379414656305185,101.02253846941495,241.64014714315664,0.599632203578949,735,264
-0.5883589418714616,0.5178832322184586,-0.03523785482650155,101.20053267459534,241.07210450957984,0.6005286574363708,735,264
-0.5922115336747436,0.5200043855241205,-0.036103574075311506,99.84742840312438,240.73629089140385,0.6011419594287872,735,264
-0.583590851974385,0.5162603530129461,-0.03366524948071942,101.4820777722623,241.9016831472179,0.6012158989906311,735,264
-0.5909111189180721,0.5155737726562528,-0.03766867313090966,100.4961660706307,240.6883891460146,0.6014818847179413,735,264
-0.5881001018719513,0.5147472300817435,-0.03667643589510389,101.17010605998249,241.25935439451274,0.6017471849918365,735,264
-0.5752197599425667,0.5004675362574932,-0.03737611184253675,100.38105648771833,241.93069581988576,0.6023468971252441,906,264
-0.5871351303679984,0.4981177607813239,-0.04450868479333722,100.7219816637034,241.90377743667727,0.6026780903339386,906,264
-0.5839213681434746,0.498976074012115,-0.0424726470656798,101.30533137315558,242.92522971898651,0.6025182008743286,906,264
-0.5886268181127757,0.4977705054149217,-0.045428156348927023,101.53481614887525,242.79656275486147,0.6028279066085815,906,264
-0.6034533376015505,0.49242387598817716,-0.055514730806686674,96.94125704999108,236.23269887371046,0.6020630300045013,906,264
-0.4655385769142155,0.491013101155816,0.01273726212080023,103.1643901035078,222.64193453601288,0.606433779001236,906,264
-0.45931094763978775,0.5180503695082068,0.029369710934209536,106.38324428864712,226.18037387975542,0.6068159341812134,906,264
-0.6168080568129337,0.46111916571790645,-0.07784444554751363,102.04008251348867,236.07345270944063,0.6009279787540436,906,264
-0.5968403415928071,0.5030914456916542,-0.04687444795057644,97.17912972799695,238.0741883279883,0.6011212766170502,906,264
-0.5905483103898366,0.5061703066738417,-0.042189001857997455,98.06423222092894,240.5441826104916,0.6021286845207214,906,264
-0.5820503940913848,0.5072734598601888,-0.03738846711559801,100.46534110713972,242.1784950779367,0.6022859513759613,906,264
-0.582837389883495,0.5022009467948274,-0.04031822154433379,100.52804069305778,241.75186196401737,0.6020426154136658,906,264
-0.5756156640562021,0.5106208753996064,-0.032497394328297846,100.93308151284931,241.8461970353349,0.6018856465816498,906,264
-0.5912201930591549,0.4959943219450957,-0.047612935557029584,101.6606782235573,241.60870851395052,0.6018239557743073,906,264
-0.5826338475689252,0.5052119615879018,-0.0387109429905117,100.74346209962046,242.43228749730767,0.6017289459705353,906,264
-0.5802034587264887,0.5058095936526098,-0.03719693253693945,101.02957902134602,242.40080197844696,0.601746529340744,906,264
-0.579182804557995,0.49493869457448747,-0.042122054991753755,100.0766666437319,242.78626721068184,0.602181077003479,906,264
-0.5821537871503768,0.5019627962221479,-0.04009549546411445,102.08254726931595,241.5934638194555,0.6029443442821503,906,264
-0.5822576270417948,0.49522250764227443,-0.043517559699760205,101.22831228370543,242.3567518643544,0.6034961044788361,906,264
-0.5736119778148675,0.5028893366208756,-0.03536132059699593,99.87108578762324,241.99882783890388,0.6040202081203461,906,264
-0.5755523030890822,0.49971408135883755,-0.03791911086512234,102.13921595721933,241.51536920541386,0.6040425598621368,906,264
-0.5810591127638407,0.5025402741585294,-0.03925941930265564,99.75136834961694,241.51279814827828,0.6045623421669006,906,264
-0.576984021859016,0.49973796640009954,-0.03862302772945822,100.17338303597285,243.18832457290418,0.6043686270713806,906,264
-0.5859529628201616,0.5052656707374712,-0.040343646041345216,100.70936612176278,241.15823357487258,0.6046043634414673,906,264
-0.5760149819813113,0.5136230336645081,-0.031195974158401585,100.94927412471026,243.50574107358412,0.6044910848140717,906,264
-0.5729456665589154,0.5029955127266204,-0.03497507691614754,101.00876324706587,241.72973621849061,0.6042095422744751,906,264
-0.5748598190231327,0.5061630375687948,-0.03434839072716894,100.2720306049674,242.35548314660463,0.6035613119602203,906,264
-0.5805674826343461,0.4991404395711188,-0.040713521531613645,100.58981696907459,241.9266077111051,0.6026353240013123,906,264
-0.6037190774828491,0.4938264515113004,-0.054946312985774376,99.8348830696946,241.0920055350474,0.5989076197147369,1077,264
-0.603887234610097,0.48742961954637926,-0.058228807531858856,100.40590100520566,241.94659386861852,0.5988873839378357,1077,264
-0.6034553889796139,0.48806487071764926,-0.057695259130982335,99.67294389118165,241.61266089892413,0.5987914204597473,1077,264
-0.5985667301048332,0.4853374897824626,-0.05661462016118529,101.72293342055139,242.06170014406817,0.5989324450492859,1077,264
-0.5951824166192577,0.4862824513983512,-0.05444998261045328,100.04334347807075,241.3465002289896,0.5986493527889252,1077,264
-0.5890735578770133,0.48891531750769446,-0.05007912018465943,101.63534234181894,242.33750847349344,0.5987319648265839,1077,264
-0.6024804233652878,0.49585966537955106,-0.05331037899286839,101.82104893564758,242.15097037224007,0.5989077389240265,1077,264
-0.5901167228807559,0.49212069668066505,-0.04899801310004542,102.50181379731144,242.45834692746323,0.5988625586032867,1077,264
-0.5906876365655878,0.4930309853482,-0.04882832560869388,102.38084063914373,242.59312383040606,0.5990235805511475,1077,264
-0.5903978842130291,0.49078326662924227,-0.04980730879189341,102.2478286781101,242.81686335995897,0.5990577340126038,1077,264
-0.5856227826485398,0.4931522399431306,-0.04623527135270461,102.3377330547182,242.65463763225364,0.5990267992019653,1077,264
-0.5853000171228377,0.4945777815065265,-0.04536111780815563,102.0226729512047,242.82604176895606,0.5990462899208069,1077,264
-0.5900409967503172,0.4881175287822341,-0.05096173398404155,102.09970120417037,242.5068967764238,0.5989760160446167,1077,264
-0.5946433012526516,0.4913100996779473,-0.05166660078735216,101.45934748199728,241.93107117670792,0.599004328250885,1077,264
-0.5851355798339785,0.4896438188746075,-0.047745880479685476,101.83475184069349,242.60833987837242,0.5989636182785034,1077,264
-0.59567880294502,0.4824853687651235,-0.056596717089948234,100.93110981279698,241.54539653282956,0.5989154577255249,1077,264
-0.5810226533375847,0.49337737260628745,-0.043822640365648646,101.60414209557514,243.1787147230408,0.5992012023925781,1077,264
-0.5764400720054642,0.4854629055961065,-0.045488583204678856,101.7619307290441,242.43955993954523,0.5991307199001312,1077,264
-0.5799536636022962,0.49408649508344826,-0.04293358425942395,101.71621316587105,243.07983528534785,0.5993006229400635,1077,264
-0.5760104072629466,0.4982342672419868,-0.03888807001047992,102.90284688813492,243.18722852598404,0.5992611348628998,1077,264
-0.5714960149813523,0.4949097946567313,-0.03829311016231049,102.32225553258556,243.44424734765025,0.5993428528308868,1077,264
-0.5750498895961048,0.49070985556749225,-0.04217001701430628,102.13020709345335,243.47566496949972,0.599399745464325,1077,264
-0.5723567718663336,0.4994157194369961,-0.03647052621466876,102.45486210319014,243.61753402468705,0.5992678105831146,1077,264
-0.5712327740989104,0.4943872185127047,-0.03842277779310285,102.80315513830479,242.92048401714052,0.5994680225849152,1077,264
-0.5990939353614132,0.4913625779555294,-0.0538656787029419,102.00423823095454,242.4762952919302,0.599922776222229,1077,264
-0.5966972047321851,0.5015398799009885,-0.04757866241559833,102.56986142828045,242.6066426220905,0.6001026928424835,1077,264
-0.6073380810349819,0.5001839735469816,-0.053577053744000125,101.71714077135577,242.22973900507284,0.6008206903934479,1077,264
-0.60677460256954,0.497946292068251,-0.0544141552506445,102.41347964853766,242.45085221746464,0.6012697815895081,1077,264
-0.6015494961122283,0.5016307819558095,-0.04995935707820942,102.11246258834075,242.6739902736804,0.6018226444721222,1077,264
-0.5950830722672994,0.5012587219997124,-0.04691217513379348,102.30479981185363,242.27947697286686,0.6019809544086456,1077,264
-0.6091646178513975,0.4896791384847819,-0.059742739683307816,101.02066795141866,240.88221042219695,0.602372944355011,1077,264
-0.6019479644438995,0.4942762853937836,-0.053835839525057966,101.18828867959354,242.2929470447618,0.6025344729423523,1077,264
-0.60184369418631,0.4804707013671468,-0.0606864964095816,101.63378210013991,241.4744070720245,0.6029613614082336,1077,264
-0.6594701984447865,0.46490118324449126,-0.09728450760014762,102.15965299261012,238.57964939773677,0.6021603345870972,1248,264
-0.6446893147306785,0.434916113032202,-0.10488660084923823,99.2671851507079,234.40349412774532,0.5992529690265656,1248,264
-0.6263302687379025,0.47119761804259563,-0.07756632534765345,98.73893058663134,237.32186934896396,0.5999325811862946,1248,264
-0.6358690194221965,0.43354992756782,-0.10115954592718826,101.25285236815893,236.0324143630212,0.5987842977046967,1248,264
-0.6308665057895063,0.4587873481701411,-0.0860395788096826,99.79840841858143,238.6980298113268,0.5998387932777405,1248,264
-0.6168215737320627,0.4671891570097093,-0.0748162083611767,100.17357808032048,240.28811786855334,0.5998341739177704,1248,264
-0.6256096049888126,0.4519607644043335,-0.08682442029223952,99.21239930833885,238.95987544713435,0.5998177528381348,1248,264
-0.6126591254774577,0.4525664896328168,-0.08004631792232045,100.29364820277598,239.35996349600288,0.6000723540782928,1248,264
-0.6190315735946947,0.4548799746512231,-0.08207579947173582,101.17396960777128,238.96291751529228,0.6001739799976349,1248,264
-0.6122917694164407,0.45147631655459236,-0.08040772643092417,100.25945030130202,240.36968730146162,0.6008169054985046,1248,264
-0.6081422729400654,0.4509740686974048,-0.0785841021213303,100.72826133300961,240.23224056322974,0.600627988576889,1248,264
-0.6263763474670795,0.4560495200937118,-0.08516341368668384,102.0636222538458,239.36069655960733,0.600509375333786,1248,264
-0.6189315092082522,0.45306610899945937,-0.08293270010439643,100.13565302431167,240.70147021473602,0.6012026071548462,1248,264
-0.6246666882294353,0.45468496762503896,-0.08499086030219816,100.16840320741824,240.65357506456877,0.6008140444755554,1248,264
-0.5994415834613619,0.45675674810594763,-0.07134241767770713,101.14292033446665,241.43163449972837,0.6008814573287964,1248,264
-0.6193075196046959,0.46431751981223507,-0.0774949998962304,100.65954732113637,240.62319945495085,0.6012146770954132,1248,264
-0.6063142382449531,0.45886383098417133,-0.0737252036303909,101.3449129189948,240.97231525102532,0.6008678078651428,1248,264
-0.6159161878940171,0.4726493328673952,-0.07163342751331098,102.24941681093497,239.88798741433638,0.6006219387054443,1248,264
-0.6133666166160499,0.46077895732106966,-0.0762938296474901,101.31518667563478,241.02395760327337,0.6006417870521545,1248,264
-0.6229039018825425,0.46617477462799245,-0.07836456362727504,101.47512736575032,239.27492287385542,0.6007277071475983,1248,264
-0.625593627965626,0.44284785316420594,-0.09137288740071003,100.9636950400945,240.90001554214393,0.6004936695098877,1248,264
-0.6103531879738392,0.4572620692500535,-0.07654555936189283,102.52796243130774,237.93808369011086,0.5999276340007782,1248,264
-0.6257077010675789,0.4592696820568556,-0.08321900950536165,101.61120877445893,241.24089833384488,0.6005951166152954,1248,264
-0.7066466850343367,0.4268421660138852,-0.13990225951022575,100.22562008923369,238.4780934728702,0.5988969206809998,1420,264
-0.6488048139547725,0.4370968119312275,-0.1058540010117725,99.30130705497498,236.6859302999662,0.5994296073913574,1420,264
-0.6436961505025808,0.4365003328748334,-0.10359790881387368,99.20365901355268,237.01134511067497,0.5996843874454498,1420,264
-0.6450995310520021,0.4250555741699885,-0.1100219784410068,100.45553523787027,237.27695080196753,0.599569708108902,1420,264
-0.6484617300666236,0.43545492921262846,-0.10650340042699755,100.74067138032072,238.67877078518188,0.6000500619411469,1420,264
-0.6483797123504008,0.44034313397105995,-0.10401828918967043,100.62204315475839,239.02613145171964,0.6001442670822144,1420,264
-0.6413172598497631,0.436119236982146,-0.10259901143380853,100.52171702172683,238.94675358046928,0.5999550223350525,1420,264
-0.6435004503575178,0.42632292739286604,-0.10858876148232588,101.71646076522053,237.5009776957951,0.5994681715965271,1420,264
-0.6298826558766629,0.4323647305222101,-0.09875896267722642,103.4122703786413,237.3901769443327,0.5988234579563141,1420,264
-0.6470021803577238,0.42629469172555773,-0.11035374431608305,102.08979540523968,237.35977277401034,0.5983098745346069,1420,264
-0.6380218936656691,0.433947102906764,-0.10203739537945253,103.5014535909107,237.21841897767587,0.5979316830635071,1420,264
-0.6180132296238202,0.43998584925902623,-0.08901369018239699,103.02647652233264,237.59943438920217,0.5972150564193726,1420,264
-0.6205702408757756,0.42438459014519525,-0.09809282536529018,101.39635754559336,239.8383643504981,0.5968919694423676,1420,264
-0.6423877712893147,0.44150179028071856,-0.10044299050429806,102.40048783133744,238.78638209457228,0.596497505903244,1420,264
-0.6265219410999427,0.4262434280082721,-0.10013925654583533,101.35190102580145,239.49026472579644,0.5964727699756622,1420,264
-0.6224045222377836,0.4372636677401871,-0.09257042724879827,102.85539131341551,239.209087148017,0.5953706502914429,1420,264
-0.6215406938874206,0.4280458754906006,-0.09674740919841002,102.54534584415725,239.8331322763741,0.5950473845005035,1420,264
-0.6248884133673736,0.4464312024918613,-0.08922860543775613,102.79032071821038,238.098371911657,0.5946105420589447,1420,264
-0.6229528920477531,0.43239551552472577,-0.09527868826151364,103.4392093737919,238.977628640546,0.5938805341720581,1420,264
-0.615603606330125,0.42884229204468877,-0.09338065714271812,101.85672635537364,239.44295174449297,0.5929742455482483,1420,264
-0.6270128057899017,0.42609288965234965,-0.10045995806877603,100.72012567280626,237.8035141173088,0.591857373714447,1420,264
-0.6235529512830617,0.4257799080386394,-0.09888652162221112,102.01259655338194,238.65060430056903,0.5900570750236511,1420,264
-0.6254642922441392,0.4179681940555984,-0.10374804909427043,101.09490928712638,238.40201587414214,0.588589072227478,1420,264
-0.511735610905751,0.5938268393500322,0.04104561422214059,100.15786598605258,240.86866322210255,0.6020968854427338,50,478
-0.49930678606715695,0.609163849609294,0.054928531771068545,100.09850068995185,239.06408278658287,0.6037165820598602,50,478
-0.5049384390015895,0.5995145044692899,0.04728803273385018,99.42089139798217,239.32209097115623,0.6037499904632568,50,478
-0.513288400026719,0.5842221991767361,0.03546689957500854,100.18823185686628,239.6498293376596,0.603805661201477,50,478
-0.5113709786094031,0.6093614838682442,0.04899525262942056,97.90487615784012,239.55375379359486,0.6042176783084869,50,478
-0.5121390632082906,0.5898435655384855,0.03885225116509744,100.53530153593705,241.46977032840724,0.6034000813961029,50,478
-0.49955704373338666,0.6013469364740927,0.050894946370352995,100.45556419091568,242.33225327636072,0.603243499994278,50,478
-0.513710178708054,0.5905498405775692,0.03841983093475759,98.4255719095013,237.79960889666322,0.602323442697525,50,478
-0.4520359822550562,0.4897584675370065,0.018861242640975162,104.20216830062196,221.84393956881837,0.5979345440864563,50,478
-0.45713540808859654,0.4976214218311528,0.02024300687127814,106.32239072744963,223.91930512578813,0.5980437397956848,50,478
-0.4673176817568346,0.5921027245586447,0.06239252140090504,103.79892719498437,233.76688582484397,0.6009964644908905,50,478
-0.4914139337114243,0.60090915887552,0.054747612582047855,97.19602044249027,236.26743526660547,0.6008540689945221,50,478
-0.5087325679615334,0.6125817374381933,0.05192458473832995,95.4623094755689,238.56344777803668,0.6004404425621033,50,478
-0.4973912162819546,0.605298629435664,0.05395370657685472,97.31004975522711,240.3780993668415,0.6010020971298218,50,478
-0.5050486296008324,0.6085623689291153,0.05175686966414145,97.43372947426172,240.64329247351367,0.6003043353557587,50,478
-0.5040994416434722,0.614793508674813,0.055347033515670385,98.26091921041126,241.62356980716788,0.6010193526744843,50,478
-0.510891436282849,0.6089068488825429,0.04900770629984691,97.4074517815942,239.1158423350412,0.6009149253368378,50,478
-0.5184200428039856,0.6055842588936147,0.04358210804481455,99.22777828874413,240.71390072385043,0.6011005640029907,50,478
-0.5128039086469499,0.5950031505842406,0.041099620968645334,97.75362917460826,238.25533303638613,0.6012779474258423,50,478
-0.508280286351053,0.599266320540167,0.045493017094557,99.0164145386903,240.90465149551477,0.6020564138889313,50,478
-0.49954134936409766,0.6141686236975671,0.05731363716673471,97.88580076263861,237.98252843218842,0.6023520231246948,50,478
-0.5144999319532119,0.5951607451230714,0.04033040658492976,98.21369795733821,240.5687059476611,0.6022512912750244,50,478
-0.5127978197403522,0.5969945685595924,0.04209837440962011,98.4170094532472,238.4453423469352,0.6019227504730225,50,478
-0.5026558049574361,0.6086533198649811,0.05299875745377247,99.74847327070538,241.61275773571398,0.6024295091629028,50,478
-0.5036778040850598,0.6190837962728536,0.0577029960938969,98.5122484900321,239.79200211413183,0.6025103032588959,50,478
-0.5023289607315611,0.5991606645159896,0.04841585189221426,99.45572178804547,240.5189731871801,0.6027456223964691,50,478
-0.5203762125704581,0.6038583652457639,0.041741076337652894,99.37138353524401,240.88929497509602,0.6025359034538269,50,478
-0.5054907098605302,0.6130351346100157,0.05377221237474272,98.95185467559034,241.4854162777,0.6029136776924133,50,478
-0.5069764241906503,0.6152992586395158,0.054161417224432795,100.12380966393914,241.37545056637444,0.6029863953590393,50,478
-0.5059324207986011,0.6137849960874904,0.053926287644444626,98.34996448102959,240.0213338350035,0.6028358936309814,50,478
-0.5170736494798119,0.6075918661525969,0.04525910833639246,100.41395145905543,241.0033368324733,0.6030353605747223,50,478
-0.5069508957375868,0.600024645077359,0.0465368746698861,98.2166213571707,238.95538411573185,0.602864533662796,50,478
-0.5243088194111903,0.5689249258541248,0.022308053221467228,100.16294513473247,240.2638926133128,0.6020505726337433,221,478
-0.5291301431382289,0.5726326972753087,0.02175127706853991,99.79257401635721,240.65433405922664,0.6024589240550995,221,478
-0.525350982243012,0.5789292988388263,0.026789158297907123,101.21993471492883,242.00063878501942,0.602632999420166,221,478
-0.5282521880416899,0.5861767451848011,0.02896227857155559,101.23810209346632,244.13683385436417,0.6034640073776245,221,478
-0.5305180454899237,0.5845994523336926,0.02704070342188447,100.39311587073212,242.44173016074274,0.6030919849872589,221,478
-0.5308783005460146,0.5709859290673694,0.020053814260677427,100.29349100828568,242.98246135827034,0.6035858988761902,221,478
-0.5373435747290521,0.5783999660762409,0.020528195673594374,99.9079485214163,242.54402823141223,0.6037593185901642,221,478
-0.5283462696934761,0.5774355915128718,0.02454466090969787,101.18072160241718,242.79123044045096,0.6034987568855286,221,478
-0.5258126173327042,0.5701090995379569,0.02214824110262631,101.11977085786728,242.54095130939058,0.6035110354423523,221,478
-0.5351386680999981,0.5820286830007578,0.023445007450379862,100.99869934384593,241.64986396311076,0.6031556129455566,221,478
-0.5268070834612248,0.5919423675965161,0.03256764206764562,101.52356030424586,243.61176261782938,0.6039450466632843,221,478
-0.530942550172444,0.5753103292526497,0.022183889540102864,100.20727160307875,240.74118235938013,0.6031499207019806,221,478
-0.5383935822642225,0.5721559937171301,0.016881205726453796,101.07558828062898,243.3868078698424,0.603961169719696,221,478
-0.5363465056266038,0.5774030145476323,0.02052825446051426,101.15182305579924,243.0903382461954,0.6039616465568542,221,478
-0.5345355660776676,0.5670076321741175,0.016236033048224963,101.37998111609016,243.13138641912764,0.6040398180484772,221,478
-0.5332499704755223,0.5779852875994113,0.022367658561944503,101.24394161129743,243.1268064075382,0.6040316522121429,221,478
-0.53714345234446,0.5732687262169186,0.01806263693622928,100.82933044008333,242.3965368038041,0.6041575372219086,221,478
-0.5401706114876224,0.5755062502620978,0.017667819387237715,100.73622589082319,242.64940152594025,0.6040160357952118,221,478
-0.5346028128522065,0.5719113137968157,0.018654250472304623,100.7085284793981,243.29101537736094,0.6041881442070007,221,478
-0.5346298967971129,0.5714252918325253,0.018397697517706202,100.29815106787326,242.86720348440247,0.6042376756668091,221,478
-0.5351792440993237,0.573201933277156,0.019011344588916124,101.04346553675548,243.10033353127403,0.6042940616607666,221,478
-0.5309861075098108,0.5769459822887777,0.02297993738948345,101.6923623372432,243.0278732375975,0.6041610538959503,221,478
-0.5268941885721762,0.5723953483536949,0.022750579890759348,101.1376510382315,243.44520646646615,0.6041498482227325,221,478
-0.5165611850479507,0.5681001092163249,0.025769462084187122,99.35582693360422,241.4999240612198,0.6038547158241272,221,478
-0.5273194913826139,0.5813241437407907,0.027002326179088376,100.7301403066418,241.2940371274638,0.6040182113647461,221,478
-0.5229485297100472,0.5871772976366252,0.03211438396328897,101.15096585997426,241.66238357164863,0.6038724780082703,221,478
-0.5270594829534782,0.5904836062783559,0.031712061662438895,100.95757481589858,243.38210669402034,0.6039046943187714,221,478
-0.5310339013863441,0.5776562522486105,0.023311175431133202,100.5820259494362,241.3388186300161,0.6037756502628326,221,478
-0.5226272877824603,0.581852653367531,0.029612682792535372,100.76680378654414,243.03648260875673,0.6040082573890686,221,478
-0.5289033735492794,0.5873900693078606,0.029243347879290615,101.95260524378708,241.42372711663555,0.6034621596336365,221,478
-0.5277184062086171,0.5919862488681578,0.03213392132977033,101.8968211936814,242.0707767711151,0.6036911308765411,221,478
-0.5306674221150289,0.5864395917272508,0.027886084806110933,100.99127169989004,241.16287031672604,0.6033529043197632,221,478
-0.5132917194281924,0.5748052099176156,0.030756745244711614,101.63936233133336,241.9034185372273,0.6042638123035431,221,478
-0.5381826936580769,0.5668075044779347,0.014312405409928897,98.91750042259801,240.7119487757563,0.6036019325256348,221,478
-0.5304616979403208,0.5397665433012718,0.004652422680475499,101.4262770786651,241.06657143882967,0.6007818877696991,392,478
-0.534175597007345,0.5426679116298879,0.004246157311271481,102.37536097416415,241.5693557149884,0.6008226275444031,392,478
-0.5214709613275428,0.5415346625827706,0.010031850627613914,101.92244173030181,239.67942732610595,0.6008813083171844,392,478
-0.53496878906913,0.5417465236548804,0.003388867292875186,102.4588509135479,241.28178564099647,0.6008602380752563,392,478
-0.5221696044755908,0.5389780125624721,0.008404204043440666,102.16147573504952,240.88258210111186,0.6008499264717102,392,478
-0.5354377938260335,0.5444192051603958,0.004490705667181127,102.35015534367813,241.54478308161794,0.6009742915630341,392,478
-0.5537682936367997,0.5558879511908267,0.001059828777013494,97.1468801270659,237.67055191372,0.6007156670093536,392,478
-0.4555242673984956,0.5145280467486522,0.029501889675078274,102.67697295278057,225.459140762179,0.6019335687160492,392,478
-0.4961372418181322,0.5771101835650513,0.04048647087345955,103.5557116097453,240.37422879617043,0.6032902300357819,392,478
-0.5359117559587907,0.5781457494818535,0.021116996761531392,99.76974982375702,242.65861407364056,0.6018172204494476,392,478
-0.5391950128452533,0.5647753269942446,0.012790157074495656,94.9690707704207,238.33301230911337,0.6015101671218872,392,478
-0.544210320305238,0.5594561479023716,0.007622913798566833,97.86330334904727,239.98846591594253,0.6015821099281311,392,478
-0.5466779956696391,0.5527658115442478,0.003043907937304302,98.99901899062961,241.03790449093628,0.6015571057796478,392,478
-0.5411783640049939,0.5540822189730943,0.006451927484050213,100.74072351310136,240.46129520518318,0.6021157801151276,392,478
-0.5343621753107028,0.5627386991574902,0.014188261923393675,101.31463598796802,240.61862084919858,0.6023455560207367,392,478
-0.5384783207681173,0.5576513779766414,0.009586528604262068,100.77047849143744,242.4147481848552,0.6021862328052521,392,478
-0.5366762654643447,0.5590428683574684,0.011183301446561877,101.07732115593001,241.81898010089643,0.6024130582809448,392,478
-0.5316839027168848,0.5643560398188426,0.01633606855097891,101.15955196497963,241.216933557351,0.6023991107940674,392,478
-0.5399813321983541,0.5589510025598725,0.00948483518075921,99.80981251729398,241.64430868649637,0.6022296845912933,392,478
-0.5320084521172487,0.5659465009537389,0.016969024418245104,101.29565523131276,241.25383647460202,0.6022663712501526,392,478
-0.5330103478940601,0.5653817281157995,0.016185690110869677,102.18131471837836,241.29654903164658,0.602458119392395,392,478
-0.5371889985264964,0.5489123822671792,0.005861691870341412,100.09198464184567,241.6624788753586,0.6022133231163025,392,478
-0.5298251063045729,0.5509327242654968,0.010553808980461932,101.68471440042737,240.59398635091517,0.6023021638393402,392,478
-0.5407204543302587,0.5653724499742958,0.012325997822018542,102.13980619466713,241.69466691201913,0.6023066639900208,392,478
-0.5409384091005767,0.557845979973809,0.008453785436616179,101.20047882464517,241.58632067778086,0.602239340543747,392,478
-0.5367238222202532,0.548768449776779,0.0060223137782629,101.33956306057343,240.92187572539623,0.6021652221679688,392,478
-0.54590596943098,0.5485176812772007,0.0013058559231103328,101.60419084315322,240.2655228845748,0.6020752787590027,392,478
-0.549917750756083,0.5472345330979231,-0.00134160882907991,101.95085731293996,240.71857309394034,0.6018835008144379,392,478
-0.5498905704565471,0.5465967581577411,-0.0016469061494029935,102.87330138998132,240.7252751476534,0.6019909679889679,392,478
-0.5513072889071782,0.5434603686931399,-0.003923460107019161,102.01508411045269,240.81772172691345,0.6020979285240173,392,478
-0.5465238540562858,0.5433899603324083,-0.001566946861938756,102.29345498013187,240.6771475203765,0.6023121476173401,392,478
-0.5498629876444284,0.5427267103494976,-0.003568138647465413,101.98945821492902,240.48147466400238,0.6023624539375305,392,478
-0.5413288441886963,0.5463214304412276,0.0024962931262656474,102.09230414370346,241.18891517913968,0.6020892560482025,392,478
-0.5719075364161714,0.52753274764199,-0.02218739438709072,101.05869844403391,244.24174258525608,0.5983805060386658,563,478
-0.564135258810325,0.5223516313197505,-0.020891813745287258,102.66294484468253,243.69477590585635,0.5979739725589752,563,478
-0.5571738929324185,0.5338158646800609,-0.011679014126178777,101.97833711811566,243.6354201469815,0.597512811422348,563,478
-0.5624262899015661,0.5254708578848925,-0.01847771600833681,100.32805937064708,243.5236011623137,0.5971129834651947,563,478
-0.5591959938632208,0.5344030551767918,-0.012396469343214533,101.40532203091169,243.87183822294935,0.5966817140579224,563,478
-0.5605250633173678,0.5210113341620122,-0.019756864577677835,101.58466129425614,243.28022450395534,0.5964092016220093,563,478
-0.5598864894839214,0.5235586425990315,-0.01816392344244494,101.97718590562371,243.1802435841172,0.5960904359817505,563,478
-0.5567769088977927,0.5268760816105479,-0.014950413643622429,102.106482472486,243.3247385002608,0.595990777015686,563,478
-0.557613128768436,0.526469815251156,-0.015571656758640029,101.60099480409625,243.52652568888814,0.5957930982112885,563,478
-0.5566776827291701,0.5306761250836699,-0.013000778822750081,101.08089828946093,243.68223653057566,0.5956985950469971,563,478
-0.5580587029765179,0.5290381827145852,-0.014510260130966346,102.23712810962661,243.79989152500596,0.5956176221370697,563,478
-0.5577538306543349,0.5305688330880991,-0.013592498783117912,101.966909076932,242.84963021222777,0.595695286989212,563,478
-0.5619998270111682,0.5233960552939707,-0.019301885858598766,102.08626427327825,243.0083844095061,0.5956230163574219,563,478
-0.5617574042469099,0.5313598261865525,-0.015198789030178683,102.92329997183427,243.47353070929915,0.5962386429309845,563,478
-0.5606316531788839,0.5384616196131099,-0.01108501678288698,102.27974069674913,243.69393005145176,0.596318781375885,563,478
-0.565754783720302,0.5342301155832652,-0.015762334068518402,102.13270225803677,243.97453744612687,0.5965046286582947,563,478
-0.5645991323024325,0.5352189023659051,-0.014690114968263723,102.6090548164433,243.9759817105186,0.5965417623519897,563,478
-0.5625212028144227,0.5280623184420636,-0.017229442186179555,102.19959623027867,243.99282642097003,0.5967019200325012,563,478
-0.5570394669059981,0.5387649657976595,-0.009137250554169307,101.73988442018143,243.9294002189714,0.5968583226203918,563,478
-0.5681116937374233,0.5327132738676427,-0.017699209934890325,101.79570697919243,244.47620221682286,0.5965310335159302,563,478
-0.5576615795501418,0.5396439811425331,-0.009008799203804374,101.92026237979357,243.8665950333108,0.5969694256782532,563,478
-0.5667917207747951,0.5316664686020789,-0.017562626086358113,101.16888081859359,243.3311533949866,0.5968452394008636,563,478
-0.5607837314675878,0.5330722373806529,-0.013855747043467426,101.57553903722714,242.952813986996,0.5970218777656555,563,478
-0.5682874265387494,0.5307099012073724,-0.01878876266568852,101.61548032367773,243.3783851568414,0.5970474481582642,563,478
-0.5589623578618106,0.537271602807137,-0.010845377527336775,102.05822807789275,242.89374452291412,0.5971708297729492,563,478
-0.564470689050491,0.5311092152758322,-0.016680736887329406,101.98011111668696,242.93187017349055,0.5972369015216827,563,478
-0.5531690781257941,0.5260526335957915,-0.013558222265001307,101.80030397989864,242.14831757107,0.597335159778595,563,478
-0.5607317155012471,0.5389716720231721,-0.010880021739037515,101.45516470457126,244.96807482532338,0.5971390902996063,563,478
-0.5662754808833154,0.5445424156555747,-0.010866532613870328,102.43177026528261,244.6919901190962,0.5969858169555664,563,478
-0.5657436916817283,0.5463400504123407,-0.009701820634693825,101.87671201880605,244.32614259243527,0.5972009003162384,563,478
-0.5647127165556439,0.5396190288057037,-0.012546843874970126,101.8666946303015,244.4064554240443,0.5972111821174622,563,478
-0.5590706083404043,0.5385725855845215,-0.01024901137794143,101.58252167706853,244.13239648292407,0.5972523987293243,563,478
-0.5592731135937343,0.5394362241455025,-0.009918444724115905,101.8170972949716,244.58932856576158,0.5972553193569183,563,478
-0.5586040317156407,0.5457020419829247,-0.006450994866357973,100.99439121655271,243.73037786073297,0.5975348949432373,563,478
-0.5917736841133078,0.5041765086270347,-0.04379858774313655,102.27489047600642,240.41816606668976,0.5956367254257202,735,478
-0.6083026247087618,0.4725218550437704,-0.06789038483249571,96.29406289137482,235.50849666741615,0.5944782793521881,735,478
-0.596431373243386,0.5135826733976322,-0.04142434992287691,99.50065845115901,242.19906273257754,0.5950837433338165,735,478
-0.5849638181595117,0.511733580366369,-0.036615118896571375,99.47958353891222,241.46701787046274,0.5954089462757111,735,478
-0.5718558325644775,0.5091784870377342,-0.031338672763371656,100.24380056764961,242.38863117379276,0.5953882336616516,735,478
-0.5732190140781563,0.5015000994524967,-0.0358594573128298,101.01751761662888,242.5970154312834,0.5955251455307007,735,478
-0.5764474111348876,0.5085890185082345,-0.03392919631332658,101.09991306041385,243.14871508059738,0.5955449342727661,735,478
-0.5808547682543919,0.5055066546793954,-0.037674056787498245,100.76341678245836,242.91843570749958,0.5955869257450104,735,478
-0.5729792009456508,0.49764146178798135,-0.037668869578834724,100.36749416180432,243.01572527203928,0.595617949962616,735,478
-0.5744773703058407,0.5055394418057387,-0.03446896425005097,100.995904969604,243.13165628688805,0.5956675708293915,735,478
-0.5757322484977427,0.5004508106396001,-0.03764071892907134,100.86108161941947,242.87382283070647,0.5956321656703949,735,478
-0.5740587672351546,0.5012356632922375,-0.03641155197145857,101.81335909021833,242.62894928157806,0.5958554446697235,735,478
-0.5734771384032129,0.5084807319526577,-0.03249820322527758,101.47582375627998,243.67086409004185,0.5957305729389191,735,478
-0.5772094314842965,0.49861485089050106,-0.03929729029689771,100.88155551071381,242.93607187248935,0.5956601202487946,735,478
-0.5674123751376143,0.5022725669496538,-0.03256990409398025,101.02763617648824,242.52501846877868,0.5959388613700867,735,478
-0.5635059245934144,0.5003761849763245,-0.03156486980854495,100.67829837220027,243.0864094433731,0.5956633687019348,735,478
-0.5689262615474596,0.4958636802099204,-0.03653129066876962,100.81145696364888,242.4980334989872,0.5957037210464478,735,478
-0.5695622167413,0.5092423761699871,-0.03015992028565645,101.76239975887637,243.0557250287658,0.5962840020656586,735,478
-0.571111096882719,0.5034578940885822,-0.03382660139706839,101.02940413375163,243.49676742995464,0.5959474444389343,735,478
-0.5764342334552149,0.5051015256918516,-0.035666353881681656,100.61785415171514,243.44920676991254,0.5960509479045868,735,478
-0.5761824686914663,0.5065842655760867,-0.03479910155768978,100.53801274583708,243.80570231513602,0.5962154269218445,735,478
-0.5765137613747249,0.5060007779792088,-0.03525649169775802,100.57255327346668,243.9651188167395,0.5961306095123291,735,478
-0.5763700313011488,0.5034333148934216,-0.03646835820386363,100.60679636408443,243.66969177083732,0.5962148308753967,735,478
-0.5790463616692108,0.5014576047308693,-0.03879437846917072,100.92334187771826,243.9835822886744,0.5961386263370514,735,478
-0.5804634831249367,0.5045308438912393,-0.03796631961684871,100.9538152998503,243.28063541752724,0.5961002111434937,735,478
-0.5762691729670854,0.5015834084145178,-0.037342882276283795,100.5611082369299,243.5394292559652,0.5961318910121918,735,478
-0.5772125262970067,0.502221768966385,-0.03749537866531083,101.08236738281656,243.21448681358865,0.5960845947265625,735,478
-0.5790337635738441,0.4997280587187708,-0.03965285242753663,101.42603267795619,243.1627894209632,0.5960370004177094,735,478
-0.5791191344699689,0.49937143485629326,-0.03987384980683781,101.76021308887883,243.04145245234562,0.5959466099739075,735,478
-0.5840688583210085,0.4995366089364695,-0.04226612469226951,101.30935946459809,243.33630917579404,0.5959851145744324,735,478
-0.5746181373760245,0.4979947813127463,-0.038311678031639096,101.9430370300591,242.69825827948458,0.5960874259471893,735,478
-0.5757938445017825,0.49642364717163245,-0.039685098665075025,101.6626365974377,242.89383508843125,0.596150279045105,735,478
-0.5808988471934924,0.5027107812501908,-0.039094032971650816,100.17741631144966,243.81750359463595,0.5959055721759796,735,478
-0.5691553772823456,0.4995104985033786,-0.034822439389483484,100.87520577318361,242.86428728292265,0.5960360467433929,735,478
-0.5965102083801835,0.4808642964050991,-0.057822955987542224,100.91901222806818,242.43700584931685,0.5942865312099457,906,478
-0.5879533160268705,0.4810983781824767,-0.05342746892219691,101.76671391812451,242.13691715286677,0.5942451655864716,906,478
-0.5973641335294477,0.47967252015770495,-0.05884580668587139,100.94602705523081,242.46926259058282,0.5943977534770966,906,478
-0.5899966878819035,0.4817499954202458,-0.054123346230828845,102.13085134414536,241.911519751382,0.5943732857704163,906,478
-0.5953070997234382,0.47739241529160853,-0.05895734221591484,101.30308959259403,242.19814371693073,0.5944294631481171,906,478
-0.6094331433884406,0.48419631898201526,-0.06261841220321265,100.0958958975026,241.77678946811142,0.5949446260929108,906,478
-0.5516889982857294,0.4897813542199068,-0.030953822032911277,102.35095329691634,235.61253779087824,0.5985067188739777,906,478
-0.5243980911774322,0.5265261882367888,0.0010640485296782853,104.1415725538118,239.05055840832696,0.5996642112731934,906,478
-0.6067966244698605,0.45790267190345474,-0.07444697628320288,99.29551270317545,238.57483360733272,0.5944707095623016,906,478
-0.6183157714368334,0.4713157839307171,-0.07349999375305813,97.0407706346421,236.86728911825816,0.5946124494075775,906,478
-0.6092090284330062,0.4947682415346664,-0.057220393449169876,98.08316568540354,242.35647708895448,0.5959490537643433,906,478
-0.6033644360909836,0.4937519962326604,-0.05480621992916157,100.26807862784729,243.5899013400929,0.5956681370735168,906,478
-0.5977034181432552,0.49975340227551607,-0.04897500793386958,100.90493120402739,244.19053150024808,0.5958684980869293,906,478
-0.5990057706990393,0.49759830473871514,-0.050703732980162064,100.46768254381365,243.66144648713382,0.5957459509372711,906,478
-0.596770097064078,0.4925279830726208,-0.05212105699572861,100.73105823749273,242.282298809234,0.5955337584018707,906,478
-0.6053832011110504,0.488472518272834,-0.05845534141910819,99.61432145203155,243.81259149329506,0.5954760015010834,906,478
-0.6059897372431791,0.4878758033446628,-0.05905696694925813,100.91113600326307,243.4635364064422,0.5955725610256195,906,478
-0.5997232755672411,0.4850317041396413,-0.05734578571379992,100.27316694828023,242.8790430312466,0.5958240032196045,906,478
-0.5960536614683789,0.48795250831643033,-0.054050576575974285,100.01188776829899,243.26755427906778,0.5958150625228882,906,478
-0.6075698561725953,0.4874946793664556,-0.06003758840306986,100.54509806046124,243.66748444787223,0.5957216918468475,906,478
-0.5978813529706236,0.47822388782154085,-0.05982873257454138,100.86358446197127,242.58079308532143,0.5957120954990387,906,478
-0.5942637126835297,0.4776934689507069,-0.05828512186641141,100.51501719126804,242.3336650480231,0.5958796441555023,906,478
-0.6020216287210166,0.4848800732271418,-0.05857077774693742,100.55849909128838,243.31834968816221,0.5957748591899872,906,478
-0.5953559606187546,0.4721021957879085,-0.06162688241542305,101.22986790625569,242.08263431506367,0.5957733988761902,906,478
-0.5872587173375864,0.4747691626951136,-0.056244777321236394,101.9347728018316,241.96605560369807,0.5960441529750824,906,478
-0.5949669560022185,0.4745048253736376,-0.060231065314290455,101.70974963472894,242.93551045097453,0.5961633622646332,906,478
-0.5920355834949127,0.4783932295860227,-0.056821176954444996,101.3387817404498,242.2417825658865,0.5966017246246338,906,478
-0.5864309218202068,0.47886609900774424,-0.0537824114062313,102.31654222728538,242.80214716009712,0.596722811460495,906,478
-0.5918353338586514,0.4789429475642046,-0.056446193147223406,100.8163031563034,242.53881972556758,0.5972896814346313,906,478
-0.5936522398507962,0.4761092371397384,-0.05877150135552889,100.45140735206121,242.3998241807164,0.5972770750522614,906,478
-0.5896455883052184,0.4790992519975375,-0.05527316815384045,100.48912073675518,242.60558507312118,0.5974213480949402,906,478
-0.5938175737816629,0.48543646968766974,-0.054190552046996576,101.4581060270898,243.0185219363072,0.5976267457008362,906,478
-0.5888709691556199,0.4840457867180456,-0.052412591218787136,101.33055606147965,242.87446209991555,0.5976356267929077,906,478
-0.5886866806471831,0.4863324154126719,-0.051177132617255594,101.45062847202178,243.02651469067587,0.5977113842964172,906,478
-0.6176114501949699,0.45939880086108803,-0.07910632466694092,100.67576094393189,240.53239944620915,0.5937068462371826,1077,478
-0.6131398442898385,0.4524721140373786,-0.08033386512622995,101.96146598333407,241.79511557054454,0.5938993394374847,1077,478
-0.6265590062837602,0.45856194780343423,-0.08399852924016296,102.20412026090412,241.14582260212055,0.5941252112388611,1077,478
-0.6208750173353913,0.4565232996434819,-0.08217585884595471,102.81582633930128,241.15882525872547,0.5939040780067444,1077,478
-0.621260570909815,0.46559862642899336,-0.07783097224041083,100.6098682112707,241.80986523264284,0.5944137275218964,1077,478
-0.6174417953606136,0.4650162503951023,-0.07621277248275565,101.81949870764348,242.06356952312618,0.5944510102272034,1077,478
-0.613943992311025,0.4599361922780766,-0.07700390001647422,104.26721058318697,240.6141970841654,0.5939961373806,1077,478
-0.6123285681001152,0.46377709771928566,-0.07427573519041475,103.39238484901502,239.61462411635875,0.5942491888999939,1077,478
-0.6125120363535536,0.4645132042484272,-0.07399941605256319,102.44617792133167,243.06239234810374,0.5954402983188629,1077,478
-0.5999217630858812,0.46348406000785497,-0.06821885153901311,104.35065461312024,240.02200232517964,0.5950084924697876,1077,478
-0.6002793292656826,0.4645710999561572,-0.06785411465476271,103.47695146677559,242.96480709382556,0.5956947505474091,1077,478
-0.6184974575345645,0.4597778849597776,-0.07935978628739346,102.26455415137028,241.81319702538897,0.5962045788764954,1077,478
-0.6268682388418316,0.4436738259646286,-0.0915972064386015,100.74758812307334,237.011592760096,0.5959003269672394,1077,478
-0.509154665605647,0.5108271220529458,0.0008362282236493712,106.24471082676607,235.0710070471695,0.6033533215522766,1077,478
-0.42647717203820096,0.4502839307533639,0.011903379357581484,102.90823268274016,217.08122658213077,0.602908194065094,1077,478
-0.4892212537321109,0.5317011717558229,0.02123995901185599,105.52888485832511,236.77798077535024,0.6042417585849762,1077,478
-0.6536059819798732,0.459333080744618,-0.0971364506176276,103.58348257665833,246.76824752203692,0.597454309463501,1077,478
-0.6359724858124639,0.44096239495360023,-0.09750504542943184,98.57738990032982,235.1434318993875,0.5957019031047821,1077,478
-0.6275448025702679,0.4547409211911549,-0.0864019406895565,98.37684886857565,240.5888836958179,0.5960460305213928,1077,478
-0.6231286591830338,0.45527969316862704,-0.0839244830072034,100.71257028904272,240.1632166813524,0.5959673225879669,1077,478
-0.622893432281664,0.4673887640398941,-0.07775233412088497,100.06541722895213,241.15105915051964,0.5965634286403656,1077,478
-0.6265993649930917,0.46570268717804425,-0.0804483389075237,100.01988863198532,241.886720831176,0.5964265167713165,1077,478
-0.6270690380491767,0.4620396387209339,-0.0825146996641214,99.70302998710719,241.60892885788903,0.5966755449771881,1077,478
-0.6265010297687766,0.45938660769122996,-0.08355721103877334,100.83356070151204,241.73425519480415,0.5965291559696198,1077,478
-0.6175038739719773,0.4679456214442423,-0.07477912626386748,101.1933824359098,242.60602468609957,0.5966833531856537,1077,478
-0.6071375767183538,0.46476460475442827,-0.07118648598196275,100.49684731345121,243.4311372542147,0.5966784656047821,1077,478
-0.601576766512307,0.4707120458527312,-0.06543236032978789,101.96569439911596,244.10238949721656,0.5967718958854675,1077,478
-0.6005643698242596,0.4683059712361895,-0.06612919929403507,101.09543062712028,243.21934578498883,0.5968082845211029,1077,478
-0.6116441294957993,0.46362151346836933,-0.07401130801371497,102.64342735981036,241.80637191426783,0.5964668095111847,1077,478
-0.6154239267477961,0.4617437481499141,-0.07684008929894101,103.97789123483273,241.67459614780813,0.5966188311576843,1077,478
-0.6131236484941269,0.4559964046286631,-0.07856362193273192,102.29569897579225,241.32406004519513,0.596405565738678,1077,478
-0.6078675497946296,0.46555928155266035,-0.07115413412098465,101.83513931699576,242.6869506054117,0.5967499017715454,1077,478
-0.601009985338089,0.4696779605352576,-0.0656660124014157,100.829523063563,243.97047195848322,0.596897304058075,1077,478
-0.6139271520934203,0.474215455611584,-0.06985584824091814,100.13082372255536,242.93420134712468,0.5969115197658539,1077,478
-0.6187569300594499,0.4573022205841918,-0.08072735473762904,102.41132780315328,241.9137097475194,0.5965927243232727,1077,478
-0.42708905522052715,0.5477664223760577,0.060338683577765256,103.47491126868744,229.79608511460322,0.6054270565509796,1248,478
-0.6698522632062747,0.40505369297812877,-0.13239928511407295,103.4363771035581,238.2634452371372,0.5942272841930389,1248,478
-0.6537549314848279,0.4350665791867028,-0.10934417614906256,99.96785032901099,235.31825843232454,0.5938934087753296,1248,478
-0.6360318352389436,0.4330011521284321,-0.10151534155525574,101.55577395461205,234.95990619681692,0.5930650532245636,1248,478
-0.6199321717660795,0.4502128487792221,-0.08485966149342872,100.3232222525778,240.9705635355087,0.5943315923213959,1248,478
-0.6367130517852623,0.4381806443675054,-0.09926620370887843,99.81841346782988,237.08270850619266,0.5939682126045227,1248,478
-0.6197069747563045,0.449353024332244,-0.08517697521203027,101.68854151053554,239.76775243832745,0.5944035351276398,1248,478
-0.6198730527416372,0.45626703662490364,-0.08180300805836677,100.7935749566513,238.9578998270581,0.5944048762321472,1248,478
-0.6351607478210567,0.4612313207332489,-0.0869647135439039,99.74346882419422,241.3054754336261,0.5943048596382141,1248,478
-0.622531419943859,0.45378915124983016,-0.0843711343470144,101.39585918167843,239.87719309506264,0.5940777659416199,1248,478
-0.6060378104677117,0.4502073849305781,-0.07791521276856678,102.17759631268643,240.49089999038097,0.5941274464130402,1248,478
-0.5970723260590728,0.44921342004272136,-0.07392945300817572,101.32935239863333,239.9923965264066,0.5940825343132019,1248,478
-0.6168177974913648,0.44679659014590256,-0.08501060367273111,101.83329002857344,239.28286154340793,0.5939583778381348,1248,478
-0.5995195601943154,0.44071590952820083,-0.07940182533305729,102.80526812925916,240.0900221666389,0.5939355790615082,1248,478
-0.6041401740183755,0.4469634614394785,-0.07858835628944849,101.96349246473928,240.72875196035577,0.5944024324417114,1248,478
-0.6156889078662384,0.4626551464802677,-0.07651688069298537,100.44691676002338,240.74216969589972,0.5948022305965424,1248,478
-0.6136308839035676,0.4573017718595753,-0.07816455602199612,100.59875782967808,240.17820412706578,0.5955034792423248,1248,478
-0.6102652438959256,0.46309637197718434,-0.07358443595937064,100.23103331992209,239.8037411468661,0.5958810150623322,1248,478
-0.6111956916212452,0.46203224383897,-0.0745817238911376,100.60592083413242,239.58174375957603,0.5962939858436584,1248,478
-0.6217191737682833,0.4640675547441666,-0.07882580951205836,100.36095053197519,239.18639052441017,0.5964522659778595,1248,478
-0.5960087688501717,0.44964053943111176,-0.07318411470952998,101.13087054732044,239.1036608827891,0.596505880355835,1248,478
-0.6142867304458249,0.45340962162249354,-0.0804385544116657,100.05142859350036,239.7376674588834,0.5966599881649017,1248,478
-0.6109476364267727,0.4576730747074243,-0.07663728085967422,100.53954874940439,239.51861371112543,0.5967045426368713,1248,478
-0.6201166882128643,0.4684437198427804,-0.07583648418504194,100.75597798865408,240.31018594545395,0.596759706735611,1248,478
-0.6208708313219604,0.46983392859396533,-0.07551845136399754,99.78753704662248,243.12454956373222,0.5959679186344147,1248,478
-0.6169958891833838,0.462158532135004,-0.07741867852418988,101.84315067157489,241.98520132791253,0.5952291786670685,1248,478
-0.625419701406101,0.465442993434853,-0.07998835398562401,100.79000192585481,242.30409933517075,0.5951343476772308,1248,478
-0.6071013340294061,0.46572212159886334,-0.0706896062152714,101.25344042809775,241.697279957442,0.5948758721351624,1248,478
-0.6126025754761975,0.4609016640411505,-0.07585045571752347,100.6556687968232,240.48190167157514,0.5946764349937439,1248,478
-0.620710932102334,0.47602530854705216,-0.0723428117776409,100.62182320574183,241.8845348381827,0.5944322943687439,1248,478
-0.6251048234425112,0.44446784397303857,-0.0903184897347363,100.601740478328,239.55992138362265,0.5932965874671936,1420,478
-0.6291120539704788,0.44545896588803496,-0.0918265440412219,99.62866024357308,239.22347561295794,0.5933152139186859,1420,478
-0.6307553266499937,0.4421389912792206,-0.09430816768538655,100.46602477183869,238.58784121922966,0.5930995643138885,1420,478
-0.6237600315741746,0.4531634807414184,-0.0852982754163781,99.65743313042412,237.98842120602217,0.5932131111621857,1420,478
-0.6348457590745661,0.44358958735946497,-0.09562808585755056,99.10782162628867,238.56473481936493,0.59324711561203,1420,478
-0.6243819384307419,0.44379376131497844,-0.09029408855788171,98.96244293463482,239.1859640753904,0.5935448408126831,1420,478
-0.6279903680668334,0.43965704481066037,-0.09416666162808651,99.4557034823428,237.20896831070024,0.5932644903659821,1420,478
-0.6161914251721144,0.45253389134033767,-0.08182876691588839,99.76737501381311,238.2067814180552,0.5935595333576202,1420,478
-0.6130055876935258,0.44686846647630735,-0.0830685606086092,99.60154252944307,237.381263516614,0.5934900641441345,1420,478
-0.61334758459931,0.4509845453777467,-0.08118151961078168,100.70819423085547,238.65981838194625,0.5937322378158569,1420,478
-0.6071642521372826,0.450839533690182,-0.07816235922355033,99.3802061931446,236.2141078019939,0.5939840376377106,1420,478
-0.6242576881891911,0.45013470893686475,-0.0870614896261632,98.5510975180542,239.24451740562807,0.5941506624221802,1420,478
-0.6183572775203529,0.4594320461547194,-0.07946261568281673,99.33697174719997,237.58337351871552,0.5939640402793884,1420,478
-0.6156445252534265,0.4545717798244066,-0.08053637271450995,99.77562341810855,236.950436524368,0.5938474833965302,1420,478
-0.6213559941952203,0.45680911718106915,-0.08227343850707555,99.84121454015633,237.94113896489978,0.5936640202999115,1420,478
-0.623957671472232,0.4502560304882341,-0.08685082049199896,98.7059961809433,238.05528902525273,0.5938591957092285,1420,478
-0.6131564572779682,0.4594713390989041,-0.07684255908953205,100.39049637033122,237.37882091518642,0.5936552286148071,1420,478
-0.6182657495034151,0.46273682229307284,-0.07776446360517111,98.9513275663779,238.12256063992427,0.5939822793006897,1420,478
-0.636349132703851,0.4492998427715722,-0.09352464496613938,99.8490772697348,236.93947862635198,0.5933534204959869,1420,478
-0.6256907539158073,0.4434708468523838,-0.09110995353171175,100.95542139046256,236.8080544263002,0.5935214161872864,1420,478
-0.613918218397417,0.4541145258637752,-0.0799018462668209,99.74720668789323,237.33579980466504,0.5934093296527863,1420,478
-0.614553747753093,0.44883338740429285,-0.08286018017440008,99.33954479896641,236.76042469875472,0.5931936502456665,1420,478
-0.6212359590847162,0.4500114939988866,-0.08561223254291478,98.82726947090741,237.22945923156382,0.5928866267204285,1420,478
-0.6172180278138174,0.44935526677220644,-0.08393138052080548,99.3261371882779,236.91035365350513,0.5927861034870148,1420,478
-0.6178989680390364,0.45160972952190004,-0.0831446192585682,99.57552804522113,238.17147269562025,0.59281125664711,1420,478
-0.6172575849908867,0.4514100815814283,-0.08292375170472918,99.5353739475125,237.72243325677866,0.5924102962017059,1420,478
-0.6152406632225388,0.4580923258886658,-0.0785741686669365,98.94446491491837,238.43438783363467,0.59221351146698,1420,478
-0.619099766570257,0.4454540290642626,-0.08682286875299719,99.49824466675162,236.76665957413744,0.5915568768978119,1420,478
-0.6122238815939803,0.44603326095463247,-0.08309531031967393,101.03480234029453,238.21112228574685,0.591912567615509,1420,478
-0.6241576465665818,0.4471407303752216,-0.08850845809568009,99.41859465116691,238.2429290700692,0.5915611982345581,1420,478
-0.6178960358035595,0.4469135519664753,-0.08549124191854207,99.91685461802959,238.4892391593785,0.5914127230644226,1420,478
-0.6180771661398956,0.44635275350593356,-0.08586220631698102,99.90002436996441,235.4562317091513,0.5908056199550629,1420,478
-0.6173698770201179,0.4511541142622184,-0.08310788137894976,100.19032399039176,238.41616235056628,0.5914512574672699,1420,478
-0.614653820914408,0.44839803377370346,-0.08312789357035227,99.82071467018382,237.96335904707277,0.5913811028003693,1420,478
-0.625326083456305,0.4510278436059881,-0.08714911992515847,100.00701750910824,237.4693544600493,0.5913711786270142,1420,478
-0.48338799546839006,0.5942242816578449,0.05541814309472742,97.54466981175521,240.0841854302839,0.6038988530635834,50,692
-0.48581616228238356,0.5937670801248828,0.05397545892124961,96.3626735239148,238.5491224235922,0.604438066482544,50,692
-0.49089971819078565,0.5863094247212098,0.047704853265212094,97.97176197961784,239.59347104419055,0.6042357981204987,50,692
-0.47782854983586615,0.5857605245981963,0.053965987381165065,97.52438110157453,239.49682155707853,0.6044803261756897,50,692
-0.4937954354155943,0.6099193160787282,0.05806194033156695,96.05634214538975,240.34515345943393,0.6054514646530151,50,692
-0.4929836446684186,0.593619155729793,0.05031775553068718,97.18788680989198,239.17322855872428,0.6054641604423523,50,692
-0.47848822628311727,0.5936215407909795,0.05756665725393112,97.52588696892403,238.3864476766405,0.6055982112884521,50,692
-0.4735856999460177,0.5922030673750139,0.05930868371449813,98.41008796907906,238.85588942060005,0.6059222221374512,50,692
-0.4782882752166955,0.5944873488847813,0.0580995368340429,98.8956318478389,240.37995587367786,0.6060014069080353,50,692
-0.48499432266459414,0.6155388357558548,0.06527225654563032,98.15570446731778,239.70059742590465,0.6061842441558838,50,692
-0.47986577811579334,0.6032727453562684,0.06170348362023753,97.24689758010148,238.694931773988,0.60619056224823,50,692
-0.48488783962586685,0.6193884263326273,0.0672502933533802,98.60932589746199,240.2570528834975,0.6062954664230347,50,692
-0.4877150809017326,0.6139735640220233,0.06312924156014535,97.60588868074547,240.78072555380476,0.6064003705978394,50,692
-0.48276707992088935,0.5906719363803249,0.05395242822971777,97.67903734240316,239.0859505408809,0.6061646640300751,50,692
-0.4748701556430042,0.6046002173782867,0.06486503086764125,98.54760646312296,239.63288510065567,0.6063127517700195,50,692
-0.4758929619456044,0.6138517032739444,0.06897937066417004,97.40505998530936,239.8203426947898,0.6068680584430695,50,692
-0.4887211470359041,0.602774975347968,0.05702691415603195,97.10176134465972,238.8358350499467,0.6072714328765869,50,692
-0.4930647152534881,0.5301885613881205,0.018561923067316216,99.79753456997977,225.11955486333474,0.6044776141643524,50,692
-0.4752578036967268,0.46841747482917295,-0.0034201644337769344,105.26284470467343,222.4370205548804,0.6023536026477814,50,692
-0.4562033800266391,0.49648985023336956,0.020143235103365215,104.2847780485549,224.0903447048125,0.6037969589233398,50,692
-0.48240203615207733,0.5839694190470363,0.05078369144747946,100.59521596250234,233.37651423122006,0.6065540015697479,50,692
-0.4765463609903428,0.6144654055487827,0.06895952227921995,99.01499040343444,235.99517264524374,0.6079234182834625,50,692
-0.4853273657756056,0.6199785019441691,0.06732556808428178,96.68968727808517,237.3443983251891,0.6083152890205383,50,692
-0.4874724899938461,0.6182675897101092,0.06539754985813154,96.8058202951236,237.14716260972773,0.6093583405017853,50,692
-0.4945344457096123,0.6168900073907512,0.061177780840569435,95.62434350415903,238.04296879337178,0.6091616451740265,50,692
-0.47955991735830256,0.6340239399728271,0.07723201130726229,97.27208405934098,239.0292876187559,0.609266996383667,50,692
-0.4858714963804028,0.6241884749540213,0.06915848928680926,95.79086412787194,238.37905272185606,0.6091974377632141,50,692
-0.4753062308749787,0.6280494549452061,0.07637161203511372,97.48854337728292,237.15593606986025,0.609375387430191,50,692
-0.48440916364550585,0.6021020537908522,0.0588464450726732,97.24168740725005,237.70279443633387,0.6093348562717438,50,692
-0.4994797784127984,0.6281627409613213,0.06434148127426145,96.18773816206163,239.72511918522548,0.6097227334976196,50,692
-0.49014997704561764,0.5926990736549563,0.05127454830466935,98.27456185534439,237.23148084122562,0.6100320518016815,50,692
-0.49404258821169345,0.6036262465439639,0.05479182916613523,97.0599136248727,237.8705542461956,0.6109166443347931,50,692
-0.4978850556085187,0.5890528417502393,0.045583893070860304,97.24465655691355,237.52345197074587,0.6112820208072662,50,692
-0.4951488721635708,0.5973621638660883,0.051106645851258764,98.26699888759426,238.08563942637892,0.6114852130413055,50,692
-0.4927390943300479,0.5994576677212498,0.053359286695600916,97.22230542008576,238.50443357879246,0.6118942201137543,50,692
-0.5077574485681606,0.5864379234574245,0.03934023744463194,99.16442850310273,239.63947506063573,0.6094814240932465,221,692
-0.5082291907403761,0.5842129762210954,0.037991892740359634,97.3314150434129,239.9016339626302,0.609331876039505,221,692
-0.4997346216073938,0.5728251784423931,0.03654527841749966,97.62284985254837,238.90727377379048,0.6093573272228241,221,692
-0.5091980777370868,0.5613386003727393,0.02607026131782625,98.36735270933397,238.25754177634363,0.6093891859054565,221,692
-0.4998729865515707,0.574308732157849,0.037217872803139124,98.89657735884063,238.72996145117503,0.6093363165855408,221,692
-0.5086150917844713,0.5692876490171869,0.030336278616357792,98.03166032075663,239.29036624301665,0.6093703210353851,221,692
-0.5014303710989237,0.5697262191323214,0.034147924016698805,97.84442312768257,238.1223306440981,0.6096033453941345,221,692
-0.5025780280426818,0.5682858162211583,0.03285389408923822,98.280427971532,239.11311906851572,0.6098800599575043,221,692
-0.5052643007734018,0.5663562458307164,0.030545972528657317,97.67865811589598,237.533761699845,0.609930157661438,221,692
-0.49440573501058105,0.572020157822096,0.03880721140575749,98.51942722973507,237.44902434954875,0.6100626289844513,221,692
-0.5123697738361422,0.5854967687593469,0.03656349746160231,97.38397027603807,239.76023773904362,0.6103847026824951,221,692
-0.5115921301117878,0.5648270653418036,0.026617467615007884,98.27484326360619,237.7190011180332,0.610019326210022,221,692
-0.503737503250758,0.5792399573005704,0.03775122702490624,97.20230370755894,239.35429319575633,0.6099416613578796,221,692
-0.5035337112785246,0.5826932044239264,0.03957974657270086,97.10977489667411,236.4912826411988,0.6097702383995056,221,692
-0.5015705816164252,0.477712807219743,-0.011928887198341093,100.79652108507639,223.3537365854159,0.606992781162262,221,692
-0.47928657323263185,0.5501586249835598,0.03543602587546399,100.02249058183074,231.4578425522679,0.608376681804657,221,692
-0.5071371712922701,0.604012148558075,0.048437488632902426,96.25755599149207,238.66764351772528,0.6093560457229614,221,692
-0.5048396527175952,0.593045777629525,0.0441030624559649,96.53356615429757,238.4766535543546,0.6097562909126282,221,692
-0.5052559278875918,0.5953265398663977,0.045035305989402974,98.09880543936833,238.8795515452662,0.6097963452339172,221,692
-0.4993269189394165,0.5825098338785998,0.04159145746959164,97.92256358310726,236.59250875636496,0.6093680560588837,221,692
-0.48436015472532884,0.5844511215740729,0.05004548342437201,97.70508626985816,236.47389067312434,0.6093053817749023,221,692
-0.498865526466946,0.6077137902583098,0.05442413189568193,97.4556454266963,239.29944020682225,0.6096202433109283,221,692
-0.5040946673574191,0.6007401922097353,0.04832276242615807,97.24869763252869,238.757014256735,0.6095977127552032,221,692
-0.5087685277894067,0.5906464412207392,0.04093895671566622,96.76335675544442,239.1904706329079,0.6097360849380493,221,692
-0.501034442437192,0.5866219389115214,0.0427937482371647,96.01852930991336,238.6380229717159,0.6097230911254883,221,692
-0.5048335684041512,0.5890577777764563,0.04211210468615256,96.3570671821245,239.06909451177805,0.6101321578025818,221,692
-0.5063005665877878,0.5960506101908116,0.04487502180151193,97.19556123792896,240.10801076328153,0.6102193593978882,221,692
-0.5026293897742926,0.5873758529820272,0.0423732316038673,97.51035114013672,240.36375746683112,0.6102839112281799,221,692
-0.5036146225661907,0.5901916444207261,0.04328851092726771,97.4388883617093,240.8704630339024,0.6102101802825928,221,692
-0.5076727611167768,0.5946572731995896,0.043492256041406385,97.00823686635826,240.445205616345,0.6107024848461151,221,692
-0.5012374655924136,0.5837417133442043,0.041252123875895386,97.45151289957705,240.2111778121808,0.6103429198265076,221,692
-0.5000714057916658,0.6074234930233334,0.053676043615833835,96.32025003317764,240.1089013924746,0.6108225286006927,221,692
-0.5014239660334208,0.6026090315750643,0.05059253277082176,96.20290589623798,239.7904331521909,0.6107794046401978,221,692
-0.519143864901563,0.561533777316335,0.02119495620738604,97.94978428159766,238.63381419650875,0.6087636649608612,392,692
-0.5110768458816649,0.566919838155467,0.027921496136901036,96.94600828209539,238.4140173089749,0.6087600886821747,392,692
-0.5114896156385346,0.5601149461583388,0.02431266525990211,97.14163628376826,238.2296585344359,0.6086534559726715,392,692
-0.5199078620746713,0.5576070826166001,0.01884961027096438,97.93499929800906,238.7407386221266,0.6087494492530823,392,692
-0.5068055915539674,0.5551186503666566,0.024156529406344607,97.55445532088484,238.41877679838598,0.6088111102581024,392,692
-0.5146105838356247,0.561950608191699,0.023670012178037103,98.3437166728634,238.46209960004234,0.6086843311786652,392,692
-0.5123587615314421,0.5543564333952833,0.02099883593192059,98.23126726545738,238.32221125440674,0.6087596714496613,392,692
-0.5163899509707716,0.558055760917329,0.02083290497327872,97.69513220988762,238.6563338196423,0.6086187958717346,392,692
-0.5199280896089816,0.556272025601557,0.018171967996287675,97.79701780535689,238.86033647520952,0.6088187992572784,392,692
-0.5093386269837654,0.5592244846091496,0.02494292881269211,97.40368353984002,238.5799190826125,0.6089213490486145,392,692
-0.516236468591161,0.5622998180710358,0.02303167473993739,97.75118398408387,238.6068351728526,0.6086940765380859,392,692
-0.5185771112062467,0.5614091308201423,0.0214160098069478,97.98005434819108,238.36376629759155,0.6086281836032867,392,692
-0.5159876235369731,0.5600330925192057,0.022022734491116303,96.93096470046808,239.07809775548873,0.6086814403533936,392,692
-0.5193983391614644,0.5638877611279671,0.02224471098325137,97.60639068557238,238.00439866005337,0.6085704565048218,392,692
-0.5141934449796498,0.559060117283409,0.02243333615187959,97.93803995669612,238.44981202981248,0.6087920069694519,392,692
-0.5205925587236357,0.5604005187595904,0.01990398001797733,97.65773185411445,239.18211490732858,0.6086335778236389,392,692
-0.5254109359092702,0.5649726349191754,0.01978084950495257,97.1753717661378,238.96730691668773,0.6086588203907013,392,692
-0.5218473216860802,0.5624938649171924,0.020323271615556138,97.68769667146708,239.58108859734926,0.6086821556091309,392,692
-0.5267248985573725,0.5636275691446633,0.0184513352936454,97.53858344515857,239.4874276799126,0.6085539758205414,392,692
-0.5242800917079613,0.5549611541690288,0.01534053123053375,97.85712245031036,239.60850658379928,0.6085629761219025,392,692
-0.5300748308775395,0.5611349539845206,0.01553006155349057,98.40876585290846,239.21388234274468,0.6084753274917603,392,692
-0.5169526894011608,0.5620506703602017,0.02254899047952047,97.76054331193598,238.29367984672524,0.6085490584373474,392,692
-0.5178901167114718,0.5710296178901085,0.026569750589318375,97.24597681039634,238.66641692177748,0.6085737943649292,392,692
-0.5310625840758467,0.565195061808173,0.017066238866163153,97.73151589508396,239.4554030443489,0.6084361970424652,392,692
-0.5307268815412924,0.5628196022540987,0.01604636035640311,97.93968506722808,239.47353681012453,0.6083984375,392,692
-0.5267592691859149,0.5647886688500494,0.019014699832067272,97.62327091886915,239.14285620486532,0.6084486246109009,392,692
-0.5313536632416275,0.5606011421104842,0.014623739434428351,97.86691815614324,239.71880204153808,0.6083762645721436,392,692
-0.528861865339608,0.5642836381225713,0.01771088639148166,97.65460734214916,239.19788755748894,0.6084575355052948,392,692
-0.530641902116618,0.5647170505522642,0.017037574217823093,97.82463714888866,239.84616396253483,0.6083966195583344,392,692
-0.5277225323309576,0.5598775820121284,0.016077524840585444,98.13056637846515,239.81514888798904,0.6084490120410919,392,692
-0.527504844236132,0.5602546274706697,0.01637489161726885,98.0711464537316,239.34551564521414,0.6085430979728699,392,692
-0.5311032222235007,0.5593442513459702,0.014120514561234754,98.27861142922305,239.97563090268017,0.6084907054901123,392,692
-0.527116393957723,0.5619794073885209,0.017431506715398948,97.75789305493231,240.2836915983214,0.6085748076438904,392,692
-0.5290191504948769,0.5626992093419941,0.01684002942355861,98.28239339279277,240.26175492900012,0.6085406541824341,392,692
-0.5273573604667943,0.5525677893185068,0.01260521442585627,99.13035542769771,239.50195710309376,0.6085425615310669,392,692
-0.5592187479941226,0.5372776014551505,-0.010970573269486084,98.30552302097087,240.66819749917593,0.6069698333740234,563,692
-0.562769135360009,0.5188767630751863,-0.021946186142411395,100.03022234673034,235.4460342131768,0.605999767780304,563,692
-0.4910510977324695,0.5062786750162112,0.007613788641870817,104.70416863116338,230.3484340364215,0.6076589524745941,563,692
-0.4941466605399683,0.5206618177777138,0.01325757861887275,105.96758830589455,230.0570376767236,0.6084929704666138,563,692
-0.49308178944047854,0.5100935692885145,0.008505889924017962,105.52235119557699,227.6387390425767,0.6077947318553925,563,692
-0.5487580586037164,0.6037223614567561,0.02748215142651983,102.33107674616113,246.90780728579722,0.609088808298111,563,692
-0.548308437105011,0.5385504980106728,-0.004878969547169099,99.51027140455375,238.13987199327622,0.6064459085464478,563,692
-0.5593963131255462,0.5438551312784358,-0.007770590923555198,97.68237390433094,239.62057617065602,0.6063654124736786,563,692
-0.5632265412092362,0.5436444588682161,-0.00979104117051005,98.89540352810828,239.53460701149805,0.606307864189148,563,692
-0.5568001966740255,0.5391469234341983,-0.008826636619913564,99.48135091542323,239.57735696173228,0.6063834428787231,563,692
-0.560328071427101,0.5265104350622991,-0.01690881818240092,99.42617715813216,239.6372823835957,0.6059561669826508,563,692
-0.5626778469459446,0.531935127335579,-0.015371359805182783,99.52136043350578,239.95255054281674,0.6060269474983215,563,692
-0.552678014993885,0.5374036613992043,-0.007637176797340384,98.31341394860311,239.51261584757913,0.6064326167106628,563,692
-0.574889266949757,0.5206122641009405,-0.027138501424408212,99.51769722103803,239.06689751547725,0.605989009141922,563,692
-0.5588324035085767,0.5376661519054647,-0.01058312580155596,98.72231954084968,239.7433906236523,0.6065933406352997,563,692
-0.5542487875646194,0.5468998625481833,-0.0036744625082180127,97.48553621045531,239.7612610375826,0.6069300174713135,563,692
-0.5618412224345805,0.5366947869799996,-0.01257321772729042,99.53004444009215,240.09146922789816,0.6070064306259155,563,692
-0.5605509435375626,0.52407273129475,-0.018239106121406334,99.7301386617367,240.30927955658342,0.6067769825458527,563,692
-0.5634461224843785,0.5187857834348688,-0.02233016952475486,99.70529427312678,239.2681922226297,0.6069779992103577,563,692
-0.5670344202484426,0.5212995279363237,-0.022867446156059457,99.83870758896649,239.76153508982802,0.606951892375946,563,692
-0.5629867763995076,0.5284975386890718,-0.017244618855217886,99.9815076501056,239.58598456852286,0.60692298412323,563,692
-0.5615137270758898,0.5319229499478695,-0.014795388564010137,100.15796101919389,240.63359138710302,0.6072661578655243,563,692
-0.5574728557146019,0.5339473260331018,-0.011762764840750062,99.31320368877311,239.7888525440622,0.6075067520141602,563,692
-0.5577654403081962,0.5176429197992148,-0.020061260254490676,99.28890444805032,239.4302625540668,0.6080576181411743,563,692
-0.5569346499720869,0.5328168100724979,-0.012058919949794467,100.46250888854578,240.35095504577214,0.6085917055606842,563,692
-0.559034152076663,0.535072852562747,-0.011980649756958006,98.1186556768792,239.7907824225817,0.6088452041149139,563,692
-0.5642177678668718,0.5276691948441716,-0.018274286511350102,100.46870458654485,239.55685765394946,0.6088843643665314,563,692
-0.5574435570794365,0.5318652267526779,-0.012789165163379301,99.43253335967792,240.15756550317528,0.6091268956661224,563,692
-0.5676610375522577,0.5205701434057464,-0.023545447073255676,99.72852662920427,240.2586495527477,0.6090178489685059,563,692
-0.5656314061495229,0.5213883338841419,-0.022121536132690522,100.52252178841806,239.94925062810498,0.609537810087204,563,692
-0.572201731617717,0.5211488276096437,-0.025526452004036693,99.91340343852542,240.54526811773806,0.609360933303833,563,692
-0.5947044807342727,0.5001874794787949,-0.0472585006277389,98.75961931933907,240.27639532941419,0.6063331067562103,735,692
-0.5943627924958536,0.49803939717862805,-0.04816169765861275,99.58824689833509,239.31588925271367,0.6059969067573547,735,692
-0.589062898869152,0.5016691333956983,-0.04369688273672684,100.48262451036581,239.9215690798751,0.6060700714588165,735,692
-0.586008545546609,0.5014331343744164,-0.04228770558609629,99.85680369814617,239.42106379304593,0.6061239838600159,735,692
-0.5883392720891208,0.49640989197877355,-0.045964690055173646,99.52175442815434,239.55699449885466,0.6060941815376282,735,692
-0.586697644607175,0.4995973042198809,-0.04355017019364704,98.7243643246515,239.4565951379859,0.6059475541114807,735,692
-0.5848016194745715,0.49744841733011774,-0.0436766010722269,100.05340223671101,240.24972984129124,0.6061490774154663,735,692
-0.5831600777937884,0.5018495152914546,-0.04065528125116691,99.94225143031767,241.03920689879425,0.6062311232089996,735,692
-0.5805345211881179,0.5049136062400097,-0.03781045747405409,99.46329861913956,239.74732637734817,0.6061765551567078,735,692
-0.5845685469137935,0.5033541181863276,-0.040607214363732935,100.26033379449801,240.2744519714107,0.606036514043808,735,692
-0.5801836137328013,0.5068676375063373,-0.036657988113231954,100.45762245271034,238.99516118748178,0.6061446070671082,735,692
-0.5835617099965176,0.4954446199709951,-0.04405854501276124,100.75440743533133,240.71811648888522,0.6062589883804321,735,692
-0.5948981326226863,0.4968204095377479,-0.0490388615424692,99.27843902157488,239.85341404141155,0.6059111058712006,735,692
-0.5849474824566394,0.4967880658565384,-0.04407970830005051,99.88441320531511,240.29675031659397,0.6059894859790802,735,692
-0.5757359285489888,0.501236650247915,-0.03724963915053692,100.05245038619736,240.31890892338163,0.6062516570091248,735,692
-0.5846896047597419,0.4961099086277151,-0.04428984806601338,100.55696129585237,240.77756200047995,0.6062106490135193,735,692
-0.5864732447729291,0.5013443748904778,-0.04256443494122564,99.6190176503444,239.52925990093735,0.6061529815196991,735,692
-0.5774388653446366,0.5013230310070453,-0.03805791716879564,99.5220465753788,240.12134919331947,0.6062859892845154,735,692
-0.5759520501953412,0.4980926940787812,-0.038929678058280015,100.67902623245239,239.87906476117607,0.6061550080776215,735,692
-0.582804000340394,0.4976693899942675,-0.04256730517306326,100.61021780688495,240.8487774597265,0.606526792049408,735,692
-0.5940890164722435,0.5024043918751183,-0.045842312298562615,98.50804697627301,240.38709638174177,0.6064086556434631,735,692
-0.5860635701381425,0.497185170088422,-0.04443920002486024,99.96665413670823,240.25356536931946,0.6064516603946686,735,692
-0.5836303126325505,0.4972969051897671,-0.0431667037213917,100.52838691609206,239.20407805281752,0.6063013076782227,735,692
-0.5802933841056307,0.4983404906937386,-0.04097644670594605,102.08185176580369,241.17118646555383,0.6068103313446045,735,692
-0.5777862789861932,0.5100599078484496,-0.0338631855688718,97.54419227457318,241.058794686836,0.6067388355731964,735,692
-0.5837973632247099,0.49707266286959045,-0.04336235017755971,100.37758340315676,240.44799204267835,0.6063982248306274,735,692
-0.599047689831049,0.48252078419101496,-0.05826345282001699,101.33611726060063,242.30151008363615,0.6042393147945404,906,692
-0.6035687589036124,0.484090821646526,-0.05973896862854319,100.47860623341924,240.72850654831285,0.6039655208587646,906,692
-0.5899617938259226,0.48394381076186443,-0.05300899153202909,99.1587023200713,241.25880712040905,0.6043536067008972,906,692
-0.6024835223737335,0.4703262698636631,-0.06607862625503519,99.99850719956203,240.2118176621023,0.6044090688228607,906,692
-0.5964068904575772,0.467020461260844,-0.0646932145983666,99.72989857730337,239.14135080025682,0.6042847037315369,906,692
-0.5973098231288523,0.4723366430933533,-0.06248659001774948,100.97116265503115,240.100863105046,0.6043224930763245,906,692
-0.5906737562791384,0.47197026570431266,-0.05935174528741288,100.68598568269326,240.2324390506761,0.6050095856189728,906,692
-0.5920334193710551,0.4683023332677614,-0.061865543051646876,99.91041572211768,240.83082872957064,0.6049808263778687,906,692
-0.6063580394604057,0.4783404794834231,-0.06400877998849128,100.3779905811129,241.10273878458096,0.6053909361362457,906,692
-0.6045248534702716,0.47600573948543373,-0.06425955699241895,100.01234627682067,241.60454497867013,0.6055567860603333,906,692
-0.5973014096408427,0.4800102148164989,-0.058645597412171874,100.18578018355205,241.15305375266405,0.6055995225906372,906,692
-0.5977465159865784,0.496464218342902,-0.05064114882183818,100.29622754339108,242.07371771231547,0.6054954826831818,906,692
-0.5901507810286759,0.4883253723808194,-0.05091270432392825,100.81125329027756,241.46284554784825,0.6055759489536285,906,692
-0.5911115763591778,0.489389994215054,-0.05086079107206187,100.42437185431811,241.61937684650204,0.6058129370212555,906,692
-0.5937993568672363,0.4849373699847816,-0.05443099344122734,99.72984578868483,241.63979457800912,0.605946272611618,906,692
-0.5988650636672419,0.49554940761369404,-0.05165782802677393,100.74998247566602,241.67463559262902,0.6067054867744446,906,692
-0.6027598863993854,0.49063386253245833,-0.056063011933463525,100.08672553335182,240.99893183661925,0.6067921817302704,906,692
-0.6093997137989182,0.48636896384683775,-0.06151537497604023,100.80839373341024,240.77183327186708,0.6066820919513702,906,692
-0.5998691376917946,0.4781996331144994,-0.0608347522886476,100.13051142383256,240.38477565887843,0.6067728400230408,906,692
-0.5986156658284952,0.4877681949211993,-0.055423735453647954,98.87076362620721,241.43800033839906,0.6068545281887054,906,692
-0.5971005946704827,0.48659424891321323,-0.05525317287863474,99.34810105817905,241.26059247357375,0.6069927513599396,906,692
-0.6040377475919121,0.48294576999548544,-0.060545988798213324,100.36611732835844,240.93103245073124,0.6068542003631592,906,692
-0.6105136511526866,0.4912800025000127,-0.05961682432633697,100.351039131953,241.20815468410274,0.606970340013504,906,692
-0.6142539058146382,0.4959383063420554,-0.05915779973629143,100.65378801573014,242.1457786826495,0.6071038246154785,906,692
-0.5919427915149619,0.4873667347990445,-0.05228802835795868,100.70493086405895,241.15605872624116,0.6069549918174744,906,692
-0.6097475037478726,0.48340969130068207,-0.06316890622359525,98.87675029784646,240.51416659622365,0.6067454218864441,906,692
-0.591688615207179,0.48801881688506027,-0.05183489916105935,98.73820416378673,240.71036846983066,0.6064281165599823,906,692
-0.605516829397207,0.4844851691228198,-0.06051583013719358,98.93646489474216,239.35271640636677,0.6070631742477417,906,692
-0.6042815957415595,0.4728912786077536,-0.06569515856690294,98.73634668892427,239.88320519405548,0.606468141078949,1077,692
-0.5946902379067196,0.47971588764070044,-0.05748717513300958,98.98730724829966,241.53486664314897,0.6068460941314697,1077,692
-0.594739363164404,0.48328673976342984,-0.055726311700487086,99.53080845532445,241.264910136509,0.6068911552429199,1077,692
-0.6270961317612991,0.5014762408257843,-0.06280994546775737,97.36323427583679,237.85671956534893,0.6069655418395996,1077,692
-0.6334823278335098,0.48212064374223695,-0.07568084204563641,100.853479980194,238.6743665811381,0.6071242690086365,1077,692
-0.6365938455660602,0.4594505626682105,-0.08857164144892488,103.08899458295237,241.9969489032274,0.6061644852161407,1077,692
-0.6422229666911013,0.458339527592073,-0.09194171954951416,97.12857611910236,234.08197166569,0.6055814921855927,1077,692
-0.6286943958554075,0.4799649333382374,-0.07436473125858506,97.86976453144266,239.26050711515228,0.6057291328907013,1077,692
-0.6154587449653011,0.48155898289654464,-0.06694988103437821,98.89885954366369,239.50070750320234,0.6061300039291382,1077,692
-0.608091475063865,0.48198538653692863,-0.06305304426346817,100.0000361808974,239.03284650703844,0.6058968603610992,1077,692
-0.6024091822147132,0.47395915822312334,-0.06422501199579492,98.07667076512223,239.54596687730321,0.6055807173252106,1077,692
-0.5941479758518726,0.47783320180335276,-0.05815738702425993,98.3577607239861,239.81015493658018,0.6058058440685272,1077,692
-0.597605420514524,0.4716858275279502,-0.06295979649328692,98.69700729463389,239.33552302552664,0.6049548983573914,1077,692
-0.5970519437357118,0.4665904723677386,-0.0652307356839866,98.37937329725563,240.34037683231637,0.6052850782871246,1077,692
-0.6137865146500254,0.47097894962175646,-0.07140378251413448,100.10054397172162,240.95062067795874,0.6056985259056091,1077,692
-0.5996065480938002,0.4823391610048369,-0.05863369354448164,100.16486777512145,242.35138215357142,0.6053422093391418,1077,692
-0.6060591325723464,0.4799329470020589,-0.06306309278514377,101.19239451756704,240.92418973644345,0.6047028601169586,1077,692
-0.6111291631238623,0.48498833764687654,-0.0630704127384929,100.86800552927764,242.23653944732567,0.6050557792186737,1077,692
-0.5983616438047838,0.47575512497716865,-0.0613032594138076,98.08110542437427,240.57480857358084,0.6052530109882355,1077,692
-0.6079068473831106,0.48012750408432736,-0.06388967164939163,98.6023748263868,240.9617393500617,0.6050174832344055,1077,692
-0.6218150467688478,0.45167864565438853,-0.08506820055722963,100.69854704025093,239.0524620636132,0.6050628125667572,1077,692
-0.5998017603683918,0.47478691792315775,-0.06250742122261704,99.93084183402001,241.2512440501741,0.605126291513443,1077,692
-0.6065286990628955,0.45945324710669244,-0.07353772597810154,100.08883827532341,239.6523023846481,0.6051383316516876,1077,692
-0.6127086507862766,0.4620933657835939,-0.07530764250134134,98.80732161184427,240.83147798969455,0.6051235496997833,1077,692
-0.617073428816177,0.46694098243159626,-0.07506622319229037,99.64391474191842,240.8208714257983,0.6055514514446259,1077,692
-0.6081330554822703,0.4530935333775735,-0.07751976105234837,101.11258107592856,241.05454963201035,0.6053302586078644,1077,692
-0.6123893997492987,0.4563069079632151,-0.07804124589304182,99.4987438015352,240.54849848528644,0.6055996417999268,1077,692
-0.6179842711641645,0.45836450475741,-0.07980988320337729,99.82760593413117,240.67220172364938,0.6055786311626434,1077,692
-0.6147543018663492,0.45911789907649225,-0.07781820139492845,98.39226623702385,240.3434588626341,0.6059368550777435,1077,692
-0.6042026684678736,0.4700639119121656,-0.067069378277854,99.23384875628507,242.08666639524316,0.6060937643051147,1077,692
-0.6165097421614715,0.4609971262142885,-0.07775630797359148,100.0648488568432,239.45249318436686,0.6053565740585327,1248,692
-0.6416885797935645,0.4594538121091158,-0.09111738384222437,98.51296495339665,239.57094665164686,0.6048892438411713,1248,692
-0.39874111671557655,0.5030922468280896,0.052175565056256534,103.75435346131388,218.98318390019946,0.6138408482074738,1248,692
-0.6103098279278418,0.4811464619872365,-0.06458168297030267,102.84251468281832,237.74263901192347,0.6082311570644379,1248,692
-0.6421307976325328,0.4480174276172635,-0.09705668500763465,98.9685935490127,237.45536333790798,0.6051496267318726,1248,692
-0.6402663564201272,0.4497158216784685,-0.09527526737082934,99.35617583643597,237.63533216530394,0.605495423078537,1248,692
-0.6351254271344402,0.45538083387688155,-0.08987229662877932,99.1081060697772,237.21951141917364,0.606048971414566,1248,692
-0.6264450611921442,0.4425860150999033,-0.09192952304612043,99.88018247835565,237.51063778472272,0.6063977479934692,1248,692
-0.6305576381781017,0.44517516863560813,-0.0926912347712468,99.63847811853957,236.00330428628976,0.606868177652359,1248,692
-0.639788740146063,0.44523767987145135,-0.09727553013730583,100.22427495990055,238.3207029355825,0.6065489947795868,1248,692
-0.6173498189610374,0.44278528577522946,-0.08728226659290395,101.14384072793561,236.83044510255647,0.606368362903595,1248,692
-0.6334753890136935,0.45436487236864526,-0.08955525832252412,100.18857260534045,240.03776238496337,0.6068912744522095,1248,692
-0.6340245930126883,0.44050253608516443,-0.09676102846376194,99.26577559107648,236.66652302030064,0.6070426404476166,1248,692
-0.6314645956048592,0.44143004360134985,-0.09501727600175469,100.76205943588141,237.54073421414176,0.6067797839641571,1248,692
-0.6276093078307605,0.43518935608752335,-0.09620997587161859,99.83849741891405,237.1470041492747,0.6067054569721222,1248,692
-0.6308547340565459,0.4514368247499273,-0.0897089546533093,99.93522906086821,237.09376871440045,0.6079772710800171,1248,692
-0.6271165238684838,0.4421429694311672,-0.0924867772186583,99.94827773413769,235.9348194104248,0.607550173997879,1248,692
-0.6257899648660298,0.4457720597293643,-0.09000895256833275,98.80739776547851,237.71533784738315,0.6079820692539215,1248,692
-0.6287373047416251,0.4438234558173382,-0.09245692446214349,98.086084328386,238.07605522933432,0.6083464920520782,1248,692
-0.6340347720713231,0.45028630113410495,-0.09187423546860907,97.83538703139419,237.22371755443706,0.6081160306930542,1248,692
-0.6298957367056791,0.4468526759569597,-0.0915215303743597,98.86751857193208,235.74277723949467,0.608229786157608,1248,692
-0.6344914821224934,0.4267179885753638,-0.1038867467735648,101.29161670630145,233.4322788092652,0.6089804172515869,1420,692
-0.6498348348271451,0.4373044854885769,-0.10626517466928409,99.31971294379221,236.84052883108276,0.6093824207782745,1420,692
-0.638807904861481,0.42044670215966495,-0.10918060135090801,100.43532113517632,232.3656112234753,0.6083139777183533,1420,692
-0.6528302241970776,0.43275204691374075,-0.11003908864166842,98.67117377672608,235.2283683738358,0.6077845096588135,1420,692
-0.6472660628053115,0.43644744825374193,-0.10540930727578479,98.92357668812764,234.85028311023677,0.6074360907077789,1420,692
-0.6515691168785118,0.4271185953315331,-0.11222526077348935,99.15746261104961,236.809182182463,0.606959342956543,1420,692
-0.6486845598404166,0.4240850914009418,-0.11229973421973741,100.22844686324653,234.37763127205548,0.6064250767230988,1420,692
-0.6483531855989895,0.4432271315794271,-0.10256302700978118,101.20701037087244,235.27713717761205,0.6061981022357941,1420,692
-0.6413901295212164,0.4351027100979762,-0.10314370971162012,100.4965628491424,235.75843155735132,0.6061481833457947,1420,692
-0.6725816082220992,0.4506861686223725,-0.11094771979986337,97.23005036588344,235.0197277606916,0.6055153906345367,1420,692
-0.6748994807812804,0.4610491086302914,-0.10692518607549448,101.1113698605121,241.5962993915535,0.607362300157547,1420,692
-0.6471502857956533,0.41569925625710064,-0.11572551476927631,97.28265038512893,234.8013043965457,0.6061415672302246,1420,692
-0.4759700954882955,0.5150188396212456,0.01952437206647506,103.92461644973832,227.80655519104863,0.6161104440689087,1420,692
-0.46135194110023814,0.49499638988967276,0.01682222439471731,104.25089669545346,223.89718124113352,0.6164766848087311,1420,692
-0.5233732329260805,0.5065517454444107,-0.008410743740834892,106.96834605160761,233.19237008770955,0.614253580570221,1420,692
-0.6530358349179134,0.42916443564655044,-0.11193569963568148,101.58976232917826,237.66901371647754,0.6085662543773651,1420,692
-0.6435144023098924,0.43477794456287705,-0.10436822887350769,98.43348386430206,234.69609887086537,0.6081812381744385,1420,692
-0.6646982590265885,0.44801972585371197,-0.10833926658643828,99.48532658860805,235.58494179448206,0.6067587435245514,1420,692
-0.642442477409458,0.43449634247944413,-0.10397306746500695,99.24334410141185,234.08831413889746,0.6071316003799438,1420,692
-0.6531693585250202,0.4234988733783379,-0.11483524257334116,101.09258322368714,234.4191144173399,0.6066033840179443,1420,692
-0.6426605982027775,0.4348687373376387,-0.10389593043256942,99.51384215199022,236.49512652686187,0.6075410544872284,1420,692
-0.6408428956329453,0.43196657668325805,-0.10443815947484361,100.67958742758276,235.3739940565784,0.607181966304779,1420,692
-0.6417295167745415,0.4338930350596109,-0.10391824085746529,100.8977119873422,234.38244534015772,0.6072504222393036,1420,692
-0.6419877964467211,0.4421405523754584,-0.09992362203563135,100.2680390853422,234.86572619054115,0.6075733304023743,1420,692
-0.6432669295080856,0.4418716906697308,-0.1006976194191774,101.13986215924757,234.80092130990224,0.6076274216175079,1420,692
-0.6403151382332597,0.44212205672346505,-0.09909654075489732,102.07969939028007,235.5631478293881,0.6076051890850067,1420,692
-0.6422363106234481,0.4259375808942504,-0.10814936486459886,101.1425675348144,233.66025512996023,0.6072776019573212,1420,692
-0.6593913425807209,0.4123667516831151,-0.12351229544880288,99.60573793026718,234.0486231926378,0.6076255440711975,1420,692
-0.6476956673724145,0.43606429754977544,-0.10581568491131951,99.64381825507843,236.9448630084505,0.608203798532486,1420,692
-0.6482633437948703,0.4327321430556998,-0.10776560036958524,98.88275319339462,233.87191780137087,0.6080178916454315,1420,692
-0.6429920598080533,0.4331319875529349,-0.10493003612755919,99.49795867710259,234.11012782154023,0.6080062389373779,1420,692
-0.5201111670608645,0.5712531406651811,0.025570986802158302,98.23794676432624,234.9563433977328,0.6200624406337738,50,906
-0.5063782127111984,0.599647268833024,0.04663452806091278,96.20305388058304,236.57995889603987,0.6204906702041626,50,906
-0.5311564872565533,0.5614317708398054,0.015137641791626077,97.91782761286882,234.67625725218744,0.6199287176132202,50,906
-0.5198804398820857,0.5745332242358319,0.027326392176873104,98.85172589765108,235.52404762791488,0.6202877163887024,50,906
-0.4885622283024841,0.5023150693747963,0.006876420536156114,100.60167598459083,222.48077093510383,0.6178710162639618,50,906
-0.4731401589617646,0.5072062241183382,0.017033032578286783,104.706552062788,225.74374726843794,0.6180071830749512,50,906
-0.48318111524447793,0.5124695461026022,0.014644215429062135,101.5096791040142,224.62534260414978,0.6183801293373108,50,906
-0.5036955785092542,0.5795357953627107,0.03792010842672827,99.48278266735456,232.96344517810073,0.6202319264411926,50,906
-0.5087492262029732,0.5993767068104029,0.04531374030371482,95.8517580017681,235.07624279131198,0.6201769113540649,50,906
-0.5164724716519721,0.5809041151744276,0.03221582176122778,97.53341311582022,235.77207064657892,0.6194054186344147,50,906
-0.5017832080395828,0.5963837282356252,0.04730026009802124,96.33873618332962,235.0852705800401,0.6201208233833313,50,906
-0.510913783590902,0.6253388963333192,0.05721255637120859,96.89997553167632,237.7137730040805,0.6204979419708252,50,906
-0.49900687852487274,0.5938379503874838,0.047415535931305514,98.00277959843626,235.15495040548007,0.6205584704875946,50,906
-0.5130915359893666,0.5917969146857287,0.039352689348181036,97.61699573661201,236.74835627700685,0.6206322908401489,50,906
-0.4979795452173132,0.5883186924489544,0.04516957361582061,99.36564423984797,236.73540666776177,0.6215195953845978,50,906
-0.504885800663718,0.5956470035249091,0.045380601430595524,95.86270033608045,235.67174153578964,0.6220428645610809,50,906
-0.5070180697560414,0.5856678933200765,0.03932491178201758,97.79723795328769,234.96609298721697,0.6219556331634521,50,906
-0.5121287677274644,0.5826541709193596,0.035262701595947576,96.57282314070208,235.7438979560429,0.622068852186203,50,906
-0.5064601055797885,0.6189645715843266,0.05625223300226906,97.14048415148409,236.3428162610344,0.622564285993576,50,906
-0.5083598908858408,0.5857104492234906,0.038675279168824905,97.86690611779231,234.61234046705695,0.6223928332328796,50,906
-0.4988212536006268,0.5966377670997707,0.04890825674957194,97.40084282828673,233.77610904764418,0.6225054264068604,50,906
-0.503632687198206,0.5954387307378699,0.045903021769831964,99.01404557567764,235.47289676545873,0.6227495670318604,50,906
-0.5027066450678355,0.6066373069771593,0.05196533095466194,98.02610380533494,236.95458310339973,0.6227471232414246,50,906
-0.5098539261939512,0.6041973763879005,0.04717172509697465,97.6022450035671,237.650503270724,0.6227040588855743,50,906
-0.517299477611108,0.6009218190291659,0.041811170709028955,95.92336732409028,235.70703182505372,0.6226181089878082,50,906
-0.49948554128510486,0.5986116909128916,0.049563074813893354,97.83173326724412,235.6556007571184,0.6232220530509949,50,906
-0.505403909596913,0.5959103660287947,0.045253228215940855,97.33901683512279,235.64776615172806,0.6226852536201477,50,906
-0.5135617937568236,0.5882397579559273,0.03733898209955183,96.06032367725629,235.56674012252918,0.622695803642273,50,906
-0.5263391533269808,0.5892241379546503,0.03144249231383478,96.23436644809709,235.84328992308733,0.6231387853622437,50,906
-0.5202213963316931,0.577778496506112,0.028778550087209476,97.39834856960226,235.3288654076639,0.6235939562320709,50,906
-0.5235930318806978,0.5811451903150487,0.028776079217175454,96.2515061127036,235.1813415105751,0.6237752437591553,50,906
-0.5257770489744118,0.57592629526014,0.025074623142864128,97.3598013185448,236.5099670399352,0.6236422955989838,50,906
-0.541582674522242,0.5830604068402795,0.020738866159018765,97.35149077861468,238.87954649129193,0.6225829720497131,221,906
-0.5295205880959594,0.5572625469297338,0.013870979416887197,98.66991993345245,235.89373596707017,0.6221639811992645,221,906
-0.5181762334911247,0.5768665708102069,0.029345168659541065,97.05039316406936,236.8193111282255,0.6224888563156128,221,906
-0.5184403317749583,0.5803386503157709,0.030949159270406312,97.77163015090957,237.2308889787352,0.622439831495285,221,906
-0.5314073716768538,0.5653391210259092,0.016965874674527703,97.6849841374274,234.56389889870184,0.6209217607975006,221,906
-0.46943102049011687,0.4842625780624982,0.007415778786190652,103.69045812311172,220.0640951053702,0.6200306713581085,221,906
-0.4847508039536495,0.4694003613909894,-0.0076752212813300524,105.45068751189804,225.88654283191553,0.6186155080795288,221,906
-0.49491048731045134,0.5175326584289268,0.011311085559237738,104.06956799487577,232.6163927181586,0.6201848387718201,221,906
-0.5193342239185248,0.562912447361295,0.02178911172138509,95.4873701715312,232.17676625097582,0.6208796501159668,221,906
-0.5081071876717291,0.5751363148623702,0.03351456359532051,95.72315414621747,234.27265464558522,0.6210853457450867,221,906
-0.5227808730398122,0.5719708150924482,0.02459497102631797,96.00491111465296,234.58193738735534,0.6211118996143341,221,906
-0.5291001600273719,0.5590353554509444,0.01496759771178624,96.54404604484,234.61261490977842,0.6207097172737122,221,906
-0.5183505023765612,0.557014744918501,0.019332121270969893,97.05129033640495,234.47438541764285,0.6208472847938538,221,906
-0.5359508021512619,0.5801770496078479,0.022113123728292994,96.6215294692611,235.96836448937245,0.6210158169269562,221,906
-0.5167760799359209,0.5745396277599051,0.028881773911992092,97.34532771539938,236.28525722300964,0.6211681365966797,221,906
-0.5381757783097811,0.5728352850536971,0.017329753371957968,96.80306968978967,235.2133911985236,0.6212677359580994,221,906
-0.5298887958311713,0.5837238200606275,0.026917512114728093,96.82651382244327,236.49392587543937,0.6214440166950226,221,906
-0.5353590204885594,0.5718864145893735,0.018263697050407035,96.55658009716414,235.85526071559775,0.621109277009964,221,906
-0.5345006294194778,0.5543538424631559,0.009926606521839021,96.85607708673783,234.7401051675734,0.6214013993740082,221,906
-0.5345023159848958,0.5571703524495274,0.011334018232315779,97.12668859345672,235.79298824181808,0.6211076974868774,221,906
-0.530828561426781,0.5679783122215197,0.01857487539736935,97.03502013744927,236.6422180651194,0.6214299499988556,221,906
-0.5324607846385357,0.5811448680789307,0.024342041720197494,96.83852681869841,237.32980978491491,0.6211420595645905,221,906
-0.535715032696023,0.5881703576562759,0.026227662480126424,97.77124110854106,237.61444764438272,0.6213662326335907,221,906
-0.5365929986924757,0.5706413486893938,0.01702417499845904,96.90173399348737,236.31055109237948,0.6209210157394409,221,906
-0.5224909143605939,0.5800867993035504,0.028797942471478266,97.85613331709848,236.10648854330117,0.6211530268192291,221,906
-0.543647160595599,0.574115248113101,0.015234043758750981,95.67951609094146,237.02057012493972,0.6204181909561157,221,906
-0.51635123164388,0.5705547512895328,0.02710175982282642,99.5846059711503,236.03361838071564,0.6204284131526947,221,906
-0.529954892125921,0.571905010031344,0.02097505895271151,98.6090295385798,236.70467517675849,0.6198927164077759,221,906
-0.5300647693299135,0.5697009178458999,0.0198180742579932,98.31797097263811,236.7693407155207,0.6197238862514496,221,906
-0.523153548213593,0.5798522943877328,0.028349373087069918,97.28430333536242,237.91756036727094,0.6200143694877625,221,906
-0.5274671293455343,0.5647020311411839,0.018617450897824794,99.44330511837238,236.70421304713756,0.6196922957897186,221,906
-0.5257234751817625,0.5813526101349349,0.02781456747658617,97.12320701969773,237.57656859118853,0.6197015643119812,221,906
-0.5270818374850261,0.5625618663089069,0.017740014411940397,98.24888870440553,236.37764961779365,0.6196028590202332,221,906
-0.5457198191308689,0.5647767647272196,0.00952847279817537,97.51172956699529,236.5640546701202,0.6183100342750549,392,906
-0.5409607627643094,0.5376835643525116,-0.0016385992058988719,99.39432903833546,234.09411871108486,0.618343710899353,392,906
-0.5455750074860428,0.5429102210721714,-0.0013323932069357336,97.40416109648629,235.19901429971378,0.6179414093494415,392,906
-0.5379717111996777,0.5364897006992998,-0.0007410052501889419,97.31686059292088,234.53522442887996,0.6180194914340973,392,906
-0.5443596140867903,0.5394307497075063,-0.0024644321896420407,98.50686196222823,236.9040442865413,0.6172837615013123,392,906
-0.5331792752535592,0.5505679786744461,0.008694351710443415,97.73679229635104,234.99355787521637,0.6181324124336243,392,906
-0.5434642072228398,0.5559888076548217,0.006262300215990946,97.90673191037389,236.3148783521451,0.6180809736251831,392,906
-0.5449940574908021,0.5368202923545926,-0.004086882568104744,98.62976267795317,234.25953115329904,0.6180788278579712,392,906
-0.542963229943345,0.5345428182990619,-0.004210205822141544,97.27109928140185,235.39543531404803,0.6176758408546448,392,906
-0.547457573591126,0.5528981164038774,0.002720271406375707,97.3175198022305,236.05978240451634,0.6177054047584534,392,906
-0.5418410820970528,0.5479709376906996,0.00306492779682338,98.32013808477302,234.05360971495801,0.6177797913551331,392,906
-0.4458478694079399,0.511808487609977,0.03298030910101854,104.62282146040916,223.23842242606284,0.6192139089107513,392,906
-0.524831721028501,0.49542443290487653,-0.01470364406181221,97.53487017219072,229.05145455858292,0.6168770492076874,392,906
-0.5434844726901308,0.5281228827917203,-0.007680794949205261,98.57585164001202,236.16850758208068,0.6168278753757477,392,906
-0.5465269771498564,0.5487319856861228,0.0011025042681331865,96.40827175987505,235.1816807544471,0.6179090738296509,392,906
-0.5480216340762147,0.5420285675820887,-0.0029965332470630046,98.8123779885951,235.9395119555548,0.6178077757358551,392,906
-0.5444555348572911,0.5447122353639808,0.0001283502533448444,98.07366647766335,237.60549222383074,0.6174700856208801,392,906
-0.5478861274977028,0.5326813531643556,-0.007602387166673608,99.06220264960024,234.65866660570663,0.6180624961853027,392,906
-0.5476179397990406,0.5228660278274103,-0.012375955985815146,97.71252362669536,236.72381935627809,0.617273211479187,392,906
-0.5411429033798333,0.5222058621465061,-0.00946852061666359,98.3819619132365,235.92683101526217,0.6174741685390472,392,906
-0.5499095137324802,0.5313941843448057,-0.009257664693837264,99.09903538360989,235.20377423832923,0.6176093816757202,392,906
-0.5577273775120549,0.5375251999221344,-0.010101088794960245,99.12384833686846,234.06986956063128,0.6181904673576355,392,906
-0.543458908444889,0.5345524934504714,-0.004453207497208789,98.47333453914325,235.88118797525883,0.6176128685474396,392,906
-0.5487850958673088,0.5378749074535499,-0.005455094206879452,98.4520638539457,234.52918565495415,0.6181619167327881,392,906
-0.4854233809219146,0.4881944813013847,0.0013855501897350464,105.84769019903115,226.9510841183051,0.6163173913955688,563,906
-0.4489714762143859,0.4346479847544986,-0.0071617457299436305,106.61810448885117,216.89934721198716,0.6165392100811005,563,906
-0.5136210372992289,0.4394068836046862,-0.03710707684727135,106.15756409690036,224.7909918997369,0.6146915555000305,563,906
-0.5606310428762505,0.5021518372225968,-0.02923960282682686,101.27530027488305,235.72063726052167,0.6147129237651825,563,906
-0.5749677723118956,0.4894481706203186,-0.04275980084578848,100.02526332615744,233.90611698921728,0.6133829951286316,563,906
-0.5807850351912766,0.5191903380595566,-0.030797348565859972,99.27081701494384,236.73170323441946,0.61390620470047,563,906
-0.5678807702006663,0.5148190551582411,-0.026530857521212592,101.41344075331821,237.30228825505293,0.6137785613536835,563,906
-0.565773184409707,0.5160461585601319,-0.024863512924787556,99.16080123505444,235.30756422425748,0.614056259393692,563,906
-0.5629272709981678,0.512932770088709,-0.02499725045472939,99.72279476635686,236.65326419976188,0.6139576435089111,563,906
-0.5611100082834619,0.5190414934505969,-0.0210342574164325,98.59485574706483,235.96720125332473,0.6141182780265808,563,906
-0.5654838948565407,0.5124538144397375,-0.02651504020840162,98.2476623510405,235.88035309131263,0.6141188144683838,563,906
-0.5682912193578156,0.5141989868330112,-0.027046116262402164,98.98566153532938,236.76719694184385,0.6140149831771851,563,906
-0.5735733312316171,0.5030315588184647,-0.0352708862065762,99.07178007026133,235.03791194226278,0.6139587759971619,563,906
-0.578949693890541,0.49208823701356136,-0.0434307284384898,100.18000255898848,237.52232496488733,0.6137643158435822,563,906
-0.5764304332103324,0.4974399089505496,-0.03949526212989138,99.78837595007883,235.61122307757446,0.614055335521698,563,906
-0.5703212891090239,0.5034587800762411,-0.033431254516391395,99.40117024517954,238.0260600525634,0.6139435470104218,563,906
-0.5697710419624744,0.4976750186437288,-0.0360480116593728,100.72999767414944,237.13069422393636,0.6135683059692383,563,906
-0.5581405957429003,0.49094699312751894,-0.03359680130769069,101.47102621364971,236.16771637626442,0.6136656999588013,563,906
-0.5609470184006946,0.5129951127549449,-0.023975952822874846,99.75638118519618,238.44375182650984,0.6137861907482147,563,906
-0.5575917248966122,0.5059826043322083,-0.02580456028220196,100.27106799450576,235.7195064917066,0.6134090721607208,563,906
-0.5548004400110901,0.48890615237897195,-0.032947143816059066,100.31631104230124,237.11602757891356,0.6130742728710175,563,906
-0.5537213299710478,0.4973024721609847,-0.02820942890503156,99.96644412961876,236.10881068940623,0.6131283938884735,563,906
-0.5571714804359914,0.48904464506073025,-0.034063417687630576,99.59736663334925,236.47930561039914,0.6130398213863373,563,906
-0.5605078752059982,0.5001095698287388,-0.030199152688629716,99.77780466068091,236.63698944045603,0.6128836870193481,563,906
-0.553726529737372,0.5057386144551179,-0.02399395764112705,100.8167525628759,236.4080735147172,0.612972229719162,563,906
-0.5598375390853757,0.5029589449609748,-0.02843929706220044,100.94327060240278,237.3727612084186,0.6126995086669922,563,906
-0.5550225123522918,0.5032998614475945,-0.02586132545234865,100.11953676348318,237.27361671076494,0.6128794252872467,563,906
-0.5650010282522906,0.4998968178472979,-0.03255210520249635,99.60312952234483,238.0267573751761,0.6128545999526978,563,906
-0.5643180610623592,0.5030784340314667,-0.030619813515446237,100.26906004576722,237.78127382854709,0.6128276884555817,563,906
-0.5734928730817741,0.5080793277610587,-0.03270677266035771,99.52865383880578,239.2729702055132,0.6127209663391113,563,906
-0.5736919055475699,0.5012247801934308,-0.036233562677069564,101.1047505893286,237.99130213710248,0.6126933097839355,563,906
-0.5648992101233081,0.48690155267532215,-0.03899882872399299,99.19910338039008,237.20504852775372,0.6128489673137665,563,906
-0.5990223986009848,0.4609040686779501,-0.06905916496151737,98.78832044102342,234.7271677726301,0.612326592206955,735,906
-0.5375350259030744,0.48681466649322963,-0.02536017970492241,104.64826584653483,233.416314859722,0.6146875321865082,735,906
-0.5918405761921572,0.46214389642827175,-0.06484833988194275,102.03275057798828,236.4966401337265,0.6112468242645264,735,906
-0.5828718883353435,0.48338043748350745,-0.04974572542591804,100.48012906351053,234.90979056081622,0.6117379665374756,735,906
-0.6022069658945179,0.4883810191984208,-0.05691297334804857,100.299716608133,235.85299409305634,0.6122661828994751,735,906
-0.5962073256121273,0.4927554549307961,-0.05172593534066561,99.60733241138344,236.4978531594446,0.6124444901943207,735,906
-0.6055587248353469,0.5078532917029306,-0.048852716566208154,98.34740803373057,238.65045206472487,0.6124812960624695,735,906
-0.6012109192849399,0.4984662053932579,-0.05137235694584097,99.05038582542974,235.92377980243148,0.6121308505535126,735,906
-0.5948632690795475,0.4914150306538879,-0.05172411921282977,99.2614704256458,237.4689279187153,0.6123456954956055,735,906
-0.5913781124269244,0.49716546922177374,-0.04710632160257533,99.59642568053235,238.10464939308815,0.6124217212200165,735,906
-0.5960229093954608,0.49257888032058234,-0.051722014537439215,99.24608637939784,236.7696738774296,0.6123285293579102,735,906
-0.5859869620016681,0.49716136777461467,-0.04441279711352672,99.45742882342502,238.0433683593023,0.6121678054332733,735,906
-0.5980032926402001,0.49814813157248866,-0.04992758053385574,99.46389886751285,238.76118313416265,0.6119599044322968,735,906
-0.6008717305602668,0.4936673713119807,-0.05360217962414304,99.71965314943853,238.87493468896798,0.6118450164794922,735,906
-0.5924267265121098,0.4806180464617691,-0.05590434002517036,99.20828314486356,238.59886762337806,0.6116813719272614,735,906
-0.5934519716828821,0.4831724267518764,-0.05513977246550286,99.79979701915596,238.37657887010545,0.6113039553165436,735,906
-0.6067396120082968,0.4920004612998764,-0.05736957535421022,95.96184087412902,238.2315993764273,0.6110333204269409,735,906
-0.6107294179112676,0.48724613354841845,-0.061741642181424555,96.57095715909172,236.6045630600084,0.6111461818218231,735,906
-0.581834048684687,0.5012905193023965,-0.04027176469114524,96.9704068221107,233.25171106534927,0.6118307113647461,735,906
-0.5462319040221824,0.48724665064365186,-0.02949262668926525,97.07373923252946,229.0561340765288,0.613631546497345,735,906
-0.5258825896937219,0.5026119379626063,-0.011635325865557822,97.13448968008368,226.40647471689758,0.6143033802509308,735,906
-0.561340754642999,0.49422219886110486,-0.03355927789094709,97.73672341054959,230.5926561789197,0.6128338575363159,735,906
-0.60771562527149,0.48920006782946984,-0.059257778721010096,96.20177442328551,236.65670101106085,0.612123042345047,735,906
-0.5988369729839875,0.49051954751625576,-0.05415871273386588,97.72498507104102,236.31868566706672,0.6120517253875732,735,906
-0.5801273472878954,0.49186840681330674,-0.04412947023729433,97.6132003746085,237.26022030509378,0.612482875585556,735,906
-0.5856910274140565,0.4929602692848584,-0.04636537906459906,98.02765119755108,235.86806192486532,0.6125762760639191,735,906
-0.5902984591950008,0.4888860529572739,-0.05070620311886345,98.00264862140838,235.23124710578696,0.612535834312439,735,906
-0.5838692048117333,0.49243366087235313,-0.045717771969690096,98.15021644722637,236.35694626474697,0.612355649471283,735,906
-0.594811428120737,0.49539545952299546,-0.049707984298870744,97.98807386848156,236.95287780019865,0.6124350428581238,735,906
-0.5783343924725186,0.4924972435200697,-0.042918574476224464,97.99339998681509,237.06984957984216,0.6123472452163696,735,906
-0.59060838713292,0.49070345437933344,-0.049952466376793264,98.9399193429738,236.30776521024617,0.6123517453670502,735,906
-0.5736549626400004,0.48893885041617424,-0.04235805611191307,99.023172253465,237.33665227961234,0.6122294366359711,735,906
-0.5815589582920366,0.4961802116543995,-0.04268937331881856,99.34384035062479,237.51119186555007,0.6121790707111359,735,906
-0.6005818426335843,0.4652868831044332,-0.06764747976457552,100.07749042445397,236.6229397978411,0.6101595461368561,906,906
-0.6022922277177705,0.4724507494825436,-0.06492073911761342,99.78568781308505,237.38055531580483,0.6101191341876984,906,906
-0.6024648186372068,0.47122939941015696,-0.06561770961352492,101.1587490195721,237.70669575289753,0.6099042296409607,906,906
-0.6038082315569883,0.467418923527681,-0.06819465401465363,99.89074526492462,237.24443170558965,0.6100946962833405,906,906
-0.6044116412300459,0.469098313952807,-0.06765666363861944,98.39649264504337,238.15835634677097,0.61015984416008,906,906
-0.603124802994287,0.4701333017351204,-0.06649575062958327,98.97339930184134,238.2823463287427,0.6099608838558197,906,906
-0.6092626008850811,0.4637406450901155,-0.07276097789748281,98.71767768782144,238.0187546837593,0.609858900308609,906,906
-0.6046431690164539,0.4643133992650081,-0.0701648848757229,99.86015393342927,237.9658272665888,0.6100663244724274,906,906
-0.6059274743010903,0.4696981021807641,-0.0681146860601631,98.7386390304882,237.891749013796,0.6103393733501434,906,906
-0.6140813219115052,0.4726322597691927,-0.07072453107115625,97.84012155453232,236.7542219471968,0.6103905141353607,906,906
-0.6123532665186603,0.47357452051249316,-0.06938937300308357,99.43978715201487,237.17388118082746,0.6104089915752411,906,906
-0.608837236680671,0.47989683917279435,-0.06447019875393833,98.92131525519116,239.36585907900968,0.6104017496109009,906,906
-0.6047876253965404,0.465170833015766,-0.0698083961903872,99.19777885125086,237.50933482917134,0.6095558404922485,906,906
-0.6042096104361148,0.48474166177749534,-0.059733974329309714,99.4831920560193,237.07350458564179,0.6103441417217255,906,906
-0.6082294366692549,0.49417162037670465,-0.05702890814627512,99.86382811438445,239.60696006102268,0.6101723611354828,906,906
-0.6047849554244681,0.4826289495808753,-0.06107800292179638,99.56562045205627,237.83023302988207,0.6104183793067932,906,906
-0.6086128857172227,0.4700398657382347,-0.06928650998949401,99.43660736065385,237.03624513849485,0.6091887056827545,906,906
-0.47419016601626,0.4427082475746873,-0.01574095922078636,105.57213708312932,219.53859373515468,0.6148117780685425,906,906
-0.4751240345239848,0.46758563715077445,-0.003769198686605163,102.41356142220778,224.3060214438397,0.614616185426712,906,906
-0.593877591703173,0.47537048132796544,-0.05925355518760378,102.70322458480564,239.28588564744268,0.6102672517299652,906,906
-0.5982471203691861,0.47350620087571865,-0.06237045974673375,100.71068076442708,237.79026264403723,0.6088382601737976,906,906
-0.6065503353410128,0.451447970204999,-0.07755118256800689,98.08262419512653,234.08157931846918,0.6073783934116364,906,906
-0.6193624648168103,0.4829454990750918,-0.06820848287085926,98.12586784159772,237.76087130732327,0.6082627773284912,906,906
-0.6068233387855485,0.46582211377625016,-0.07050061250464917,99.69362725609389,237.03905592428612,0.6077682375907898,906,906
-0.6098583270334477,0.4795313623150287,-0.06516348235920949,98.13840062705461,238.6479850537022,0.6080294549465179,906,906
-0.6063791783853782,0.481849361896652,-0.06226490824436312,97.64096179439767,238.65890238945357,0.6082712411880493,906,906
-0.6112390443865839,0.48701869433356537,-0.062110175026509284,97.72204744248556,238.17716986375672,0.6086466312408447,906,906
-0.6108620379738614,0.4862935710176335,-0.06228423347811396,97.23832057492808,239.72204275123192,0.6086771786212921,906,906
-0.6084526393366544,0.4813098147215455,-0.06357141230755445,97.77793192004862,237.54952062373854,0.6092328727245331,906,906
-0.6050019742368884,0.47282107102502985,-0.06609045160592927,98.84095334904697,237.7690019281899,0.6088314950466156,906,906
-0.6067845464168549,0.4725571279768707,-0.06711370921999207,98.18191262919436,237.06153800453453,0.6091322004795074,906,906
-0.6287113510439403,0.46673183075798746,-0.0809897601429764,100.47183531836927,239.7947336757867,0.6081565320491791,1077,906
-0.6260501032569006,0.46518057501462323,-0.08043476412113867,99.75177642786383,239.2915655002732,0.6080439984798431,1077,906
-0.6202107511719663,0.4578446642291375,-0.08118304347141442,100.07631133025532,239.10673520093718,0.6079120337963104,1077,906
-0.6181875190618265,0.45636603947371573,-0.08091073979405536,99.88164000453695,238.35400672317542,0.6078038215637207,1077,906
-0.6218787220416672,0.45938762750883966,-0.08124554726641375,99.75729357951688,238.80361383942292,0.6079472005367279,1077,906
-0.6116957851387956,0.4577225765045167,-0.07698660431713947,100.35804748651499,238.9522157277419,0.6079310476779938,1077,906
-0.6207849328490203,0.45708154980246873,-0.08185169152327576,99.36864694542498,238.70020252960506,0.6078952848911285,1077,906
-0.6162838609701395,0.46485532181138156,-0.07571426957937899,99.89121759102314,239.3194757548608,0.6078614592552185,1077,906
-0.6205378335465792,0.4609146912110967,-0.07981157116774126,100.20904923481811,238.8763418626437,0.6077782511711121,1077,906
-0.6079284118682216,0.45843939996463734,-0.0747445059517921,99.96262788266178,238.92028096214796,0.6076738834381104,1077,906
-0.6184112069253657,0.459362304861414,-0.07952445103197583,100.16724232257822,238.23350179074907,0.6077182292938232,1077,906
-0.6117643977058352,0.4649510949252526,-0.07340665139029132,100.24218878018479,239.05538732475733,0.6074407398700714,1077,906
-0.6172223445867536,0.4589412571055451,-0.07914054374060425,100.47692324395669,238.32175875900685,0.6073581576347351,1077,906
-0.6133153554197375,0.4581016953636535,-0.07760683002804197,100.01481117701103,238.83425600706676,0.6074994802474976,1077,906
-0.6104928918707853,0.4630953912783203,-0.07369875029623249,99.99091449508609,238.34068101699822,0.6074773371219635,1077,906
-0.6085670845837172,0.46259114327616446,-0.07298797065377638,100.30866057676958,238.88562803759086,0.6071610450744629,1077,906
-0.612007050769892,0.45293046024465955,-0.07953829526261624,100.58783525778911,237.88145520948,0.6069945693016052,1077,906
-0.6157256121765664,0.46054746789787726,-0.07758907213934457,101.28209765182912,238.72713661572647,0.6072071194648743,1077,906
-0.6197787386812055,0.45957970269914805,-0.08009951799102871,100.46991269385603,239.28627818108666,0.6073792278766632,1077,906
-0.6161377306792502,0.4567555052931229,-0.07969111269306361,101.27307790200223,238.12160364622417,0.6070782840251923,1077,906
-0.6166102005249045,0.4563958626936517,-0.08010716891562639,101.09372941030884,238.22426692281476,0.6071642935276031,1077,906
-0.6155560798738684,0.4598015587988882,-0.07787726053749011,99.91247160184642,238.71458167541488,0.6073866486549377,1077,906
-0.6159909317595005,0.4579778002887095,-0.0790065657353955,100.59483393622304,237.94242517490343,0.607155054807663,1077,906
-0.6231959908490133,0.45571266279303724,-0.08374166402798805,100.7042768295126,237.86820559180705,0.607069730758667,1077,906
-0.6124109289765873,0.46805884376411616,-0.07217604260623559,99.63508761089909,238.9681663831004,0.6071951389312744,1077,906
-0.612955145040089,0.4590698155153597,-0.07694266476236464,100.21495092248881,237.3196300192167,0.6070009469985962,1077,906
-0.6140495009504043,0.46155749725159106,-0.07624600184940664,100.13788964234499,237.81039630416154,0.6070347428321838,1077,906
-0.6121202068801467,0.4655003869834591,-0.0733099099483438,99.94334101629725,237.42737068580826,0.6070123314857483,1077,906
-0.60892328680669,0.4672947578145635,-0.07081426449606323,99.93567113702039,237.50088462351073,0.6068902015686035,1077,906
-0.6141894215904488,0.46057942166055255,-0.0768049999649481,99.08334110704513,238.4376530703754,0.6069976985454559,1077,906
-0.6146447239949453,0.45377072755958,-0.08043699821768266,99.62966139404875,238.2987443812408,0.6070700883865356,1077,906
-0.6075983900496421,0.4615744888457794,-0.07301195060193136,99.53968790906296,237.34308538983674,0.6070307493209839,1077,906
-0.6005729301286099,0.45900433160297377,-0.07078429926281807,99.99148730595759,237.59980219409942,0.6067422926425934,1077,906
-0.6194182573796138,0.45590579328772374,-0.08175623204594501,98.92375041867882,239.15373115790678,0.6075001060962677,1077,906
-0.6434351643923968,0.42533103847785964,-0.10905206295726858,101.13281015274151,238.1458838464088,0.6041854321956635,1248,906
-0.44592016966982095,0.5199349724005795,0.03700740136537928,102.62711067401727,225.90368081969356,0.6132023632526398,1248,906
-0.5130105240406562,0.4863256971094266,-0.013342413465614794,102.43228483086185,232.25440880687577,0.6101218461990356,1248,906
-0.6384159692700114,0.3709950911318853,-0.13371043906906308,102.40110740444985,233.66945245909866,0.602070152759552,1248,906
-0.6425106610025118,0.4034706015974139,-0.11952002970254894,101.34252654723699,234.43150083109708,0.6027933359146118,1248,906
-0.6294195349211456,0.41332020436778005,-0.10804966527668275,101.37086343089791,234.7895171023718,0.6018866300582886,1248,906
-0.6413939269501662,0.4241471945680743,-0.10862336619104593,100.10415290255943,235.91023232127156,0.6021718382835388,1248,906
-0.6254345680019583,0.43659968403471516,-0.09441744198362156,101.65529260913577,237.10289864633376,0.6026169955730438,1248,906
-0.6299810246246383,0.4355406603999187,-0.09722018211235983,100.40920582795249,237.0522014515762,0.6030097603797913,1248,906
-0.6204833363533055,0.43107796030880163,-0.09470268802225196,100.71613722127734,236.66322577000193,0.6025533080101013,1248,906
-0.6246310949628294,0.43992719544266895,-0.09235194976008024,100.29089395209877,237.52179633898598,0.6029021441936493,1248,906
-0.6257008435780731,0.4367771832591842,-0.09446183015944445,99.98516493912683,237.2310465860179,0.6025428175926208,1248,906
-0.6183157498188689,0.4535805714168865,-0.08236758920099121,100.93473245284304,238.1039741698151,0.6030912399291992,1248,906
-0.6395538887107537,0.4401377965458464,-0.09970804608245365,100.08302854580931,237.5009969171563,0.6031076312065125,1248,906
-0.617848783580593,0.4422175654942517,-0.08781560904317068,101.2849693486195,238.25830200325873,0.6031323075294495,1248,906
-0.6394588674413946,0.4528705542815986,-0.09329415657989798,99.77668063878801,238.29432294505824,0.6032388210296631,1248,906
-0.6172327617385127,0.44365075805973175,-0.08679100183939048,100.78622305141491,237.24966024256472,0.6031694412231445,1248,906
-0.643184701625584,0.45112663761499333,-0.09602903200529536,100.33603466471388,238.85022077915468,0.6033788919448853,1248,906
-0.6170083228173672,0.43949828925808215,-0.08875501677964251,101.63094247871439,237.360131911194,0.6026355922222137,1248,906
-0.6250505766986331,0.44692453624968814,-0.08906302022447246,101.91292065122855,237.36826527721686,0.6030618250370026,1248,906
-0.6377825561051695,0.44782448810498304,-0.09497903400009325,100.08962483730488,237.64719177158776,0.6033503115177155,1248,906
-0.6126029410474461,0.44394267788371633,-0.08433013158186486,101.36599854225757,239.27765482842,0.6032584011554718,1248,906
-0.6196838318384938,0.45208395154915143,-0.08379994014467121,100.85015780072985,238.38660131466716,0.6033490598201752,1248,906
-0.621111934213097,0.44870357242971076,-0.0862041808916931,100.85312011851968,238.40166244854774,0.6031786203384399,1248,906
-0.6248728177639722,0.4445774263760009,-0.09014769569398565,101.41562096518209,237.02789102083807,0.602706253528595,1248,906
-0.6134772502074533,0.44504102695189207,-0.08421811162778059,101.87273044612377,236.9396870224743,0.6024045050144196,1248,906
-0.6176966817521153,0.442884152391283,-0.08740626468041618,102.01872744598415,236.95761406270177,0.6025218367576599,1248,906
-0.6141153233521164,0.4476239930321155,-0.08324566516000045,101.22616908454617,238.35495233357457,0.602529376745224,1248,906
-0.6330509104601243,0.43978000583508886,-0.09663545231251772,99.86611623362637,237.3611304970396,0.6027548015117645,1248,906
-0.6328793134811671,0.44147838967288827,-0.09570046190413942,98.4267392062309,236.96477661390193,0.6030895411968231,1248,906
-0.6256292431003723,0.4478323907124561,-0.08889842619395807,102.36125899080838,237.3153532259625,0.6026250123977661,1248,906
-0.6135021364755215,0.4422712488786253,-0.08561544379844813,102.41669700567572,237.0789852023956,0.6026851832866669,1248,906
-0.6360574186598618,0.4414849594449589,-0.09728622960745142,101.39474145565765,236.3344497985622,0.6023193299770355,1248,906
-0.615059786197208,0.4457548462130915,-0.08465246999205825,101.9409039620073,238.33558006188025,0.6026497185230255,1248,906
-0.6390054775788783,0.4249659178535471,-0.10701977986266559,99.84068076325704,235.16219527888288,0.6019114255905151,1420,906
-0.6366943783906651,0.4150618162004134,-0.11081628109512587,100.68877627004028,233.3660809452594,0.6025485694408417,1420,906
-0.6358470706596903,0.41962521160516686,-0.1081109295272617,102.55898516864318,236.01737535369625,0.6021864116191864,1420,906
-0.6445437517759225,0.423022238947295,-0.11076075641431374,102.16846556814608,236.19449593149938,0.6023317277431488,1420,906
-0.6381429952230645,0.41851892156130843,-0.10981203683087803,101.47757480076777,234.84466641004863,0.6020566821098328,1420,906
-0.6467883815223955,0.42320503299904116,-0.11179167426167716,100.06090801531158,235.69592807845805,0.6024173200130463,1420,906
-0.6398805843404074,0.41641895926976025,-0.11173081253532358,99.57172678187737,234.99400012654004,0.6024372577667236,1420,906
-0.6347534377651616,0.433265739814628,-0.10074384897526678,100.86458955670837,235.7522818760334,0.6026135981082916,1420,906
-0.6483926660892706,0.42505950474139786,-0.11166658067393637,101.4175028743639,235.0318004003618,0.6025570929050446,1420,906
-0.6374162614452971,0.431131975689875,-0.10314214287771103,101.01458644097772,236.06429578090808,0.6028392612934113,1420,906
-0.6511866259628459,0.4247226188162607,-0.1132320035732926,101.32668682402297,234.78876800568617,0.6024420261383057,1420,906
-0.631839949593939,0.4347882593749837,-0.09852584510947762,101.41012050756123,235.16462964383524,0.6027429103851318,1420,906
-0.6383818406016459,0.42309993132402873,-0.1076409546388086,102.4051264627715,235.40917334607101,0.6025333106517792,1420,906
-0.6258103834448747,0.439128727239503,-0.09334082810268585,102.24209167936417,236.36428320121993,0.6026852428913116,1420,906
-0.6424962654252343,0.4132796771149707,-0.1146082941551318,103.08073051695918,234.77265688266087,0.6023642122745514,1420,906
-0.632088286787407,0.4164920934548634,-0.10779809666627183,101.06463720565452,233.93091867828116,0.6020006835460663,1420,906
-0.6504117556507,0.41396124998480016,-0.1182252528329499,100.10850410385667,234.8005495880091,0.6025758683681488,1420,906
-0.6226213189699887,0.4345487093301652,-0.09403630481991176,103.26713500693833,236.4053872216737,0.6026060283184052,1420,906
-0.6388297304666584,0.4146975244570473,-0.11206610300480555,101.2644058539079,234.95319460346138,0.6024052202701569,1420,906
-0.6401838828208435,0.4259933484471812,-0.10709526718683116,100.87797234368583,235.3460853083076,0.6027175188064575,1420,906
-0.6290150422612842,0.41721337481432663,-0.1059008337234788,102.23389997726437,236.12584021207167,0.6024688482284546,1420,906
-0.6372463131351869,0.41096164000808605,-0.11314233656355041,102.1188700125583,235.7006280500823,0.6025215983390808,1420,906
-0.6398473109258962,0.4297460654673897,-0.10505062272925325,100.64519349043138,237.53197231618742,0.603129506111145,1420,906
-0.6338779048906834,0.4100656354485181,-0.11190613472108266,102.27099225155325,235.219353425882,0.6025472581386566,1420,906
-0.6364028594482991,0.41358122893836585,-0.11141081525496663,102.07302729665815,235.86598292459115,0.6024928987026215,1420,906
-0.6339085118036996,0.42820611112328916,-0.1028512003402052,101.7084281527476,237.4103957040398,0.6029758155345917,1420,906
-0.6383577399771536,0.40428140842255345,-0.11703816577730008,101.35793574108251,235.1325366797525,0.6026240587234497,1420,906
-0.6385561431953837,0.4270850888840397,-0.105735527155672,102.80198823409373,236.95207680473595,0.6024180352687836,1420,906
-0.6284148791316961,0.429704448764676,-0.09935521518351006,103.28720174622104,236.0062973032736,0.6024221479892731,1420,906
-0.6302457928972213,0.41681311254467274,-0.10671634017627427,102.95052425728245,236.0774957875747,0.6025472581386566,1420,906
-0.6351484993108671,0.417751707634349,-0.10869839583825908,102.7789362984868,234.46188822922193,0.602422684431076,1420,906
-0.6356885672268016,0.4376425330529841,-0.09902301708690872,102.8573369163175,237.10878246468116,0.6027064025402069,1420,906
-0.6400793690063331,0.4047989775309059,-0.11764019573771362,100.14250295273573,234.95617840316552,0.6021648049354553,1420,906
