left_ratio_x,left_ratio_y,right_ratio_x,right_ratio_y,left_width,left_height,right_width,right_height,screen_x,screen_y
-0.5426795157419708,0.3911842949759874,0.5606874754973064,0.4465964707141874,94.57980509356979,28.827170222037328,91.624788574705,26.701175336267788,20,20
-0.5387322060688258,0.4296626206812625,0.5473345543277139,0.45113893868905036,93.66440849148255,27.168989769857582,91.95216641178281,28.946878732756847,20,20
-0.5396871931435614,0.38846657967870585,0.5555453914386679,0.4514313378180073,93.2750602724777,26.5181645668188,92.44319671835136,27.545931043265842,20,20
-0.5350581938544745,0.38837782481488864,0.549165247594056,0.4377840255676614,92.17437932517755,27.730707539309417,92.67737758407108,26.080257340201886,20,20
-0.5384280938045444,0.34310669686982737,0.55904146317869,0.4360240934516737,94.25547887452487,27.38342020756117,91.90316157472257,27.31944673990259,20,20
-0.5406343967422887,0.3894414688577717,0.5506789109566962,0.42854604513562494,91.13286550848908,27.02114280314473,92.55480538124388,25.987981782541535,20,20
-0.5372075997875748,0.35450397301874936,0.5548291539952049,0.44747632859060626,94.40219626558003,26.86458335257847,91.80719668090286,26.642343951305147,20,20
-0.543900992563561,0.4132481320008891,0.5473012958996133,0.44401368021819615,91.94308385908766,26.659895636202034,93.78863723650025,26.755370429917114,20,20
-0.54774914677611,0.42309695229870337,0.5414829826588462,0.4721545328507401,93.10710302853568,25.429502535964193,94.31876506036598,27.561584642984798,20,20
-0.5387473715890603,0.3628847003775366,0.5559210608412388,0.4533003981890359,93.81365244348228,25.37058355822655,92.88837363403343,26.4216704700393,82,20
-0.548483770885701,0.3738844117602642,0.5564834189622676,0.4594635427818316,94.0841721290665,25.339560029505016,93.44806094084167,27.533942279796968,82,20
-0.541774641480754,0.3466209728994039,0.5504578190587999,0.4473033638644862,93.14528381885275,25.25169430573001,93.44292028832822,26.984510753098565,82,20
-0.5417886594481698,0.34952599446087257,0.5539199353100238,0.43973698023077146,94.25319364177265,25.911112845231717,92.0636715965003,26.651364229910705,82,20
-0.5462074556487939,0.3454074062088269,0.5442171533207445,0.4639342882604257,93.47214667731032,25.339669034929262,93.01490703386422,27.285953235180347,82,20
-0.5375017725943737,0.3330626974655717,0.5541461776717815,0.4550393245721512,94.17870978429012,25.595343603671573,91.34602224441775,27.64186008863477,82,20
-0.5367796814688955,0.3366887733769337,0.5476890560968144,0.4414970469602197,94.26222882609302,25.306780856200145,93.89984500873045,26.291705013619325,82,20
-0.5341830115513898,0.3470234601787253,0.5538019945255404,0.4428527250980196,94.43786212239817,25.823149986657196,92.68151790718971,26.486022656605964,82,20
-0.5408935794457899,0.36019095999762046,0.5613578794837701,0.4573421068213177,93.42956156637885,24.84901899783073,92.73916361050621,26.64843959609142,82,20
-0.53859455102578,0.3381346801263444,0.5540185575308368,0.43238003063396746,94.56111167538883,25.510593516108994,92.34246469093505,26.193241232092,82,20
-0.5413919156821806,0.3635087350822421,0.5489349341846878,0.4468840176717554,93.14074048807994,25.457455203611175,92.71772103435883,25.71908496282331,82,20
-0.5323257825686544,0.3431536162174053,0.5612239732004205,0.44486248053189253,95.08659549037165,27.056454341278865,92.35856251991102,26.02834010733075,82,20
-0.5435859076662601,0.38552383866408607,0.5556354042265831,0.42499354316461907,91.9922725500706,26.34388368542907,93.65061757955073,25.348509893183053,82,20
-0.5480641190429426,0.39518098038189164,0.5595240197138058,0.44665431599233724,91.82516894218068,26.685300381778497,90.63065715746886,26.384971109972387,144,20
-0.5483896665559194,0.3672701940204625,0.5611857642793374,0.44372341641174334,91.89618187177321,26.007897767624183,92.63648158644567,26.413450155372292,144,20
-0.5477882809099034,0.37810592518885067,0.5614514975202118,0.4311667551461401,91.42359915296649,25.91871380837638,92.04942884846625,26.179681720702295,144,20
-0.5410684262462665,0.3313718667468786,0.5592075717359131,0.4239079716194484,93.52870755018766,26.2136394559939,92.28168012392881,25.79412730476161,144,20
-0.5419190451166747,0.3479440897623118,0.5609858940227677,0.4343942700171006,93.28856066758226,26.704201243565794,92.20763130072159,26.001840176596914,144,20
-0.5371121084065206,0.3476507996023844,0.561528633344409,0.43926049088991603,95.03026922179978,26.482866550312472,91.94711115876063,26.254843761707615,144,20
-0.5328192952722194,0.35738183717400557,0.5625197935958377,0.4116349447607004,95.354205388527,26.203346693917357,91.80076542645415,25.155733666533784,144,20
-0.48367331181721107,0.41022994633265625,0.6053919011105959,0.4449522743320239,93.11951640875618,24.674312366912545,93.68307264379156,24.733969948897993,144,20
-0.49162365415509585,0.4194646915045921,0.6031012395798966,0.4201401576932808,92.58176308114177,25.538671933694157,92.81498006503931,24.314693761728705,144,20
-0.48777534382213267,0.428770284087762,0.6004157010239164,0.4522200883348896,92.47272466897785,26.41661037155097,92.83805281155784,24.81944990071085,144,20
-0.4862011849078315,0.4557632157239846,0.5988196154297282,0.45727943538435467,92.71680706085279,26.735531272342236,93.31502620021432,25.42327633610198,144,20
-0.4779647370816747,0.4547817231863844,0.6016911421161455,0.4865124723934353,91.2150633474494,26.835128804444057,93.55801647199571,25.778383515316683,144,20
-0.489070782580819,0.4608437291383012,0.602477212575524,0.4867657992862099,91.80577223830333,27.372488607933747,93.99801233864372,25.132102638483435,206,20
-0.48020859568512986,0.4936349751340615,0.5878527535978241,0.4512739433062496,94.64275626062256,26.205042393932196,94.81118448119307,25.57809005873853,206,20
-0.49023165954311093,0.4505651126685572,0.6062538408184689,0.4374558788656167,92.9130442238024,27.05904810913775,94.23604823582505,24.99690784129208,206,20
-0.4866533297163134,0.44740905058199615,0.6005391036094236,0.4416308555828252,93.77824078620515,26.362907497760588,94.60817788196385,24.82786765705919,206,20
-0.48528968343688494,0.44007251049133206,0.6021934537266248,0.4500463433593458,92.80252114709621,26.106636719987232,94.23025470990439,24.892055473655617,206,20
-0.48707474010366686,0.4430183772019,0.6035663969313902,0.4495258057013841,92.61090558745606,26.57194807385763,94.1476849211415,24.933982729033996,206,20
-0.4880989952024562,0.43655915932534406,0.6053312181882016,0.44504020315419174,92.2899557606907,26.269331411609425,94.41711210491675,24.88537248478464,206,20
-0.4897751324354574,0.44008555923809356,0.6036785950645417,0.4479526365805831,92.53852168045395,26.34077847541556,94.30857468949502,24.939421234448837,206,20
-0.4906467910789482,0.4317188598233889,0.6073479527608768,0.44008270622515333,92.07941727739285,26.347423896425358,94.41977549763926,24.771420477103433,206,20
-0.4931376222540104,0.4401136907824945,0.6067260440424059,0.4375720266611434,92.24334276466092,26.81657531951568,94.38640994160427,24.87993716014648,206,20
-0.49303149761584714,0.4462378120337364,0.6073005823520267,0.4377436989447616,92.70329161770421,27.442984426772107,94.24623609895639,25.002530630303752,206,20
-0.49359672010236566,0.4452260416832759,0.607094826767298,0.43333101448504474,92.94931790688364,27.707333523194013,94.59260561376283,24.980899717127993,206,20
-0.49335501587269154,0.4451153002662351,0.6069150202707253,0.43808801244461004,92.68796637088849,27.500043214832623,94.46374658717617,25.0490768366901,206,20
-0.4927079133727146,0.447856458034743,0.607110481032293,0.43005783254987595,92.00836991394563,27.5566725500844,94.52626472497144,24.911327321424004,268,20
-0.48973143410129166,0.4462365668225969,0.6122508736958722,0.42508901260877213,92.13012564220145,27.632326977456522,94.53039982757662,25.21659653946123,268,20
-0.48811161837174744,0.44971236794582936,0.6009458455011958,0.41994424237720396,92.03681785359642,27.466711090559222,93.444383480598,25.006642321127188,268,20
-0.4857888705867538,0.43254565121635036,0.6053550199997478,0.424856685379585,92.40031942219797,27.277363278108968,94.13663404393465,25.13773324590358,268,20
-0.4894570013435686,0.4274994818226149,0.6093525248162812,0.4223133913086292,92.55938828711642,27.260236152972112,93.74857485550945,25.26899929359062,268,20
-0.48533471307814746,0.42196695914978904,0.6044931218783107,0.4238162725063631,92.60456514111617,26.874177441258706,93.90774559571996,25.12296695949769,268,20
-0.4800053118970208,0.4237682019391419,0.6063136115242487,0.42647778020341387,91.75318269213709,26.721059745720346,93.94344656960475,25.130708553661304,268,20
-0.48517739133246285,0.41664012633694775,0.6031849484271622,0.42811075149024047,91.06980208071613,26.607860721277273,93.9123861238094,24.99304925912606,268,20
-0.4828623753400439,0.4257602235690326,0.6019196400586906,0.43476409934784904,91.86892301451171,26.89873216689291,93.81586571269867,25.195499623608114,268,20
-0.48716940010299653,0.4099134816113994,0.5986329573911734,0.43699071644966236,92.43340689492051,26.536781488191053,93.91744260294313,25.696280107664688,268,20
-0.486331865451847,0.41368036084059917,0.5948851324386307,0.4259846966953056,92.4704625477632,26.634452335043864,93.4406804381711,25.555418868755144,268,20
-0.490876345560191,0.42872288201770126,0.5947063918287058,0.4427958796640163,92.55345257221417,26.747685374118443,94.43516097912135,25.519529992987845,268,20
-0.4841583167107599,0.4216809509108414,0.5949529753327696,0.41522965595976147,91.95890144700446,26.787910576571225,92.72562908885253,24.720681937053943,268,20
-0.49221598391714455,0.4389184490226375,0.5966098182427169,0.45543983724870357,91.53778752476273,26.913433644635035,94.35695979839186,25.19437566449133,268,20
-0.48938956451426496,0.4297706381883408,0.5946803738090514,0.4175146494530642,91.55293276576239,26.802902856751377,93.0789268258388,24.87216695232582,268,20
-0.4923661574794992,0.4413742695021821,0.5976232632122512,0.4443631289487925,91.17714387162475,26.815462050683156,94.33597420332731,25.064027337135325,330,20
-0.4844404850871289,0.44653785831306547,0.5964293330968058,0.4379962108565948,91.42637606352166,26.936922311336673,93.86495150083105,25.05528230050663,330,20
-0.4871578833818273,0.4456916936817337,0.5947783386544467,0.4352855693334258,91.08752971555883,26.884070752345355,94.10433818159976,25.18838588841513,330,20
-0.4843610356975178,0.4325420995405147,0.5943608439484072,0.42823229531022283,91.86311806536783,27.25280791833525,93.72219592519501,25.61152329714691,330,20
-0.48707285102503123,0.4319042272224031,0.5931624622875787,0.43062307940847827,91.97476769382862,26.72951930748053,94.67517617945725,25.300483431864695,330,20
-0.48870710347592516,0.43926175868420403,0.5909745793772688,0.4267759750880202,92.6387755971725,26.56266573562818,94.39535536522034,26.213645985908272,330,20
-0.4924612604609881,0.42337046781962134,0.5938056425409577,0.4182719438143907,92.65656415058609,26.59859930233782,95.35200684536677,25.469061635634123,330,20
-0.49116862963491936,0.43194720656365027,0.5898265288148019,0.4203587045711465,92.436165714158,26.64541488448858,94.39573509269934,25.941627596536687,330,20
-0.49424424889690555,0.42416694905829033,0.5892289747738583,0.4245304928228292,92.24959931268774,26.86386624476458,94.58682726313845,25.64462539903243,330,20
-0.4999968527007819,0.4173873432296499,0.5914841649752653,0.42449795815707214,91.92799259022809,26.284080589968376,93.24543497203157,26.809177688909593,330,20
-0.5005069108384935,0.42305265967135225,0.5880327563391236,0.4215527679587212,92.22655944482138,25.91969561039098,93.80324047789426,25.699332147250836,330,20
-0.4980623797474076,0.42310494036365853,0.5905060495425352,0.4259044255192694,92.53675617745651,26.463527787071456,93.23709369911865,25.938927342073,330,20
-0.4972310329677424,0.45280916329860543,0.5935952470121642,0.42811193701086475,91.75220488013838,27.434817777685446,93.04394895312328,25.433925171184523,393,20
-0.5092595562761498,0.4368747431824618,0.5836681239340045,0.4199013632747155,90.3485385033565,26.75244672006063,93.82314910706062,24.729030874226634,393,20
-0.5125176017205644,0.3858290397884652,0.5886971786270219,0.4123510153863887,90.68076218133584,26.017888446947307,93.94911517924619,24.554182447684337,393,20
-0.5205040746204177,0.4078819221421677,0.5832227516852196,0.4045024528640225,92.02714714740677,26.855422157184126,93.36872603559688,24.76197694662935,393,20
-0.5165089976262993,0.3910906314941967,0.5845105014162902,0.4481758934756404,92.21229295673577,25.60283670588637,93.45161652452016,24.13385426993597,393,20
-0.5198346282049572,0.4063060163001642,0.5872558598975317,0.4349519906628823,93.8537940746831,26.30239649138249,93.32244628762905,24.087859553862394,393,20
-0.514525601946352,0.39639150949077906,0.5858663025497002,0.43585229339121107,92.74669043074708,25.09529588686562,92.83335052218102,23.665765319869514,393,20
-0.5287826909124835,0.3662676550189152,0.5925146841637453,0.3779625942734561,92.40605856420946,24.621997174723912,92.73695174967898,23.1437935732348,393,20
-0.5305068579702608,0.32598936500960424,0.6000729669232601,0.3789538682809758,91.6838950493604,22.94113908167321,93.19850485360149,21.544653183374525,393,20
-0.5290086201758423,0.36110525778584085,0.5955931470852629,0.36497306584882927,92.59655349986096,23.64938555973447,90.65627321294271,21.264593739403328,393,20
-0.5280618063565973,0.3620582704551741,0.5817013222645216,0.3713127620507512,93.09708440395441,24.687256823326276,91.32785507655936,22.2804810088268,455,20
-0.5278548275661736,0.374380228450916,0.5824805513548535,0.37900228823433607,93.1912587933993,25.22544466840107,92.29177408087978,22.889055061554078,455,20
-0.5330525323655935,0.33957890462432155,0.5839713465821288,0.38082715972238323,92.99265300788139,24.59586807688991,92.67660770548797,23.308199005542697,455,20
-0.5302579806467271,0.359825991668995,0.5833826939474324,0.3856247275929744,93.00156706833177,25.891987553960554,92.42820096969949,23.470439209982995,455,20
-0.5241386299879497,0.3671966741097808,0.5854223253991198,0.40267335146658867,92.85799744073564,26.06894108748833,92.02935258904846,24.019822101462573,455,20
-0.5216616539908242,0.37260161734121755,0.5826501502400538,0.4146947240877325,92.86673571461208,26.391958311793164,92.59468950825853,23.859998300014844,455,20
-0.526198552036386,0.3680338795218992,0.5817979795246753,0.4186097856578534,93.19783435537003,26.230289009167134,92.58180460571208,23.58748412436318,455,20
-0.5243139776489676,0.3762160802458128,0.5828013691812939,0.4101045748136815,93.26675254966862,26.76738738367121,91.91834449390517,23.566288708708914,455,20
-0.5225574910182577,0.37971870327049984,0.5772361437918346,0.4152375662759101,93.1691866359454,25.501952877818454,92.42964048919211,23.767105273636503,455,20
-0.5292008467813595,0.39020029465185446,0.5874906862738093,0.3925113200311467,93.94682558979653,27.306296930048447,92.59361800033841,24.895648569527175,455,20
-0.5385209610290211,0.36920911838239145,0.5870575998604424,0.4034403051823994,93.09539128111373,26.04750021977659,91.87768352445774,24.08106493919658,455,20
-0.5279752927191724,0.3752492571030342,0.5843394666821065,0.4102246609973325,93.43801256694938,26.34298290468789,90.96488633697314,23.70901461231649,455,20
-0.5291642057927867,0.3835868670620724,0.5851169671506254,0.4109029032935054,94.11791018347473,27.246191066854205,91.05954886252853,23.591000673115925,517,20
-0.5278197724580694,0.39292692089861303,0.5813000744082158,0.410750303047861,93.58913011031477,26.934796584003145,92.35437990406264,24.202120565188693,517,20
-0.5277788408309616,0.3625079277597271,0.5758402256008524,0.418403064218434,94.28603204445737,26.396798935313758,91.02187124200078,23.866844141361916,517,20
-0.5298855270234016,0.3929318835786598,0.5801730807681734,0.4166274699519625,93.94421930913651,27.375234071935903,92.59196912381792,24.666712921175225,517,20
-0.5272653469095074,0.36733837249065676,0.571841565949747,0.4112083309556312,94.99122790208759,26.82083625843415,91.34515212658526,23.877020983698916,517,20
-0.524581506483424,0.3653315429346654,0.5714686497860436,0.3928795505644066,94.97229431989112,27.59818651027534,90.85665514800027,23.89683839916126,517,20
-0.5238752294188109,0.35292367734167734,0.5691629257526152,0.40302546927136396,94.9355128149191,26.717022299223487,91.62726242282432,23.884393754097253,517,20
-0.5228750307114457,0.35879622635061126,0.5673618071969038,0.39869379231663776,94.80106709803204,27.16935865859398,91.6950496915433,24.15131698893446,517,20
-0.5262069780395869,0.35950216113986977,0.570134990768696,0.42602725856632395,94.51809315599014,25.91960788422727,90.87889866470269,24.233152276699187,517,20
-0.5254565098215108,0.3672047205703857,0.57177581091498,0.41813567927063716,94.43583707976076,25.715830434660013,91.09145897396178,24.472052082472967,517,20
-0.5250733697742797,0.3705814646393085,0.5684711884003006,0.40760897345688724,95.03513261267129,25.888592410217182,91.70433335241502,24.589208628858017,579,20
-0.5314867055083733,0.35743083400062303,0.5700914918649143,0.4262844000734657,94.61012432439838,25.26539994224881,91.80522811234654,24.876709588313965,579,20
-0.5268815257059896,0.35189341426806875,0.5715843111162445,0.40111894606915965,94.57193444366033,26.34742293402416,92.28123430171878,23.698935601745905,579,20
-0.5305505987989082,0.3545867924195846,0.5744387478336299,0.4360341770720368,94.2516045066108,25.38108719862461,91.80993050599211,24.273220802307225,579,20
-0.5272141860349,0.34535565534719553,0.5804990059860837,0.416770053266675,94.85164627299388,26.087000975089026,92.69079658767414,24.732336157388218,579,20
-0.5287128264561941,0.3441087870122555,0.5709652851502519,0.4045051516584661,94.19988509419397,25.45737191873344,92.78375494693167,24.371520485309105,579,20
-0.5292044117756628,0.3811652910567917,0.5696238219782215,0.4276882581809299,91.59197754689488,25.56341362284671,91.87457442752145,24.96799389319094,579,20
-0.52402706158281,0.35207670684578973,0.5655558896516861,0.41915555411579936,93.78669588961901,25.956145797066906,91.50362136477204,24.73202628329937,579,20
-0.5290985073036224,0.40439843833304334,0.5703122433384213,0.4276196685015058,91.8781909359692,25.966748807453968,92.18185601861245,25.11854748757202,641,20
-0.5283455210225626,0.355354905525411,0.5666688355646374,0.416431432834229,93.910253121785,25.956359942867863,91.64945641544165,25.186437608139542,641,20
-0.5328577327883066,0.41977262005795274,0.568941977519546,0.4306531546086826,91.12723849317113,26.292065642442154,92.0202838587511,25.18997155938637,641,20
-0.5294367409518587,0.3513107214857203,0.567503267154358,0.41033813255236723,93.29497475983547,26.056441603402153,92.46672108854628,24.318831888998606,641,20
-0.5419685633015225,0.3810788020723135,0.5639164417284842,0.4256282823291446,92.65838842915795,25.483486972632313,92.04483152321694,24.67662417754137,641,20
-0.5278369250335054,0.34297192791188125,0.5645705133570562,0.38799829566542965,93.9132568291679,27.041789031161244,92.0786690029371,24.245008559189117,641,20
-0.5288954404002301,0.34526126802608614,0.5669803000526731,0.41563876787145715,93.1917154808156,26.32700524791692,92.14751679438899,25.185839202681617,641,20
-0.5385790265208749,0.33891884186122434,0.5678627409039353,0.4095306088830958,94.96564987608406,25.85613374316976,92.68146052651448,24.675736093078836,641,20
-0.5385836515853365,0.3524292213538288,0.5679791209785201,0.4220704581915333,94.97779594424732,25.699672556107803,91.4166702471608,25.114935696963975,641,20
-0.5340434995487938,0.3310850031656753,0.5641546348525637,0.4064188689999478,94.92036633174352,26.025297579530047,92.48044411233845,24.694632949679203,641,20
-0.5395519969578207,0.3499682182819159,0.5709588044435024,0.43304218974078595,95.23175657906417,25.53550784182467,91.64352332682087,25.407620420033904,641,20
-0.5335434775148368,0.3310174980346594,0.5636139164626389,0.3939637306507106,94.79354388579293,26.52815680740044,92.31352978298132,24.524537311176466,641,20
-0.5364795500559761,0.34953974381933023,0.5652849941692578,0.43068037732226044,94.14185564690588,25.52813523118096,92.09873805945247,25.811661687212432,641,20
-0.5397783585756906,0.32943312671981706,0.5640554696966624,0.39809815409590404,95.61076110224336,24.791573328183183,93.03456286126479,24.169261013708145,703,20
-0.5366487966925204,0.3210981604068223,0.5628973397035614,0.40313128187822006,95.86743485081321,24.79838815571941,92.60548361899453,24.902088772737866,703,20
-0.534625400048632,0.3193878187404195,0.5640660901152985,0.39871590412570895,95.78662881999054,24.940657978251647,92.74410488985713,25.378134131314138,703,20
-0.5370289909635486,0.34609527548635866,0.560692761888205,0.394392064412204,95.77314027046715,25.91323625066216,93.30739336485911,24.897548475726698,703,20
-0.5291627583194075,0.36644594029732386,0.5559423876789127,0.42404414861473955,94.88624307717036,25.22643878648581,94.32226306678145,25.970745157915534,703,20
-0.5303999059360415,0.3381778043973586,0.5608848652433363,0.4212355027096589,95.31124217271751,25.331644989447806,94.17115524645078,25.46516069568038,703,20
-0.5327626584320949,0.32770120287364995,0.5568737561992969,0.40813960443368075,96.08351467493354,26.040528014745544,94.45098497593708,25.36217917560155,703,20
-0.5392206852552116,0.31133629734153884,0.5571881263930444,0.4147422340545775,94.96650669370607,25.235601823556667,94.17484669668364,25.096788958847807,703,20
-0.5311844022058346,0.34025681660115836,0.5536012511865843,0.4228429138758381,96.0069432296861,25.726271735703303,94.39039120643757,25.77978129990366,703,20
-0.5262800238297268,0.3639784875393888,0.5576157561858971,0.4301437432799658,96.14521874819815,26.03273072614528,94.15516451399226,25.412409129220162,703,20
-0.5275320836434042,0.3605916146910161,0.5568884421939042,0.42817332642690203,96.13797465852254,26.26198080462438,94.68749137643405,26.041424334782075,703,20
-0.5278145525521234,0.3880525156665456,0.5551995289038905,0.43198019945217125,95.57970730284724,26.888520051044456,95.17279243857969,25.71618706921414,703,20
-0.5333948419512883,0.3676365456599073,0.5512295418173192,0.43534305237430604,96.30540962566918,26.628448534677048,95.8484747189626,26.23329152194048,703,20
-0.5338004092320789,0.3900343480291979,0.5414522807314169,0.43819645565981796,95.55369827150282,26.649237136945015,95.11311708355156,25.825952041557926,766,20
-0.5356983547618261,0.34409014449548164,0.5408890738159137,0.451964680760601,96.10182636062983,26.14356424256635,95.62536902485031,26.3405199994081,766,20
-0.5348803733658911,0.40058059206739993,0.5388135946560134,0.44573038409099425,95.40858727905437,26.463958922794156,96.10946735393637,26.32065992550499,766,20
-0.5396862747100595,0.37010877486370874,0.5427489813072288,0.4489588153544824,95.77455601619218,25.183062688256467,95.62429051840321,26.682410391088784,766,20
-0.5333646598278843,0.4172508877198977,0.5494043859360825,0.4442469242180636,94.05257202624696,26.812596356453266,95.05790032413918,26.093168812423517,766,20
-0.5383637767811856,0.391144341247673,0.54861442737112,0.46344153845367353,95.95179543214111,24.899049695263898,94.66388893304642,26.310285666325278,766,20
-0.5409931545889488,0.38926829153745995,0.5482347504995297,0.45715856415850714,95.4274813430594,26.163652280126385,95.11729491390064,26.15517551299352,766,20
-0.5392137479217062,0.4058440589015635,0.5464324987794313,0.45400343585130853,94.46844178674138,26.10186773083471,95.24859616150059,25.99083402921649,766,20
-0.5445906913427423,0.3795128294924808,0.5346566784218556,0.45994994922972404,95.95665144912094,25.78141201268716,96.47934895216993,26.313514267498604,766,20
-0.5479401530429878,0.3864599169921759,0.54449570450531,0.4361717818746599,95.21438273418988,26.10009389345499,95.52245450561153,26.196435682557496,766,20
-0.5508848458539252,0.420351288279314,0.5424636985930529,0.4402982771740224,96.66036397002323,24.907005272291627,94.14065214868752,25.991639097325923,828,20
-0.553162854800501,0.4103672818329467,0.5381985602659137,0.4166522483325246,96.2165803452847,24.90049222583882,94.25198050946001,24.448095414477795,828,20
-0.5600271904181257,0.4304451865748492,0.5321180321232427,0.4025635480697198,94.551297983363,23.15450535268982,92.52861592205501,23.931868299440296,828,20
-0.5590881375308824,0.41815090259796467,0.5218782296236378,0.3694159424247582,94.99155939305408,23.9564398360071,92.77732220323198,24.38279803164386,828,20
-0.5613768956263014,0.4307986359185668,0.5303256157659685,0.41680256468945115,95.76330675552906,25.413525248546318,94.35967230450078,25.492206289142096,828,20
-0.5577802578877038,0.4021545542054746,0.5265091408384074,0.3996136780649329,93.41524389968278,25.278308145106852,92.70922776696128,26.440681935711023,828,20
-0.5499735076405423,0.4319364135620207,0.5371561838280194,0.45015921556902666,96.45087386592641,24.82600847747144,93.70113796741236,25.739241373946946,828,20
-0.5514482865891049,0.4303346145399351,0.5387408406686628,0.43502928705258187,93.24063591538139,26.04631193829781,91.7945412517349,26.26656578685034,828,20
-0.5472498496092567,0.44239947279323844,0.5324542336202968,0.4552232287864834,96.89379026775468,25.621989782755577,94.60101751429353,26.042661317085294,890,20
-0.5549379326299556,0.41818628917109185,0.5372590732548894,0.44250562223133605,94.8303700073668,26.419278084852035,93.00263028652924,26.315500208239403,890,20
-0.5476040716445872,0.4151073540247624,0.5386034359852289,0.4606152910738431,96.32756491717606,26.01571299312953,94.08657765283178,26.055881315199034,890,20
-0.5540423428787907,0.4154787136537445,0.5330620143344839,0.4289126962132383,94.78650197266548,26.17141206083652,94.04553620069404,26.745978938789992,890,20
-0.5515116770741296,0.41684328484982464,0.5374650656829708,0.4437515901306453,95.01352012057707,27.098411040426765,93.897903089269,26.103001396425597,890,20
-0.5434511312176583,0.3902963313211032,0.5343027657202912,0.44422987126684726,96.99524103263343,26.65584170339956,94.12165246930853,25.987010079947943,890,20
-0.5455424546781664,0.39221300916007396,0.5346474672123922,0.4423273536225915,96.26857854747965,26.81575692901184,93.8576228894968,26.261344017191465,890,20
-0.5409399206859962,0.37934240791257384,0.5379342337101176,0.4517992219134632,97.81755014320194,26.790299809350817,94.52231018712929,26.612403620981656,890,20
-0.5439314158072595,0.3692078458227834,0.5345684114874889,0.4448693272159777,96.10462089633903,26.558448421604528,95.40881857657722,27.385017426181037,890,20
-0.5482471956178311,0.3487590504481695,0.536409301610906,0.452227617640456,95.25968796274728,26.17278934619199,95.08928116862226,26.98982072270858,952,20
-0.5492734480512923,0.3540420585194968,0.5323162737521977,0.4562375713633892,96.48952493835372,27.056546572902043,95.73422156535729,26.937507858424734,952,20
-0.551208522798743,0.3546500699238525,0.5356648168179684,0.4546782658644525,95.42412476454913,27.207826751546722,94.67878676813986,26.777241030143458,952,20
-0.552603146044255,0.36066640830622676,0.5295325846829388,0.4590313588902631,94.36237818274373,26.758965853498076,95.11994457825615,26.684088008902474,952,20
-0.5507930948227356,0.34556422182938507,0.5305462417769878,0.46421547533358776,95.47604680696041,27.319730102392935,95.45999707463204,27.361294682991886,952,20
-0.5503216925940297,0.3556981665052835,0.5250618231624832,0.4561850317920378,95.22042764812191,27.558290076788996,96.43879523727861,27.23539250350612,952,20
-0.5532843272115359,0.353996768114744,0.5315927650837431,0.46275786421172066,95.71434809050197,27.6528272575954,95.13235290976898,26.928120998362488,952,20
-0.5463454868241746,0.3630539059305503,0.5297524599109914,0.45246660344471384,95.8349799747,26.892755054986868,96.58401379595516,27.265016100265758,952,20
-0.5461517271502275,0.3757445560732275,0.5316193118522176,0.4575934237474455,95.82109959145414,27.38347009747765,94.95861660054649,27.12955076223368,952,20
-0.5400369822468675,0.3736605331978177,0.5221834226899804,0.45282494264866474,97.48956800678252,26.73889963789583,95.5743496151694,25.495172163134274,952,20
-0.5459297612710591,0.38437638082499775,0.5282332045080623,0.4666725745001132,95.14712177690645,26.741815658262595,96.16332510611386,27.67057470454155,1014,20
-0.5438772116035894,0.3880913732999642,0.5272648580758063,0.4542178030453581,96.9794329292414,24.285554655053446,94.45662226284361,24.974886875865852,1014,20
-0.5456638436615163,0.41736464450663807,0.5250251570837141,0.46854336699288396,97.44995189145412,25.585274682384785,96.08696585328859,27.149365670262057,1014,20
-0.5417610137306862,0.4222738126646446,0.5257841555540907,0.44366004274169824,98.28146774493467,24.50930123412646,93.83110352526187,24.037006193808985,1014,20
-0.5446938699517198,0.4084886686181329,0.5224057110455617,0.45878856134009643,97.88233256486619,25.251863141026217,97.27174525883039,27.053336394482965,1014,20
-0.5436838491679838,0.4075852670784762,0.5291017397851592,0.47388665558050275,97.1171700530002,24.549890924244945,94.97894450447053,25.781242871287848,1014,20
-0.5406637919070113,0.4035550223661699,0.5252642473149733,0.4515253904729702,98.58453113307151,25.61688755294226,97.87989862646661,26.663472070979406,1014,20
-0.54309076695072,0.402308966017454,0.5255259260067916,0.4646034887610801,96.89755672235762,24.873063968190014,97.38430776289353,27.920928042029647,1014,20
-0.5415818410973179,0.4027522760492593,0.5231833223126967,0.4656794735459043,98.69222485617846,25.1470508582097,96.7489687470599,26.559152181631738,1014,20
-0.5449332722837564,0.4306468460928821,0.5259392566208598,0.46502806993022855,97.53723247877464,25.57973551671598,95.81312521499846,26.805244013165513,1014,20
-0.5440828393942236,0.39632188236547344,0.5252347398230577,0.46165576140335535,98.68858066425501,25.263105363773416,94.63694585405007,25.806194802094883,1014,20
-0.5447839262153396,0.41474420149736413,0.5257537347823362,0.4545294800937905,97.40285005968299,25.457769161870825,97.89194611374771,26.641760610469785,1076,20
-0.5463040899180734,0.41732820760540806,0.5286244150253019,0.4621052256958786,97.2619020628329,25.989793408198594,94.1487450101326,25.829572262470222,1076,20
-0.546694486098706,0.4098776734916826,0.5174798965703977,0.435406601421556,97.60085473307657,25.42220876778488,94.20169290223453,25.45386387112975,1076,20
-0.5461442151379975,0.40620282909301,0.5173225929980896,0.4572219016825253,98.64685311917916,26.02358524236838,94.51415936465615,25.604928818469176,1076,20
-0.5498409784482844,0.42202386387576146,0.5204299571592863,0.4489216920594928,97.22829722908158,25.876336739898097,93.72202452137923,25.48060280995365,1076,20
-0.5534248987816488,0.4217254725913228,0.5168910238059632,0.4375857238330076,97.10911020739704,25.672856691885663,93.93218613068463,25.32490015638454,1076,20
-0.5538417543100387,0.4272125310134487,0.515420636046267,0.4272862503891107,97.054823318267,25.282242767842344,93.52050895221164,24.732809304632276,1076,20
-0.5582151819328962,0.4304752399555614,0.5180004623001763,0.43188049175604604,96.85636993923899,25.42528981291505,93.02491829760159,24.89674399857567,1076,20
-0.5552673324739381,0.4260286225039221,0.5152628012668822,0.43618277927922994,97.53586176572902,25.42185563354898,93.76659395442425,24.89343198170821,1139,20
-0.5615236004396503,0.4399067828720763,0.5183135601814972,0.44030117012927245,96.95275719289198,25.555942214153315,93.18046687224194,25.065057842323114,1139,20
-0.555523798495089,0.4252824311521689,0.5139132578603494,0.42787775348088364,97.83815800175645,25.09591793880772,93.91506750413113,24.66559522297365,1139,20
-0.555916119772529,0.4128989923411624,0.5233022305595681,0.4382915190623791,98.17362662021509,25.291532310008368,93.7392432393638,25.00160918561396,1139,20
-0.5536228013516191,0.42215175017926065,0.5194382215965799,0.45029212595789503,98.46143965492865,26.268092217023636,94.15344590587048,24.659742397156954,1139,20
-0.5564820470533575,0.4280932124190757,0.505488350015892,0.4580905276091689,98.60703892526217,26.392377761888728,95.35581937115751,25.322544013624004,1139,20
-0.558252212906789,0.4353568032073872,0.513502548761777,0.44906159002294294,98.35217477773742,26.169473443581627,94.50588844090785,24.98749637818117,1139,20
-0.5593300071089148,0.4369406928173813,0.5129649974988049,0.45140205986061915,98.10731097584633,26.04956479069503,95.1113540087208,25.093810663671622,1139,20
-0.5609820260667918,0.44079247219738554,0.515552328044658,0.44019912865570743,97.94487837682584,25.67049299382753,94.69396579819949,24.670546709664677,1201,20
-0.5644392215665737,0.4486814894583446,0.5159257901896827,0.43789125734780465,98.02377721820105,25.363254405578616,94.12300521357975,24.527652653398228,1201,20
-0.566647651238112,0.45102583759155285,0.5153584420437421,0.4356192170422692,97.86713216112216,25.29957250442521,94.53995122672751,24.761829682782547,1201,20
-0.5642544487530595,0.4446610371310981,0.51491411691343,0.4253749787900754,97.66474206722876,25.17788905248589,93.67429091252556,24.56684778718962,1201,20
-0.563180496969698,0.45582416323510017,0.5159993666670014,0.4445370378032308,97.97361696407759,25.524002564466826,93.83035687981081,24.514735584241002,1201,20
-0.560404950253135,0.4383810657542968,0.5139249158214172,0.43908698700066984,97.86041532443411,25.58328522477024,94.87513838832577,24.884111535726237,1201,20
-0.5577739375405081,0.4353975732618503,0.5145196826436192,0.447896394952969,97.90161939353226,25.858166788809104,94.82285112189692,25.037625605946474,1201,20
-0.5595805705518048,0.4341615468147494,0.5126185270394986,0.45595583696962355,97.9096907200979,25.90642899070405,94.77557829752006,25.694733396458407,1201,20
-0.5669767878561636,0.4501388161501983,0.5152009380537824,0.42539688210594645,97.24747688743413,25.695789632313808,93.77363261657369,25.065483703512285,1201,20
-0.5671808313247129,0.46053399369427356,0.5101559638861534,0.438106310333926,97.35917994820846,25.942437490951775,93.99097801020511,25.36967068402345,1201,20
-0.5668357438607021,0.4562558401491716,0.5067838891040932,0.4367295132563866,97.51576491295134,26.122059302513705,94.28713925668097,25.663818153621683,1201,20
-0.5626939502993377,0.4626547382098879,0.5023484198422532,0.44652677867850904,97.34477205933301,26.235092227134817,96.26280434315358,26.292169170597994,1201,20
-0.5627379400326658,0.4596962067783631,0.5000332828908302,0.45044074472632867,97.1182406497932,26.600964680502514,95.55272148965427,26.028555319339223,1263,20
-0.5646462710390285,0.46705117043474154,0.5019216471791472,0.44957369209160414,97.21431551052389,27.02130013960842,95.57627575423197,26.12171030841363,1263,20
-0.5648478668995623,0.4763363002331952,0.4964438562582634,0.4400271755853547,96.95938796301633,27.064270140688446,95.76987272547767,26.31201575359822,1263,20
-0.5688464334610845,0.47842022636413556,0.5002731379298575,0.43680729978155464,97.13496604278663,27.07925364994854,95.60710442222751,26.18226996504752,1263,20
-0.5678888891065529,0.4799134509939476,0.5003244515530806,0.4174368184997833,97.69937149151453,26.90942012522807,95.6890209886565,26.418906385514116,1263,20
-0.5671760810359777,0.4862607171276961,0.5037231079076181,0.42378317568451657,97.62855545810851,27.113581669829717,95.64568125425738,24.887052324395622,1263,20
-0.5627915644236331,0.4835098920990313,0.4998744261791619,0.4300757089522672,97.99404657886235,26.95097267021809,95.64581687564139,25.520680117546128,1263,20
-0.5640154547199928,0.4742889505768972,0.4958712812167202,0.43047171083644215,97.88884113431669,26.63636416326021,95.8082202407512,25.596124129523954,1263,20
-0.5630584881917038,0.4775222118671507,0.49381575856144405,0.429884344249959,97.88295838218802,26.63847202851253,96.08025851172292,26.150637201464594,1263,20
-0.5624600933574324,0.47409586503745077,0.494988769850645,0.43330672489333255,97.74832881207006,26.443405718448822,95.65766928446759,25.705946711515338,1263,20
-0.5622442561907245,0.4766154491809524,0.49394272489587177,0.43131981502849914,97.70769239843452,26.421524886666564,95.6192916925087,25.941148714462898,1263,20
-0.5674222521262294,0.478158431192123,0.49244891375213384,0.43143393562377597,97.7676164087152,26.681582727828005,95.76572855970058,26.084090852290394,1263,20
-0.5683735998169177,0.47202446655194924,0.4964111887259213,0.4341822419456873,97.94908285497016,26.777309436065405,95.35060463909582,26.095415170053,1263,20
-0.5701067674657062,0.47203928820413393,0.4941710017651518,0.4225217207231436,97.9695770754802,26.757035617684217,95.48133085691907,25.693187637672494,1263,20
-0.5693382064163323,0.47034650306829745,0.4966128608224325,0.43117910352292904,97.54463699431409,26.574955379945322,95.26533374679406,25.937073574299944,1325,20
-0.5663047964759886,0.4616482267867957,0.4934894595122155,0.4281582971675096,97.99963862327368,26.581423828021574,94.97245333144912,25.456504980019602,1325,20
-0.5679735781607386,0.45972198231689104,0.49725333300106495,0.42754332869948364,97.28313375365633,26.14634918861473,95.3994731565746,25.934652584284265,1325,20
-0.566028763948173,0.43978331665889664,0.4960901422421283,0.4331449870840446,98.84150006856959,26.869215588765332,95.86145624055415,26.011814805492858,1325,20
-0.5646684407246301,0.4382473229974504,0.4996813654036916,0.4344484122188847,98.69646953114176,26.622168849436946,95.30647868057147,26.176183691491868,1325,20
-0.5618106760921494,0.4577764104370521,0.49737863926647896,0.4226927051034098,97.77627482626896,26.25662871043517,94.98797044736108,25.7493463413745,1325,20
-0.5696518674203073,0.47463281897287557,0.5003858530773989,0.420453784633446,97.2568829684247,25.911670361767897,95.05977472134416,25.289051349896443,1325,20
-0.5692487974743546,0.47046953923766044,0.4971759957175346,0.41967970555774153,97.42214593805242,26.344908852263444,95.15627892760882,25.57635851905994,1325,20
-0.5701192357091638,0.4721436852011123,0.49872173634850075,0.4190377923271733,97.50233952447799,26.395266664263513,95.29344022802867,25.317513491722718,1325,20
-0.5706546228320494,0.4769327055493873,0.49666127412821726,0.42170601052291823,97.42961379942106,26.496608180973386,94.88161427567744,25.52452178304372,1325,20
-0.5693160111587523,0.4744878005233626,0.4962751992967947,0.41932179006471815,97.37918543008645,26.578463530846214,95.04812804138064,25.54983157615583,1325,20
-0.5693808143580611,0.473029002526563,0.49619285584849804,0.41617303771528197,97.48095930657865,26.756099234803624,95.13401527086663,25.470442637803657,1387,20
-0.5698786837809565,0.4698912713814593,0.4946826894961558,0.40663349422340694,97.35011023305933,26.610153947999795,95.01241997886575,25.39200250682903,1387,20
-0.5738005415937552,0.45370115605744626,0.49256770696679353,0.4049710535856842,97.44391646005279,26.376339948839988,94.60720948345593,25.36652986028847,1387,20
-0.572932510328696,0.45973247444957405,0.49485911048036996,0.40254174986460334,97.37742294240705,26.294596678646137,94.64553352032607,25.356260041493304,1387,20
-0.5721344321974887,0.4582428815729785,0.49676591601016545,0.3993545299716931,97.50425493560898,26.016303906231798,94.30689223467694,25.80992588304045,1387,20
-0.5770334026693574,0.4485712122955443,0.49266122050979094,0.3983132074089986,97.25070499004988,25.14052464244524,95.37184120522006,24.696406796506746,1387,20
-0.5723986365489873,0.44857702400661104,0.4875042481648812,0.41622220167704216,97.42376153740514,25.286430452819424,95.04687306613954,24.911971909478833,1387,20
-0.5740170492089487,0.46555595092060886,0.48190225662230557,0.4081062589323675,97.47285450732109,26.191552903222934,95.18428574339949,25.04649245418234,1387,20
-0.5757754409655205,0.46124511726335876,0.48401705694967123,0.39883791349016406,97.8540404278234,26.394751301229682,95.1294437155602,24.596773516194915,1387,20
-0.5767282761290244,0.45518150125448664,0.4789371695887674,0.4117192494082389,98.00708394752093,27.056716297843714,95.25672527845944,25.07311043501297,1387,20
-0.5837886390288887,0.440279502476567,0.48798165831181645,0.4120347026806685,97.25148327674867,25.321061315882904,95.39478078204087,26.497107831464547,1387,20
-0.572799117744913,0.43047502850157143,0.48446442329637324,0.42577116552811484,97.59799443314864,26.65990033417067,95.22868628739919,25.578365163164072,1387,20
-0.5772299863174543,0.431139461707446,0.4870336208513702,0.4272037786837105,97.34189317924165,26.345504317269835,95.12720437772307,25.84986210476285,1450,20
-0.581615899857782,0.44639366014331616,0.4863367356163171,0.4046745231776969,96.93093271531738,26.146357346431625,93.87870305426473,25.121930305719534,1450,20
-0.5761138508968168,0.4638244567955646,0.48815286484025333,0.4006702680788904,97.57497471391615,27.22586583633558,94.55181389885061,25.312506405179292,1450,20
-0.5694599392415726,0.4591873165801723,0.48901511029981437,0.4072821654679003,98.61552163534621,27.45405540653912,94.75953467144632,25.171141227683798,1450,20
-0.5755803672950418,0.44948174822175646,0.48340914303731436,0.43332232828331696,98.26885320192912,27.420294891991304,94.71286457180533,24.905265069177275,1450,20
-0.5748234707681346,0.45797515891594864,0.49205576818542146,0.410151156567067,98.02704724770234,26.814783431901265,95.27126716382203,24.80884951725709,1450,20
-0.5763351116384497,0.4634863601559346,0.4881466878096042,0.41248002053188493,97.25138021082783,26.196908136021943,95.79202368831733,25.187065052333192,1450,20
-0.5721271596940807,0.45062748338475594,0.4852718716275213,0.41181029493875954,98.1791855086507,26.14326460644395,96.24583927135146,24.575793329008462,1450,20
-0.5554439827379052,0.45142485735192944,0.5219878754245538,0.4384077840834298,98.15725193602049,25.57217724245151,95.63777802018609,25.249808604557977,20,478
-0.47378666154796995,0.4184114763695637,0.6142262842979994,0.45477262373437655,94.61822639901166,22.083000645760187,97.30694949217087,23.825182612690703,20,478
-0.4684501809052492,0.45870635853837044,0.6299386362559091,0.46800554944496986,97.24469419170883,23.620794478935657,96.42695555459558,25.505992245986747,20,478
-0.4653561814695832,0.47679635643834584,0.6291062186262769,0.47392160757288526,96.28082750157223,24.35378889289466,97.58452156452095,25.98716217874926,20,478
-0.4720298136942719,0.4928522713948822,0.6156631313409342,0.47385883755565616,96.65488869898952,25.94892608191357,97.29045728716565,25.83390333034367,20,478
-0.46696764840687854,0.47668643582824755,0.6207555231629546,0.44742612499096673,97.14672962373098,25.354804342547176,97.9410122790745,24.919851677030977,20,478
-0.4467528511039343,0.48166960397357,0.6216412831026392,0.4804033234343935,97.7361468982695,23.611700215476354,97.04022683230536,24.501776346671715,20,478
-0.4650338671121895,0.4592413340046884,0.6143696373085425,0.47086768865733003,97.49311590906153,23.03097627094264,96.91337354513752,23.51232306850464,20,478
-0.4473976190669973,0.4900164902677815,0.6076003802049572,0.4984496236581156,98.06441754822902,24.31681113485848,97.87687112510717,24.9051245646949,82,478
-0.44790301160480184,0.47258292856966305,0.6239180900686393,0.48348794859200106,98.60836702092844,23.83386012732468,97.28333208423923,24.787224769845075,82,478
-0.4632307289134725,0.448396699551782,0.6187820816442585,0.4834434269643336,98.66810988785826,23.240782406414976,97.34084844069001,24.89310225511692,82,478
-0.45816449925263303,0.4750732352288861,0.6227653260901355,0.48080456846916453,98.0172990174206,23.910414755193575,97.08889950295699,24.328564956374098,82,478
-0.4628505669864158,0.4646506289586491,0.6254621069947776,0.4791824110355189,100.06156664771801,23.48271535442647,96.89259380589375,24.758593530214313,82,478
-0.46033439406845944,0.480722517290999,0.6250787390676735,0.47666179857716784,98.18411486692527,23.795742800218544,96.97618601715486,24.905994323625574,82,478
-0.4604914654441106,0.45509790668447425,0.6208218043419241,0.47310107829358766,98.6343671482286,23.44264998092637,97.79488313097782,24.758178483961764,82,478
-0.4526823614123668,0.4698922879058506,0.6245351680476836,0.4772498242479316,98.44565047453257,24.119591044837655,97.21103178005868,24.65828014683446,82,478
-0.4610530407580091,0.4538594139271726,0.6229048119378893,0.4729913793439211,97.87631166659135,23.69823903284989,97.18161698295238,24.57202285674769,82,478
-0.4593562212070282,0.4605851646184611,0.6255790821191677,0.47541329778143804,97.68864344644227,24.141008084981028,97.24803141184123,24.680687810560517,82,478
-0.4663184806783755,0.4458476465350245,0.6232040310833548,0.4681205174429144,98.193557771923,23.640911107707673,97.4015924735854,24.310371523364385,82,478
-0.4630777130336666,0.45849482492005283,0.6215478737295875,0.47528183527546214,98.08943418093011,23.957422029965915,97.43281392278138,24.604894981473404,82,478
-0.46645325722767345,0.45243737502266534,0.6213666916458824,0.48144518497420763,97.51833969974933,23.941397610894505,97.16543712862145,24.618830208944605,82,478
-0.4633672339065316,0.4408939981556551,0.6250494256683442,0.46957525113739046,98.57235918677199,23.85951387874017,97.33153631646405,24.085358705532425,82,478
-0.46338433729364686,0.44953827267907204,0.6173113557361751,0.4763341037026247,96.92860907234845,24.075677953176996,97.66508236738699,24.487428790523317,144,478
-0.45344552658219256,0.4748598790916206,0.6218657766673665,0.4667922689266518,97.80876805210048,24.438056184035137,97.7313710823789,25.034457357871226,144,478
-0.45844962826171304,0.46874933564921545,0.611479410260805,0.45968794528003937,97.06617186639328,24.01827592298652,97.45828517070318,24.476951472502197,144,478
-0.45719637900718313,0.4577272488943751,0.6182723962189202,0.46700666062990387,97.48393393230346,23.96489900777838,97.4892093736926,24.845700137857083,144,478
-0.4617627359213986,0.45438461524682566,0.6164566301327445,0.460767202320244,97.75351660706035,23.95673898345224,97.0232087014498,24.411096793513657,144,478
-0.45903599087623137,0.4544971525259353,0.6193933437560907,0.46127125694650917,98.27323209202096,23.975239251393166,96.66629277915858,24.192951172692915,144,478
-0.46471428801304415,0.40007452268952604,0.6080809980791734,0.45966928500962195,97.01764832429069,22.26360502650568,96.0716454313695,22.64353466129464,144,478
-0.48377075121362667,0.264363717345079,0.5882721128970334,0.36486204428166397,95.99105343902069,14.499065622469685,94.80623783111139,10.726129480402458,144,478
-0.48074899175291774,0.027859834420654924,0.47275344275203895,-1.8100719515694124,100.71250386993445,7.460937013466603,97.0955429326012,2.621620245366107,144,478
-0.4559678545092897,0.06564012036139821,0.4809481340841527,-1.1969597299510109,99.34962585694313,8.069168302444972,97.03566243674916,3.080973627437674,144,478
-0.4566009075441606,-0.07958892262051552,0.46528371595246226,-1.2692878539364936,100.76232111386238,6.971209179826253,95.76159885549798,3.199916752118191,144,478
-0.4597489160688504,-0.07444213920562189,0.49374541030176783,-0.5778424391573717,100.09204261500392,7.42118956110914,96.39503172920348,4.2828640580119846,144,478
-0.4730023450955537,0.18504904331117097,0.5268577989676881,-0.2705538868688747,97.96928722803656,10.518198244937963,96.54686793396726,5.381749542907912,144,478
-0.45860050663768864,0.3124131837880363,0.5596805309872527,0.25107468837632335,97.84288406611567,11.434588407646995,95.21664276954417,8.601625037320186,206,478
-0.46485128815752985,0.3380586327858849,0.5925660903994102,0.35722207105525655,94.09806701706368,16.1399719968426,95.27355703626671,10.74667416867808,206,478
-0.4686243498857126,0.3888966272919183,0.6130703497673372,0.453721559898963,92.30941183679714,20.022515645993312,93.45184738495033,17.706916848431742,206,478
-0.4634664911511989,0.31056623152981905,0.6026788088775915,0.4553437804078047,96.86019085824586,19.579940208622737,92.87889678342738,18.67556903760091,206,478
-0.4515593131772964,0.34073938377155755,0.6041822973916519,0.41395022606149334,96.81012850587507,19.720388248275107,93.78956149733654,19.58061404080012,206,478
-0.46719431271899947,0.3591589047898273,0.5946522010119144,0.4149067494041477,96.37992424129341,21.49931953552436,94.80903730621414,20.07353517700173,206,478
-0.46548487857142684,0.35525351815352074,0.5928113658744263,0.4217804667724009,96.74960188349017,21.21108388994023,94.44997755744303,20.58093621359233,206,478
-0.45970638993117235,0.36307482111477746,0.5973610102776706,0.3918198564323248,97.33242776102584,21.205208077290862,95.22473670558762,20.84393841763629,206,478
-0.45776446522247516,0.3825853732072086,0.594130877953765,0.4421938738393898,96.92258202405421,21.909031081479743,95.83163100862318,21.979715407000757,206,478
-0.45390180916308265,0.40367046141605517,0.593437038175816,0.44004952629374333,96.828505891446,22.326170157392855,96.08136704374624,21.77084444804495,206,478
-0.45486419221507435,0.4079033928133527,0.5974467065397694,0.4302419686153488,96.99725658995712,22.734264487092442,95.96118771612026,21.88289513147978,206,478
-0.4560744096508969,0.40285642615181533,0.5964712644358541,0.43823534943460435,96.76383269851888,22.80335982987821,96.12847891413752,22.08600757543602,206,478
-0.45621184183685953,0.40366627363863783,0.5957257391484568,0.4459458572804919,96.73957452252563,23.01228603694837,96.28297399336562,21.99615872506658,206,478
-0.45983642818937037,0.4117150419302367,0.5908749745925337,0.4607522249543326,97.37931594512497,23.429858675959977,96.48151784327953,21.861292128308705,206,478
-0.4607153942856165,0.4222466785789674,0.5953780375384339,0.4465405360193667,97.69181985977526,23.533038991344043,96.79802190735069,21.954179393162537,268,478
-0.46263365687409164,0.4269025681699891,0.6007907067635634,0.44376337143841443,97.6707901790635,23.226169331848897,96.97551097729804,22.06662267670653,268,478
-0.4608736767245009,0.4276068365115732,0.6019297929447842,0.43737313178526216,97.58104324663131,23.182947933783183,96.48741781676569,21.96234931406495,268,478
-0.4596003693654562,0.42128314352773627,0.5983483720794552,0.4394690017052105,97.70485119814177,23.271936973681058,96.28574559030899,22.001597697258468,268,478
-0.45995926062332687,0.42081199648124185,0.596958322611255,0.4478699470741816,97.73249205113417,23.675377790826776,96.28546355137603,22.284705668065293,268,478
-0.46386415330609654,0.4278194361263448,0.6017157777261981,0.44757761973714466,97.69159295621353,23.83845086803893,96.0648972205686,22.150113618236198,268,478
-0.46361875417057674,0.39950144573034296,0.6121321626997741,0.45340646246130933,97.5180583343637,23.260247247093986,95.46312704320286,21.91121749899777,268,478
-0.46848767156847193,0.40776638269267956,0.6070771993749411,0.4711642359591324,96.20520689102759,23.74136170822146,95.59521623808897,21.798450737464616,268,478
-0.4741078401836013,0.42962107556749746,0.6126799081945338,0.4646611949880827,96.32454190661394,23.087592274962766,96.36009670467507,22.673607055547862,268,478
-0.4708146922748745,0.4219765372057764,0.6101481782247097,0.4756318940091145,96.67610172343169,23.157115736212358,95.841811868269,22.222765756404574,268,478
-0.47286837458828135,0.43481838372800136,0.6137236008399048,0.4748264668475482,96.42915358601071,22.856932320174796,96.11455384775708,22.42138482283474,268,478
-0.4675535986301944,0.42219289837107127,0.6087848807782232,0.47788680797339655,96.11347669219883,22.816516630052664,96.11508814211507,22.412234505910046,268,478
-0.47334267855867057,0.43693054213102656,0.6116299538954668,0.48184291783410993,96.27547045042435,22.654800701242863,96.13688970188193,22.503432591718514,268,478
-0.4708313499427522,0.41599833919986007,0.6097107714174147,0.47488076923357764,96.56780040810096,22.96872436877195,96.13824536248231,22.133339662860248,268,478
-0.4721803130855954,0.43939608777398753,0.6078965909299362,0.4657394716271704,95.88777071319362,23.066519225906998,96.42779181547252,22.169835454658827,268,478
-0.47411209679442246,0.4413697905809745,0.6054051219819319,0.46873095816536503,95.59772839730192,23.157641012904598,96.68361047079074,21.795700461074286,330,478
-0.4757259880242949,0.421753542331048,0.6060930083198396,0.4526113698912022,96.41210843854776,22.72138522907623,96.66281223981608,21.85982175057009,330,478
-0.47568770662013676,0.412520951918627,0.6058000955593891,0.45222385287753636,96.0017393627358,22.49617320273525,96.26202530484919,21.76780724576843,330,478
-0.47386048460815783,0.41200215137789564,0.6044432454974562,0.45841369454688363,95.97331698063593,22.762304720134512,96.24144766988194,21.654609911340046,330,478
-0.47646012387167164,0.4129414519691998,0.6091151426101097,0.4464221371948666,96.43721274039007,22.351204192015125,96.14658147083475,21.913858775743194,330,478
-0.47868173636103506,0.42098851702763923,0.6109788199479209,0.4503880298906802,96.47173253415983,22.641417804832958,95.85517726826238,22.007180836985157,330,478
-0.47780123493239096,0.43184410731067485,0.610182737758999,0.46580275268303034,96.43562496439091,22.795528788688618,95.81031386809309,22.02682900872825,330,478
-0.47919411803324763,0.4296377454077828,0.6107061878099277,0.46435599758820556,96.53133497267855,22.673612650327144,95.92738944969713,22.176553879347793,330,478
-0.4793661485676877,0.4340255300355962,0.6092737382832653,0.4630782316811094,96.3778032422593,22.717740331251946,95.74006807522642,22.15350463475269,330,478
-0.47921556646599217,0.44037009075187,0.6049410628013042,0.46306871895529117,96.0864121562713,22.942265238727572,96.16092454553382,22.162300567257347,330,478
-0.4796808907983947,0.4436123124575985,0.5983261197440876,0.4712291436172422,95.34367515841737,22.983402194781945,96.6754975807129,21.891346034133015,330,478
-0.47858741861224785,0.44840425271715073,0.5976291706306641,0.46588534265490694,95.35730508831472,23.111617402304375,97.01688044555539,21.63438026555999,330,478
-0.48469272921872314,0.42334370518799735,0.5936535960239115,0.4541254084429165,95.43788512320761,22.77882215139708,96.4939386832929,21.719326326882573,330,478
-0.4809001386530263,0.4312427046188701,0.5900641637593493,0.45559919043038694,95.49293453903248,22.872847342733753,96.89589805596724,21.562172937490615,330,478
-0.4796061889779728,0.4364125266309068,0.5968504852547016,0.4567020561039755,95.7406664412712,22.81739620122082,96.52777275646869,21.28810436374375,393,478
-0.4772443141910368,0.41855429112842824,0.5960151120996684,0.462471941464854,95.89999406440897,22.411823002330465,96.17151997761535,21.855303823037154,393,478
-0.47700033128573555,0.4270914014627659,0.5921801642494294,0.4481277490838404,95.16895330251839,22.767797070094975,96.63836935839795,21.305847345173362,393,478
-0.4750562291298667,0.4235134008856173,0.6006975525472033,0.4631586012454967,96.11730650651678,22.417364592528028,96.04236455673691,21.841526309416654,393,478
-0.4776116919493743,0.4181936867055942,0.5952385920506886,0.46432554785204566,96.05469691545868,22.441923680661116,96.30121051621573,21.734922159938076,393,478
-0.47780893593255064,0.41675795447989455,0.5981249957538164,0.45878913447871994,95.71038552589128,22.51552909193808,96.18796294284566,21.492509648906104,393,478
-0.47961120531038237,0.41048854082569186,0.5957771138239149,0.46868725696233493,96.37508843594892,22.11608083527356,95.98135484064932,21.57783940481475,393,478
-0.4789007640220477,0.4093985839219511,0.5949690888561178,0.4383374695128897,95.58561460686802,22.653751014026327,96.51198220828985,21.191788638857247,393,478
-0.4819534480416304,0.40838090435119245,0.5958100595896011,0.44819588119483805,96.29946168778419,22.241885595742154,96.19501432022447,21.243721497455766,393,478
-0.47966202350613724,0.40446935723978983,0.6014511866453418,0.4539332373674297,96.34364369137857,22.199311962362344,96.33149201800748,21.44447241623174,393,478
-0.4833586840350378,0.3958817238703894,0.6030612652302213,0.4461125188933585,96.39014752589662,22.284758908506564,96.06576260891487,21.104839251710885,393,478
-0.4843229990731721,0.40389971630820787,0.6020185871302364,0.4523130836674322,96.36233292431113,22.107102313713167,95.66832289363097,20.753897736549845,393,478
-0.4807346344602854,0.4010132235863372,0.6006892307140137,0.45180510522959333,96.33233798990824,22.126090083198815,95.76973308087804,20.87597035646623,455,478
-0.4820830291178874,0.4094060547318872,0.5981727203254259,0.44434587389671804,96.63678120907342,22.215909484076548,95.69262034503113,20.66764608174828,455,478
-0.48724926330683715,0.41254905880886933,0.6041730428540233,0.4460527910780987,96.70454214575747,22.248725852970058,96.1706495787772,21.039836246846832,455,478
-0.4861344561070937,0.4019158428403532,0.5916560588481041,0.4165932032828542,96.59990974973475,22.34723920513208,95.94892139138321,20.971482408138833,455,478
-0.48948707093926647,0.4127727074085665,0.600987684305989,0.4461880686342789,96.9236138227795,22.278934223889447,96.2087000205655,21.20571957969212,455,478
-0.48981050159954614,0.396406192557744,0.5927852850449092,0.4306695023623295,96.29910326283134,22.261770524950638,96.56809927401915,21.178832052578795,455,478
-0.49844396050466006,0.4109133675841131,0.5941228910875148,0.435059049641424,96.56248824035464,22.779066233593063,96.21642894441169,21.137821126507056,455,478
-0.5053105171488236,0.39502430208744216,0.5926757456433654,0.43154472128956645,97.87167256835606,22.97453831868163,96.95262878564606,20.949119751029947,455,478
-0.5089573640410394,0.3866607709406331,0.5981636413326085,0.43207551256911336,96.92709820486321,22.96869794707613,96.86648430032102,20.891948456173253,455,478
-0.5108179479463338,0.38670641237241565,0.5900153763344937,0.40520080024915567,97.02951705591168,23.06569947417128,97.04472707180757,20.656198920826657,455,478
-0.5076113275823656,0.3865629247221115,0.5892435154896177,0.3991980543811887,96.39256589593428,23.34020420123287,96.59832588313307,20.594950468505864,455,478
-0.505619468403341,0.38242708434147543,0.58422801040915,0.39395860671103017,96.21743123683882,23.187120803706023,96.63075113422877,20.767054275615486,455,478
-0.5095138469523967,0.38586726532763904,0.5877705722327659,0.39293878201596033,96.83841848821938,23.320223419092873,97.17879415473499,20.73461709860577,455,478
-0.501789273150859,0.38746752426813735,0.5822574640650202,0.4001383314234902,96.30199293404483,23.183372176883122,96.45108265490175,20.75279899961921,455,478
-0.4972988088216985,0.3820799281920288,0.5890374460946584,0.37868028617365496,96.71281775506293,22.84848265812121,97.72594235494928,21.606796471421337,455,478
-0.49604267604249047,0.38082155618606833,0.5783453293251047,0.3991959510665852,96.48050528713975,22.80126127942633,96.82826615272083,21.535185463427553,517,478
-0.4925645841614903,0.3985626932967263,0.5879153132223865,0.38412388064255665,95.68155416698393,22.494063071878937,97.48461568405949,21.859154188922833,517,478
-0.49701395994242037,0.3934025980758501,0.5820172290764427,0.3942943644685415,96.82765214440667,22.71498314554002,96.61182031801032,21.42592516909534,517,478
-0.500172020686527,0.3887674345330054,0.5912710876066622,0.3997876678442411,96.62504403551846,22.76790108670164,96.73120782311304,21.193513058280878,517,478
-0.49858991219381676,0.4013353158573008,0.5917612090869669,0.4358932875829268,95.91036138147723,22.894438888752035,96.72670660910434,21.46642034923658,517,478
-0.5098818528189434,0.4149232693653672,0.59182226384056,0.4490307476452497,96.06398977413276,23.300049501667296,96.53379948037374,21.311887129953814,517,478
-0.50734435175868,0.3750978867380569,0.5920866548055482,0.4223187250278023,95.34838016821959,22.055819583970397,96.6149748378408,21.416835501916527,517,478
-0.510109860597402,0.40314716052103144,0.5972380405022796,0.4273842765764876,96.35498977425894,22.235233561408332,96.57339823899932,21.337261904610713,517,478
-0.503696198338934,0.396819592257336,0.5883551568634435,0.4247560871087024,96.2087998155959,22.64056564550208,96.23145172357937,21.11556230800187,517,478
-0.5084302927443154,0.3876919895465699,0.5777792326790134,0.39021256492182277,95.44904570268032,22.590132075430933,96.9966206586993,21.46429480803248,517,478
-0.5113150390403078,0.36543154029713576,0.5820067692007616,0.40803558988987126,95.60996721158013,22.383810756602596,96.27417050501232,20.646159583620687,517,478
-0.5110325431895173,0.3831695316751209,0.5773112200705659,0.3930594835476965,96.2505518721916,22.396602149246075,96.77096911563552,20.77770968790879,579,478
-0.5092672764847215,0.3829629788056018,0.5860707022535512,0.4229757958080793,95.6129578858588,22.470371628303003,96.73914092500719,20.553669243634957,579,478
-0.5104956021068907,0.3672768530278116,0.5799520630923413,0.39099663093122455,95.47963138980641,22.56580299482625,96.40175010630391,20.32476142674982,579,478
-0.5120141023413913,0.3700494384182731,0.5794210066806033,0.3837274992702887,95.0397823209591,22.6303547621864,96.85174429928495,20.701898419262882,579,478
-0.5104837458997192,0.37222546865345707,0.5866781160986928,0.40793363787956993,95.47120033328859,22.64713277559648,96.51648119650395,20.248291520702526,579,478
-0.5102988239008801,0.36597364871803434,0.59738721212203,0.4437701582211765,95.2140315864023,22.553461319627118,96.71613987722047,20.55650735415155,579,478
-0.5109562401220071,0.35509497698022807,0.5818691153072676,0.4104021185578786,94.93754336910685,22.525798482273515,96.4318674539061,20.214810923120158,579,478
-0.5161229476210383,0.3665976022495456,0.5778952131262124,0.3927861304833713,94.94515292965309,22.781278360565693,96.34860493445102,20.391135141025213,579,478
-0.5176381149240318,0.3690725922612915,0.575575952034702,0.4062238430086488,95.6765948555344,22.13909000720151,97.39734628301517,20.60909038309094,641,478
-0.519536663355706,0.36496921577247365,0.5782822767369076,0.40902939827987667,96.32106373963472,22.010726138292746,97.16377230240096,20.318535322339514,641,478
-0.5193131429009157,0.3557862887069639,0.5759987493805203,0.4054525163981289,96.02491533581029,22.033138119040647,97.08465356605012,20.214700506659604,641,478
-0.5194689167615587,0.35975722365974006,0.571634560058504,0.4008469810722115,95.95316099290166,22.30616667122844,97.56379297773209,20.450651134027417,641,478
-0.5200115638886781,0.3657364632389054,0.5739733244861367,0.40558270719121226,95.8266222351575,22.379229599721256,97.73130395599624,20.487395485811312,641,478
-0.5205844861984216,0.3621430801703595,0.5714962344128944,0.4035642875264466,95.04133231699343,22.211292514940194,97.31406906043945,20.298754926483046,641,478
-0.5203695583582949,0.36372327646276087,0.5688735812161513,0.39939265981883826,95.18340088391976,22.280806040463215,97.65045842426574,20.432764170890675,641,478
-0.5205310248142221,0.36692527549064385,0.5704934304048274,0.4001670759353835,95.45386642670807,22.58689859905169,97.57098288902068,20.309250320325766,641,478
-0.5211864529718381,0.3784231784594949,0.5626300849059932,0.40718572070433107,95.9849842039422,22.584461003378788,97.27262985723516,20.451638742815334,641,478
-0.5212104531873107,0.37279104947518826,0.5706345058080111,0.41707246632356304,96.01591475683375,22.326645273985264,97.06594124834547,20.08320661693643,641,478
-0.5212340092461684,0.3716885189241486,0.5734788784768419,0.41318879998336044,96.07810149259977,21.9394588504619,97.35599007969537,19.93638994694247,641,478
-0.5217081774301471,0.36378344217142966,0.5664767548614189,0.4060194569587038,95.48603538262908,21.88976825039113,97.58301743711698,19.838939732446054,641,478
-0.5225716385334321,0.3716959444796911,0.5641995431404319,0.40669316452987514,96.14423869396273,22.114805662555188,97.56430838958285,20.11441274683026,641,478
-0.5235140544134673,0.366909945000393,0.5545947231554481,0.4024859276601721,96.39634219914562,21.540602984447215,97.45832604487488,20.164092969476258,703,478
-0.5251374368582441,0.36891019954094184,0.5564800825025403,0.39402803963175104,96.19194664882765,21.564277009325874,97.51558366198343,20.114972714628454,703,478
-0.5252302357677112,0.37295627583131197,0.5544760651260895,0.39911198286900823,96.87861777373801,21.828980784882763,97.74378015137994,20.634875859906526,703,478
-0.5264685153676212,0.3662897980186344,0.5589724709276135,0.4044258097746197,96.08242847874608,21.6742584076573,97.70951333247106,20.624791410265626,703,478
-0.5282062846848655,0.36501797106685874,0.5668543869304297,0.39912908225556,95.71486599457364,21.565838677136878,97.88241598473611,20.24368526456984,703,478
-0.5253703045990343,0.3656744008015335,0.5599911940521098,0.40176829308656814,96.689635028689,21.728690235347802,97.89695731518003,20.710263829940377,703,478
-0.5284189664793981,0.36062997582845135,0.5621197130776259,0.3955943689317174,95.61288631207464,21.906247999167633,98.04011781799719,20.480706622899252,703,478
-0.5263477245909375,0.3630704231317047,0.5604481458593319,0.40218577962853586,95.91988485179233,21.992152745654593,97.69727602219837,20.596892422674625,703,478
-0.5264039452790271,0.3672768554693285,0.5604934614066833,0.40097513865101525,96.07910480897628,21.85718181069182,97.82862724319607,20.546058444269566,703,478
-0.5267373660277131,0.36623669853096724,0.5608783333062012,0.40712722405428453,96.05989346776504,22.03684826006859,97.6547854598681,20.876270594397457,703,478
-0.5281921624922603,0.3685312606834588,0.564776438874669,0.4008897918123679,95.79423296017737,21.862261324461233,98.0543051722332,20.492625443002684,703,478
-0.5252726837589077,0.37602308617018854,0.5625626950186415,0.41097525046077105,96.7310255726044,22.243449128414955,97.64862150674101,21.013495028627343,703,478
-0.529600985900294,0.3750407531778999,0.5691549558231296,0.40797795692166094,95.23731262029571,21.585273998797362,98.38696530904795,20.456577820231548,703,478
-0.5263068244567733,0.38260838341981485,0.5632652590174404,0.4085271930677681,96.75144202514409,22.07814847908754,98.2432157328061,20.660708275917155,703,478
-0.5257008902208028,0.3813798833245142,0.566614868052488,0.406988090504822,96.4019968632401,22.178804772331265,98.72057632010805,20.526735643430722,703,478
-0.5252530615675858,0.39004775390360735,0.5610839114457048,0.40292933446248946,96.96842196073563,22.154479504894486,98.9443633306506,21.00398193097585,766,478
-0.5253118167466384,0.3923230785514787,0.5621046074219173,0.40641806047273943,96.74222822090553,22.039774807759727,97.95133894793695,20.500722508409126,766,478
-0.5250815822784484,0.39745794985792726,0.5624399196217688,0.40387987199596237,96.6558393842285,21.918780152247642,97.57817130510706,20.581902998002594,766,478
-0.5271928905536741,0.3999431961456604,0.568654684469341,0.3922539559384684,96.0098878277481,21.858064974273876,97.64055313530768,20.42848250440302,766,478
-0.5279164486394938,0.3974758542189122,0.5658307404324349,0.39512149342065667,96.53730397605365,21.87811395683427,97.80121845228508,20.810040107365985,766,478
-0.5292247147813357,0.3971515053683516,0.570375962338401,0.3928205059642959,95.97862061045822,21.802943726150797,97.72630965462808,20.720375941852133,766,478
-0.5287673787466959,0.39559163751609605,0.5692483521498054,0.38130833701488076,95.37609265825932,21.75336479231407,97.5594310275775,20.55215131063434,766,478
-0.5300376019571998,0.3920271073325372,0.5676530367722087,0.38410315825474467,95.33472078075135,22.10863167431771,97.56910520496605,20.661875655231167,766,478
-0.5295224694768571,0.4025139766296323,0.5659924432852268,0.39084001458223916,97.1886346527647,22.778300578634532,97.6175865962431,20.744337157665647,766,478
-0.5263071143464775,0.38649653589656446,0.5584177097704659,0.40937579265352775,97.57701345755758,22.541750307333807,97.1548807141981,20.695874858522153,766,478
-0.5229803031971957,0.38708385768939396,0.5570771099508279,0.4125194910511566,97.66466918728983,22.533158327536903,96.92564133017382,21.061075515585834,766,478
-0.52471111605584,0.3856386834436961,0.5586022846466387,0.4191105217402577,97.47937181838702,22.57720492052651,96.77245062811438,20.691158304853396,766,478
-0.5257848110967679,0.385510362530258,0.559468800893389,0.42592339455835876,97.63443954514564,22.551490689054802,96.49410839179521,20.627101050775476,766,478
-0.5264373340761421,0.38103479487565617,0.5626734514223602,0.4390434504727302,98.2476473557665,22.247039902949084,95.94372226927709,20.51360596736641,766,478
-0.5275660472138692,0.372561290951377,0.5584833402526664,0.43281050894612344,97.90718727022835,22.712420298841764,96.18836049521083,20.55335290285078,766,478
-0.5292183697036309,0.3778847241461126,0.5554860760102635,0.4191552146022346,97.81353041664009,22.35344978685822,96.46900441787675,20.973685686402924,828,478
-0.5297680495583078,0.3841662855313633,0.5546384965763034,0.4161334949258034,97.71171644615475,22.709817309505723,96.75776398641808,20.82247637464446,828,478
-0.5312617406443053,0.3785798731720925,0.554337001903619,0.41557554651172557,97.55794564324579,22.191677265917694,96.7626997895894,21.16147342511729,828,478
-0.5312762241978255,0.37730137462667346,0.5514160671031074,0.41196631827501784,97.08472821024401,22.80021487452134,96.83216852586477,21.151546198426455,828,478
-0.5317336379643696,0.3686140157770185,0.5550698983681809,0.41789763149301884,97.46447884158682,22.20487740432927,96.28691590924407,21.1477109001251,828,478
-0.5327607791539416,0.3731418794942021,0.5560066085932863,0.4271036370276534,96.71399089175411,22.59289310171178,96.39700883772827,20.863853959052655,828,478
-0.5323280865129918,0.36457630373872124,0.555480837213145,0.4148414738967564,98.03369366410105,22.391470900973623,96.0428319461232,20.87600006635786,828,478
-0.5325779577802842,0.38604191800238685,0.555871720087601,0.43607618503334444,97.16266304588385,22.42055463594408,95.43610515971824,20.46778095970347,828,478
-0.530850421010804,0.3627380231702319,0.5566237086435715,0.4127048636223094,98.04669634865202,22.559250248533125,95.59192642843777,20.79128778145823,828,478
-0.5334358432220644,0.38377332120086866,0.562089424539226,0.4220699939855913,97.98586527808155,22.448421180431517,95.32735238167979,20.78964623099866,828,478
-0.5341097567242795,0.38573633956322895,0.561902376665105,0.42385669146845095,97.50344511718414,22.533606547205984,95.48882107646116,20.010526404149378,890,478
-0.5339622538072007,0.3743028409162376,0.558228146393491,0.4076912319552557,98.56652898959753,22.8397787294491,95.59701495307841,20.9577596092984,890,478
-0.5298673850882117,0.3870590642942835,0.5725500454282153,0.41659449387164366,97.20701055195802,22.099859105965677,95.21671506098328,19.68625792610394,890,478
-0.5284671971864289,0.390489836511599,0.5738244875117257,0.4007840224903473,97.13009770310799,22.479790753259604,95.56465871016562,19.944223668063778,890,478
-0.5339916661266892,0.3694714320765167,0.5664459380373096,0.4239352142827408,96.30728589539227,22.30980607136111,95.98882902788753,19.738811168333417,890,478
-0.5348360422061432,0.3610039335006482,0.5548297394721096,0.43197503048695,94.01871138318054,20.95327767413823,95.02975492562055,21.089938362173452,890,478
-0.5381452425378271,0.3603360320036854,0.5636227836145005,0.40819919923594566,97.82780685635385,21.637925219056502,95.89785623672245,21.101522464709916,890,478
-0.5457302961228967,0.38266646452522746,0.5568198414551018,0.41472866580365697,96.93092051041417,22.396606636046275,96.28499507275728,21.25808010926668,890,478
-0.5386715952362453,0.36557759339365326,0.5638154417464619,0.43650851277375,97.63788836315312,21.85506289936773,95.2326147863101,21.045805283365205,890,478
-0.5353527693204996,0.3953634205990943,0.5705091898291937,0.4312409365612302,96.01647026744602,22.434785538409827,96.51035306100066,20.85744492459617,890,478
-0.5374343092736077,0.3787177197277932,0.5678782638688671,0.4382914436811265,97.21906194663448,22.083143926170326,96.15783037800932,20.98839234972824,890,478
-0.5475135595001503,0.39187641300425197,0.5638398182859785,0.44956122959245687,93.45463312309758,22.19729656005431,95.84896793016804,21.352750060180398,890,478
-0.547327907049858,0.36226674776640316,0.5590061306870092,0.4250003296529239,97.02225761336888,22.518230489479308,95.42159246524321,21.082828100720796,890,478
-0.5516889337870784,0.38064476801626973,0.5523266867030567,0.4223505840863083,95.56848449987473,22.414936578560106,96.4528918248555,20.457132552967384,952,478
-0.5501894405405372,0.36236339924425,0.5669457601433886,0.4372040398378672,96.59387817585213,23.057957974105502,96.23666023695102,19.539650772506036,952,478
-0.551930645547459,0.37930609153322886,0.5476426813955361,0.43571781842462687,96.14742695279128,21.955207662097482,94.00162405430866,20.64845900650798,952,478
-0.5454243289229226,0.3662355296664956,0.5493712663489564,0.42806799804018875,96.35678021114606,22.349612437517894,93.27339314172512,20.390523110612055,952,478
-0.5473031720161653,0.3645466953032426,0.5527799060630927,0.43913534722717185,97.55712836264546,23.090442111749756,94.84760054085788,20.082295366533625,952,478
-0.5396287472333007,0.36651817285100197,0.5672422817751288,0.45908928011754346,94.7330939989384,21.8117984879887,94.85198122375402,19.956661917098767,952,478
-0.5392537758622253,0.3604148075637785,0.5600265326006125,0.4685224670251704,96.90706311934208,22.71824025196217,95.02417068814475,19.87883566134409,952,478
-0.5437874179878657,0.36333811236220626,0.5567522477574512,0.4616293922953911,96.06798670014568,22.607565038669826,95.24549752608715,19.43729353846411,952,478
-0.5388293029989826,0.36240777991658546,0.5565331512081192,0.4328891530557317,97.14439363136003,22.65085768243675,96.14870378326094,20.019483662142488,952,478
-0.5389236042992784,0.35653243308085325,0.557389337702585,0.439840026911719,97.33380030944099,22.779294342279357,95.68092552645469,19.847857644042023,952,478
-0.5416493949552497,0.36057003161439555,0.5565568270282932,0.4343026523498601,97.25122531826504,22.97822084441893,95.85900320526203,19.86554271229655,952,478
-0.5368385135847502,0.36026840059787407,0.5530503285545018,0.43403656500051296,98.21483461903986,22.846473917316537,95.54305581249801,20.343422360444894,1014,478
-0.5389793940609707,0.36921752419988635,0.5587311739930406,0.434534643264202,98.47614055386575,23.12541410952441,95.60209480484302,20.24084784554965,1014,478
-0.5354594956967815,0.3677210052652202,0.5556998925865723,0.4368029671079591,97.79646700890943,22.815840943990363,95.08462560503352,20.906056144472466,1014,478
-0.5365247544354335,0.3777348823157271,0.5449354449631634,0.4186217421521716,98.43448547410543,22.787511255150726,96.22429227447307,20.50895283285318,1014,478
-0.5358526278280319,0.3729995071527041,0.5421876746590542,0.42502182996673105,98.0750760604856,22.8647043269091,95.81088186984921,20.63874653370966,1014,478
-0.5390467036706705,0.37000914664435774,0.5466715891722074,0.4522386942717149,98.26831352279075,23.13543811779848,94.71519595129804,20.716743817693956,1014,478
-0.5458411764054377,0.36742898685487535,0.545446883725302,0.4375375284969083,97.43674243255958,22.75933952437505,93.88824735995537,20.18785330215636,1014,478
-0.5426990998477852,0.3720003619762786,0.5426292219900827,0.4380156447635651,98.02364836898242,22.79304393819708,93.85463658930624,20.439466267863025,1014,478
-0.547008832289292,0.3818024686971473,0.5431630790363544,0.4331545339047351,97.32802321905089,22.550136587999575,93.87616444546205,20.38157808424075,1014,478
-0.5453287255325723,0.38979541558706887,0.546589666343694,0.45624701699549286,97.04154196827207,23.104701834220027,94.71327016676007,21.10094253704014,1014,478
-0.5473858793078288,0.3854770147389988,0.5399984954678378,0.44801019985854246,98.06808966606226,23.11387930630186,94.52401112207174,21.6456523807399,1014,478
-0.5441434911240577,0.38340373737220224,0.5440317552422331,0.4602414469930123,96.3786397608877,22.500450118763716,94.51847347126845,20.856685426498363,1014,478
-0.5468938531457552,0.3796395739834571,0.5406062800894861,0.4544836091830365,97.41680763706795,23.507775480574065,94.14487275252802,20.861292133789902,1014,478
-0.546751325893086,0.38556232300109133,0.5403241973281445,0.4526638942774845,97.43634157095599,23.666407541171296,94.33444592876549,20.845039458540786,1014,478
-0.5481227842393376,0.37331206491702734,0.5398959225624652,0.4500529576735588,97.77996829884462,23.536862837956267,94.65876403501049,21.145477906407223,1014,478
-0.5460304805780081,0.38554226885517867,0.5440524391036168,0.46361044898618115,97.32866332448197,23.307656698916702,94.53402181904467,20.725950102366436,1014,478
-0.5490267948468562,0.35352525094976806,0.5418862536372769,0.4348123327188477,95.49909917544149,22.684268267203286,94.01035093283048,21.03004425697388,1076,478
-0.5547566389003203,0.37134829127619245,0.5458989790592101,0.437529477816856,97.03174077749647,21.904607914003563,94.53688631295671,20.165566989883597,1076,478
-0.5535942921469877,0.37204321625363,0.543657199336496,0.4415482619487203,96.44837264873452,22.29037438657148,93.89630357240412,20.205960971771994,1076,478
-0.5535715343483634,0.36719280585332614,0.5435540981483418,0.4359094395455849,97.38046077438295,21.93336122361411,94.3653051097618,19.74978672309434,1076,478
-0.5494445462916606,0.3675539065306752,0.5429305751743858,0.4430532698028533,96.96436011323382,22.214102831321412,94.43004573640543,20.1365968633471,1076,478
-0.5529014507499557,0.3743961172526573,0.541941638250316,0.4388855420261305,97.73868326521631,22.171610360756194,94.57871114697978,19.882955551714666,1076,478
-0.5542913977815951,0.37097375250055187,0.541914662060822,0.43111273300548714,97.463036107148,22.26526922505448,94.5876427960608,19.874563118265662,1076,478
-0.5539976038605342,0.376140484705816,0.5363096467951735,0.44055911671908954,97.2598113197979,22.779536682789296,94.43841222884278,19.84103196695737,1076,478
-0.5539953984315623,0.3662911986053873,0.5344251658209557,0.4416619422938709,97.23355049009884,22.76272602073853,94.26969322852833,19.63393142374433,1076,478
-0.5531766193374816,0.364468374326169,0.5347854653542781,0.4385799609876748,98.01879633907903,22.47970086582888,94.61469584710817,19.653601174299293,1076,478
-0.5524440000064526,0.3640408205323724,0.5346377797647217,0.4372210448521264,98.42419428971122,22.463840365590524,94.82705799222191,19.710710786495987,1076,478
-0.5525050971076773,0.3663530843460443,0.5351932206883956,0.4364033917682995,98.39736126369448,22.63289460148805,94.84496746925564,19.801629070345808,1076,478
-0.551818822080552,0.3674619187116224,0.5349040744223644,0.43921686317441544,98.1067197887267,23.005884263541358,94.42812140099409,19.618213295014097,1076,478
-0.5529717862448482,0.3774328610652709,0.5400827893199074,0.45815118787671083,97.36500937061265,23.279888356585886,94.59104973548689,18.457578016950038,1076,478
-0.5536892850769614,0.38176486011221944,0.5377515259371177,0.4443079082340932,97.78490845666599,23.24049441298161,94.63635861145349,19.82691283726322,1076,478
-0.5507827632549349,0.3808280709337014,0.5375667690127853,0.44952199730450265,98.28274609477845,23.597699036502117,94.37871945548653,20.488090695187203,1076,478
-0.5530866920864995,0.38322526865134693,0.5402466686930422,0.45102696789054514,98.06390812840598,23.95519453881311,95.07202137632386,20.06234230209774,1139,478
-0.5481821478735003,0.36973265497595975,0.538721187893989,0.4374342700614825,98.08889344597239,23.336073742243112,94.75046422648992,20.856312291154776,1139,478
-0.5497925371907824,0.3751230461442735,0.5457888994524994,0.4561326292908836,97.97362107837702,23.58969086151436,94.29490198579543,20.257067913031968,1139,478
-0.5509217413784152,0.3829222493784781,0.5388536351024409,0.4571898075883365,98.19085723956647,23.72753388575038,93.72984573300418,20.346100143282115,1139,478
-0.5533894803491084,0.36834700240983875,0.5391208433987792,0.469833333868191,97.85008568411413,23.69788632451107,94.06866563944175,20.387589633408176,1139,478
-0.5535901249236845,0.3894207568402534,0.5325500573576851,0.4395901210430238,97.24984795994817,23.355381556669325,94.63428040010304,20.589138139324415,1139,478
-0.5492118962343944,0.3682032869653821,0.5356044467400695,0.4378965688802221,96.9983502231535,22.738402409301262,94.82364117084163,20.827090490285908,1139,478
-0.5515325998034375,0.3914658323677808,0.5341056937258032,0.4375645020944875,97.2006605909353,23.237645046809597,94.920455141261,20.732411534175878,1139,478
-0.5510408297905806,0.37523500389494996,0.5319268914612486,0.45250023154828084,97.00994387700744,22.8979809881915,93.96266787551004,20.662518460655814,1139,478
-0.5484145694444014,0.38633986134975534,0.5273462051396242,0.44380011711867196,97.9360984827297,23.020268120501367,94.03558650669189,20.806345535254863,1139,478
-0.5488230001634803,0.3716932177373231,0.5263513659630981,0.42751074261326516,97.49674002948461,22.957357094745642,93.12642222133718,20.801523403488076,1139,478
-0.5525637206443607,0.3928186407474309,0.5268958266392141,0.42326939906264716,98.85674868203333,23.128776150618233,93.65333343377984,20.7284539913934,1139,478
-0.5552329026147128,0.4025176845748105,0.5218774510093859,0.41292810814036524,98.33307606540141,22.694769336404686,93.79495210100423,21.32006405833826,1139,478
-0.5544187578251097,0.37194246979875767,0.527842115113548,0.417609751046543,97.37789660759834,22.03524566858058,94.83290440270586,20.086039359552675,1139,478
-0.5521574772947369,0.35632114447242813,0.5300255287524213,0.42704917624723066,97.75638198599145,21.86348624106985,94.5292590908956,21.12503227533547,1201,478
-0.5581690329246494,0.4057005737106069,0.5268013010404855,0.42435430978738015,98.6935454444801,22.505771149422568,94.12698808765258,21.192895690716586,1201,478
-0.5536014074817925,0.40613132590170936,0.5265499943608649,0.44497167264802395,97.18223213020171,22.93949905159243,93.39100578478859,21.23200633527479,1201,478
-0.5465177777243684,0.3451360314519937,0.5199607041292407,0.4501489737982211,96.3266977266571,21.428138636066496,93.47030092452246,21.95709032535026,1201,478
-0.5505729202851156,0.3664788775182354,0.5258485378048553,0.47943736423759886,98.52193122241422,22.20742370515248,92.9612788414949,21.18759844754899,1201,478
-0.5555630221717234,0.40563102535265394,0.5261708471925077,0.4405313630139479,96.95259634946278,22.519945325291246,93.37086724293162,20.996091610901516,1201,478
-0.5467695896228897,0.37153526846849005,0.5232660355780294,0.4400823077975824,97.89795050565763,22.495497165633687,93.24226830633899,21.232686242583057,1201,478
-0.5546571077209951,0.39443402565444036,0.5248385091641633,0.43915689297538396,99.10293497128002,23.2631911239881,93.30088141930896,21.046560373886862,1201,478
-0.552602165781692,0.3970259673357448,0.5281931044243968,0.43869835657784645,99.1145379935959,22.90070253431607,94.37014025950332,21.734301699251237,1201,478
-0.5596173615840025,0.4074324994581326,0.5383549150920033,0.4273596025830199,98.23208743237879,22.605228975525552,93.77989946164726,20.95182758528557,1201,478
-0.5545977939637209,0.40733019524265046,0.5342561952029711,0.4327406166024995,98.93576394317799,22.70161937835809,93.31780175156467,21.28528224798388,1201,478
-0.5570200684071251,0.40576444819782664,0.5349813493616578,0.4346542617857199,98.2868251522478,22.62264086295772,93.60245775405522,21.424681893233675,1201,478
-0.5587706585303951,0.39651524095172413,0.5337757539278764,0.4359953649985174,97.71572049584327,22.920621024744936,93.62112535057264,21.374283323049966,1201,478
-0.5558758597295077,0.3821526686036806,0.5327159081539975,0.43415264433314676,97.57803804206864,22.78972474757289,93.83273529246368,21.562716245051554,1201,478
-0.5559365767150657,0.3965731926969082,0.5311953160829708,0.441343416060698,98.60806815782037,23.10670274045088,93.58255910838089,21.536220182143165,1201,478
-0.5553418962024929,0.3887726002340419,0.5297926121777025,0.430621370625594,98.36890133076474,22.967453777725808,93.68106925293614,21.610082265795977,1263,478
-0.5544458415564233,0.38057917032544053,0.5279760459404178,0.43814747957415895,98.92789264580392,22.763179046139232,93.71337359584443,21.735035267402633,1263,478
-0.5573768717398223,0.39615039325272894,0.5269124976143301,0.4348280880600274,98.95002317563922,23.174669124918292,93.87407758701823,21.632111129546725,1263,478
-0.5535939137692379,0.4051089786763408,0.5271432442703902,0.42307296621437845,98.48022131649815,23.05944158224943,93.91070656661488,21.82431865318425,1263,478
-0.5636793174451649,0.4071311217435364,0.5340316504205534,0.42392539977200655,98.57577989247659,22.530098363731245,94.01257104710028,21.106372520759475,1263,478
-0.5620332513164973,0.40767809296449026,0.5313222599581182,0.4155749139058664,98.64732550526755,22.831542585457548,94.4224020729212,21.51870760269789,1263,478
-0.558777740531487,0.3896278625542929,0.5265746682588105,0.4287071675713846,97.59200817380481,23.151728771451438,93.06345876142794,21.384637792490512,1263,478
-0.559948216381483,0.40219010391868903,0.5219220389551011,0.42685185997157277,97.12609879600038,22.892997149626186,93.85842061268364,21.825501819098562,1263,478
-0.5632426500099386,0.39176301702063177,0.5267572552053708,0.4261578300548375,97.97641892402538,22.94938856390877,94.12312690158811,22.048202686673488,1263,478
-0.5617001112171436,0.3993470385187809,0.527793651904529,0.42839931053286545,97.65086550420122,22.69441701769998,94.16033576511626,22.373716315351924,1263,478
-0.5576188704421762,0.3976335223660455,0.5261091857444454,0.4346357036242186,97.5310035295512,23.069046166725304,94.12791490966312,21.434483167387206,1263,478
-0.5592893345918609,0.38553772032255756,0.5277903033489042,0.4341421474955815,98.23189650588094,23.182788086624257,94.08786136005274,21.271578000183393,1263,478
-0.5603378381049086,0.388824927137497,0.5277163328848761,0.43528236516100943,98.03317589838447,23.07470718859326,94.06374970321458,21.664549359263855,1263,478
-0.5631037763820871,0.3843633613371184,0.5227115830446526,0.43599747027898794,97.9165454508677,23.395307008956692,93.50734578522602,21.725133205097347,1263,478
-0.5592769019429068,0.389363828745358,0.5204012305159246,0.42141764017923455,98.35992333299895,23.726652661226346,93.96184097708301,21.745376184726453,1263,478
-0.5598931598219578,0.34250567257702674,0.5263751209811566,0.4240121320499497,96.99625031341132,22.6051735468158,94.6902037295033,22.15841044686898,1263,478
-0.5626497867706579,0.3932215302771735,0.5285133880858747,0.44766782151693435,97.90107452707207,23.07020917892993,93.37146295580018,21.532790321578865,1325,478
-0.5559159860260815,0.3526129190774613,0.5262801665348312,0.4260763118179914,97.13220401647123,22.54305712808359,93.86465998134727,22.028247688536496,1325,478
-0.5604494509065803,0.3848780035530141,0.5276142655394815,0.4389126455228289,98.46012485753292,22.63955601693421,93.12865937403608,21.23940340272455,1325,478
-0.5559834254983049,0.3717498411177449,0.5237723159647728,0.4106329167793904,97.8910688188205,22.66312101034145,94.13557981948479,21.38232458558703,1325,478
-0.5547645666488731,0.36540889192361453,0.5285024611389123,0.4255620678367164,97.66241863698416,22.309093948218884,93.55875005109858,21.27735978184484,1325,478
-0.5586996755695023,0.38585065044772904,0.5236904013361944,0.42384936341209906,97.97485835324824,22.597668438540044,93.84502096838274,21.58431923082269,1325,478
-0.5531867510159026,0.3593716491114075,0.5274104476090279,0.4320820295319055,97.42057835786402,21.924556660441528,93.43327819187176,21.481458323047917,1325,478
-0.5609402970627428,0.38401613672968576,0.5268165150313486,0.4422398468543439,97.94777826206952,22.070802870019207,93.85772725501532,21.46694695394623,1325,478
-0.5581057163971458,0.3688015814223447,0.5253060694166838,0.43979870399878984,98.21517951626616,22.475127881131456,93.75920831003555,21.17729182458631,1325,478
-0.5589926861494994,0.36872973266710785,0.5270310047610239,0.4415644998603759,98.18534816273271,22.390122058069043,93.81562070934754,20.86328667010147,1325,478
-0.5567642371260754,0.3663100853533015,0.5207469220953498,0.43614249174580155,97.76868754198492,22.488637994539538,93.89990506539802,21.284566669283848,1325,478
-0.5594832160251695,0.3694984218189064,0.5218367439009438,0.44097847428065945,97.89850022339077,22.267758054925558,93.4698038389525,21.03436241671628,1325,478
-0.5622514774190955,0.37458729005712754,0.5172997648413887,0.42875715694888256,96.90794831805276,22.234706220594024,93.9046452225,21.534084832111787,1325,478
-0.55762238983133,0.37116415447964907,0.52013844488655,0.4300775184507924,98.06973276342713,22.172332801649237,93.77609129355483,21.035704799127245,1325,478
-0.5585884628549388,0.3692177129769439,0.520789982794415,0.4278392427897568,97.27238458041033,21.884380757453428,93.67964782731796,21.22294116139647,1325,478
-0.5599385009005914,0.37553274621417104,0.5165701431599549,0.42895957060702006,97.58774398065877,21.883202865887302,93.76124065367567,21.028399663249004,1387,478
-0.5588310993022114,0.3799343330773028,0.5145523078155039,0.44751595882577794,97.37606050022359,21.645270957968727,92.94349026940618,21.125679403976218,1387,478
-0.5635254857741715,0.4009576949955355,0.5111210888505907,0.42407468134537174,96.65697695380777,22.010830336272985,92.99849698803375,21.24330110577605,1387,478
-0.5611965155034154,0.40283726894466915,0.5070927051181133,0.414599583309708,96.71928603737385,22.6430472103376,93.30668592340932,21.600537955569223,1387,478
-0.560686592015632,0.39435040316670306,0.5099698679524058,0.41318773856884905,96.93522466148693,22.561139837349845,93.80221600740133,21.736976076127306,1387,478
-0.564955387399478,0.4114275143466557,0.5086894427828641,0.4181223611882596,96.42469476768431,22.778919750446093,93.68062051900813,21.81899151545868,1387,478
-0.5596286513094695,0.3948974666146698,0.5056783049444782,0.4103890323092268,97.16336076785996,22.887370468877428,93.94968219025199,21.66718112676882,1387,478
-0.5631343703241275,0.4098946114138877,0.511206213806675,0.4346687040603364,97.4696258857956,22.976082219293442,93.23329157791807,21.216486510840422,1387,478
-0.5593956087159635,0.3979887624218481,0.5051148741765007,0.4172863181451602,96.1955682893588,23.089376700285122,94.44575470707946,21.964521824551433,1387,478
-0.5663241962636993,0.400246366737537,0.5082168723955537,0.4204982374853347,97.59980712263572,23.436011494613197,93.80420971733014,21.372390272995478,1387,478
-0.5592584217610507,0.4085494112531118,0.5037598585019526,0.4184672751084764,96.63804233452838,23.319672835127726,93.0859544140104,21.950376998278166,1387,478
-0.5653679176574349,0.43287788822032197,0.5021050276471865,0.43989664031716064,97.50093637359154,23.8744038892231,93.08915335982222,21.964404827463543,1387,478
-0.5589678383131096,0.40033787800935594,0.5021623522686841,0.4312398836057088,97.19776620138495,23.71912368147534,92.97506181755334,22.136627022773602,1387,478
-0.5650236606355078,0.41703397098851663,0.5020413525874772,0.440063554554883,97.97757778132267,23.918338818968962,93.30497637603806,22.031993754773794,1387,478
-0.5576797426427573,0.40553353593426356,0.5013395848758617,0.43909121367491855,96.30100572089948,24.233364933800367,93.59719864233266,22.662657957320356,1387,478
-0.5594342612287526,0.3982749891947496,0.4988057629264471,0.448466638350552,98.22199559523901,24.194815640004006,93.46076218358021,22.350796899624452,1387,478
-0.5578209598232101,0.3964784251993377,0.49813374034481045,0.43785095699082915,97.66595002170705,24.410147327371906,93.40328655313432,22.606001448892258,1450,478
-0.561572156240276,0.3920084066740275,0.4982861114460018,0.4413629991552089,98.33297661381188,23.97925542808348,93.62391568937508,22.56555259692004,1450,478
-0.5624178417650945,0.4064932814214251,0.4994739218738974,0.4516619215931233,98.49400020128863,24.305609862758473,93.37354262893321,22.570366807589863,1450,478
-0.5590706506499084,0.4010294548800006,0.4988297598195385,0.4514061024663897,97.66318479838509,24.385067234872814,93.07680745259553,22.74972108346227,1450,478
-0.5611035206166204,0.3954655902476989,0.4985790907079595,0.4548001235676339,98.53350162313374,24.279366020952224,93.20164500375265,22.518235507533504,1450,478
-0.5625645797689819,0.40214897864575194,0.4993726075341255,0.44515032008033373,97.62062826172932,24.304937233899683,93.722490484842,22.566764233286147,1450,478
-0.5650873880276597,0.405578842079414,0.49869063940918873,0.4553276807362225,98.06920553834891,24.403105942897888,93.3666784224661,22.393322401201292,1450,478
-0.5595400893915047,0.39696407579719706,0.49801406798614384,0.4569376935550421,97.60487091316887,24.3435536669878,93.28854393823312,22.5825129959489,1450,478
-0.5675091786651488,0.41348587114866103,0.4957099187692019,0.45946580393962816,98.06540765088371,24.56486627649893,93.28191081475309,22.333845253625444,1450,478
-0.5669497335929151,0.4134102513061384,0.4966474985661432,0.4585370843174624,97.9118763516224,24.547092769440315,93.08622531687396,22.25834664091573,1450,478
-0.5645568117827432,0.40454043827917946,0.4966835112408031,0.46210139237912445,98.05748345918099,24.68669245318327,92.92141462390427,22.164255095256138,1450,478
-0.5642780504518515,0.4199627568281256,0.49928422833591823,0.4555145718442643,97.07940523823316,24.446901157072492,92.86487368409321,22.326617772256604,1450,478
-0.5634889222821832,0.41032856838339477,0.5000105772343006,0.44987989455152455,98.28992591285115,24.671205790646663,93.16438047539785,22.090847469962576,1450,478
-0.5631652497075134,0.41388466485230063,0.5021274918087774,0.4631678554572622,98.09362340905457,24.23751752467206,92.91815710262215,22.00870486186792,1450,478
-0.5614544003807536,0.3965237085183828,0.4948365789550732,0.45292740014358424,97.35870900444955,24.214820369045338,93.05315409056072,22.580074035067305,1450,478
-0.5595662422067516,0.399417627396098,0.5001196276463757,0.48147253756681174,97.89287093683464,24.213436183464818,92.6978532862558,22.198392317144357,20,936
-0.5613987304173215,0.40287907618177604,0.4885732672762155,0.45434212525492873,97.64427384376012,24.484747071172972,92.36327763919053,22.443031297894656,20,936
-0.5589018002957765,0.3948493012752953,0.496895038300312,0.4715687618983473,98.85716192186901,24.314571732905794,92.31644209642171,21.965948591299448,20,936
-0.5625897192223768,0.4010310453748296,0.49146690013338923,0.4591343270898187,99.01517216615927,24.24459684541642,92.91039543214382,22.208502369331416,20,936
-0.5620908841006194,0.39942938286266066,0.4985508271675281,0.46975884567944853,98.1580416043294,23.92021372674732,92.42233660030918,22.284223640047156,20,936
-0.5622518054674374,0.4038442658613766,0.4987812155752795,0.46822252450402013,98.50059485810121,24.0406383715811,92.53589586917896,22.06738877728791,20,936
-0.5619336107671987,0.40657832853018144,0.49568465720993093,0.474154838976344,98.55647261147196,23.802344431583812,92.92326836783029,22.6132095302231,20,936
-0.5539594730453216,0.3843049813570604,0.5325140440621333,0.46351511205416845,96.80571335076532,22.951873837751414,93.46685916761551,21.942358414847725,20,936
-0.5239371718036102,0.3820992644307631,0.5733174691712156,0.44066960419415646,96.17859399796936,21.606024918915324,94.70979913995437,20.60429202460078,20,936
-0.4837488227345576,0.3732798591223692,0.6019829124728753,0.4325786606621103,93.8008543358131,18.78731192328077,95.52875094740507,15.59835427674766,20,936
-0.4796517354034961,0.3666721799567833,0.6079037007714686,0.4333825770716866,94.95973105187369,18.263871664560472,95.59231781833763,16.693244782039717,20,936
-0.47508925859131684,0.36812075980077497,0.6108798468272061,0.4106717043410034,94.60811656855441,19.058654313762844,96.37689434247554,16.813847963202445,20,936
-0.47338098891366226,0.37849241271101425,0.6139432012127998,0.41988719765376986,94.24880593310053,18.983702442851172,96.25949457035904,17.50343263284505,20,936
-0.4753705483035484,0.3849274267342994,0.6173183199496561,0.42637490458579647,94.56465287013283,18.775881279266674,96.54555910644589,18.51920187494337,20,936
-0.4772697222667333,0.39339206057616,0.6141826569977664,0.4335718484691094,94.52609041215376,19.233585849580663,96.70195237791586,18.68913355106936,20,936
-0.47770128742844625,0.39539239676598925,0.6106366686636782,0.4084298237357946,93.87447969787328,19.134815627133936,96.89261472154858,16.276010942046423,82,936
-0.47564377026210314,0.39386488031708883,0.6120667703305582,0.4183272624506898,94.38533969105977,19.33454712418006,97.21854677917408,16.793753115669773,82,936
-0.4704138550018409,0.3976749763463841,0.6169503433756517,0.4574231758313462,94.7752840311139,19.607406020312688,96.63968558767523,19.546085741390602,82,936
-0.4676054111254562,0.39797623052137887,0.6094829378760215,0.47234667826204824,94.51741272907879,19.38244946686365,96.64867099916285,19.11415720418946,82,936
-0.46397741914360674,0.4164244338174567,0.606139079508693,0.4033274024165213,94.79634631014493,19.68254896229662,97.41973994959447,15.661227559115327,82,936
-0.473108147469387,0.41278786974777265,0.6099564441694925,0.38407665203413244,94.14157558176865,19.468419377175533,96.5916547545094,14.4771831467925,82,936
-0.45871455923896903,0.411021034829622,0.612844417928163,0.4320009305472726,94.94090945697408,19.99439460236022,96.41135265865098,17.519704512217388,82,936
-0.45771960010335067,0.4215058089653825,0.6198824291238199,0.4756558229884796,94.68561597643539,19.758043823051356,94.37129463973692,18.977931677719724,82,936
-0.46705198025789135,0.4055516899640881,0.6140452819027358,0.4738883285473674,94.37948186629578,19.78404469107143,94.32199560254693,19.726692708555287,82,936
-0.45989116447623235,0.4142761949271131,0.6052975905862364,0.4535595633282779,93.81100598516237,19.84412639113867,95.70724692739947,16.24712004841124,82,936
-0.4619949321888351,0.4063251702653243,0.6043293791194717,0.45241911176140454,93.67661619836288,19.76919733497997,95.6846586513086,16.38625306283661,82,936
-0.46349690598346877,0.4078911817697943,0.6026554067094689,0.4407696499105446,93.90489369760591,19.96411526692362,96.30497113557159,17.32480688484102,82,936
-0.4687837421603122,0.4206134355240239,0.6065286488588074,0.3917562326692085,94.62600101051562,20.126102563794348,96.97829483638259,14.504936486145992,82,936
-0.47215776818242544,0.41858734090806426,0.6112487514742169,0.41694490006962726,94.28610653686515,19.803836311542163,96.35430106970396,16.259190901446143,82,936
-0.45374006587967897,0.42490594158133593,0.6105985784650084,0.4442940026550861,95.8850509683637,20.145336335469715,95.51321975342077,18.306061022860213,82,936
-0.45931589477967316,0.39987743210746307,0.6094804304005915,0.43553970280143095,95.05368410926184,19.689048459466434,96.01816816258358,18.345302356875436,144,936
-0.4600122094841511,0.40364780477720325,0.6067451994635259,0.4384215965845525,94.82907407998282,19.561433804262194,96.71828848527583,16.873004444485293,144,936
-0.4619760973705573,0.4054324842311384,0.6080597565904304,0.4191413063469392,94.25985349290143,19.518354371196438,95.7808344574584,17.1650603059763,144,936
-0.46643584276592087,0.4230495113863493,0.6077471254252456,0.4126817621660805,94.56818909839541,19.780745300890178,94.72721140294193,17.45838415281331,144,936
-0.4591836670946258,0.42520140606584145,0.6112163946439897,0.42915316592855096,95.45601786572557,19.786158998490677,94.77389847896416,18.431561873337888,144,936
-0.46166701773742524,0.42995344719054335,0.6085428137828418,0.457008880575339,95.75598971484582,19.872155394770875,95.3087556033245,19.02023683616893,144,936
-0.46997145653277667,0.3854223986720588,0.6183234775343934,0.46775040866191714,95.20138959090185,19.728832152429316,94.53223444150001,18.787821263921124,144,936
-0.46985125049574916,0.4105815738306263,0.620645467281665,0.4641032407916232,94.55995154601563,19.717747147362523,95.23051160728683,19.561853523045137,144,936
-0.4668619187880321,0.3972055785628878,0.6165410200542517,0.45122737531207363,95.44425499637605,19.631063271072147,95.07449289253067,19.049519092775196,144,936
-0.4765808918808514,0.4158123453018228,0.6181588933913676,0.44356923697969763,94.14367558193328,19.758740139699594,96.52757701280942,20.404149400511056,144,936
-0.46853741037208646,0.4016995873402452,0.610324715894333,0.4523630452867299,94.47009059808964,20.72742745355526,95.40438390749861,19.62199735804231,144,936
-0.47984215943033276,0.4203192591056905,0.6065757811665351,0.4154536263386794,94.15229746250685,20.212629794503858,95.65688143931612,18.35339326493375,144,936
-0.45248154510052696,0.40591814598435927,0.6206924494048357,0.4756425543171842,95.85064385506452,20.76622856930314,95.6829531943231,20.178377200896016,144,936
-0.46426438814835613,0.425452013545722,0.6090159625479911,0.43399809956388696,95.78488089968594,20.667354992740517,95.35422108454219,20.98391531960289,144,936
-0.47085640943159757,0.4253440994643512,0.6166212638464202,0.4531400188189619,94.92864627159308,20.94395720047168,94.03782970623332,20.27762716435209,144,936
-0.4862507716462438,0.4283075149247502,0.6004576354842135,0.40915347881413,94.06510750567045,20.725553253987044,95.53641535776184,17.24707026709411,206,936
-0.4665061319722721,0.40483910923494676,0.611872164990033,0.4444210694949813,95.36764997657892,21.103977560704084,94.86758864733271,18.151634725629897,206,936
-0.46515033044450677,0.3905238510794933,0.618267911020601,0.48221504079011057,94.59556790150053,20.4622809502058,95.4751114212431,20.34882116766145,206,936
-0.4739521796643117,0.4355051957991097,0.6083771705957646,0.44280276433664395,94.85743007665886,20.583303559379473,95.79387822307567,20.49863625413407,206,936
-0.4684798377133168,0.3947419044574563,0.6315322150095299,0.46791041552382784,94.36859796830717,19.826317199444336,94.22220271594445,18.96299625158934,206,936
-0.4782870449049178,0.4182911273060066,0.6118417598329596,0.4526241594144698,93.3057315326063,20.292473375041638,97.13141233850853,21.002033366522394,206,936
-0.466563999065266,0.4202628212324265,0.6123281628256401,0.45496857059187923,93.98087942497207,20.225606792846534,96.44441841839294,19.56707012212285,206,936
-0.4844491489318811,0.4358591378333683,0.6097322885265134,0.41824371351964307,92.91853482247649,20.350810387995043,96.6378630615522,18.25250628535299,206,936
-0.4700542958362041,0.41582487513991256,0.6107035036462859,0.4354961226624048,94.3204393287785,21.11921667638898,96.19859243164659,17.507990371628285,206,936
-0.45832923949648513,0.4164087300948446,0.608348105643776,0.4498298315028075,94.87865229971216,20.83514831836448,96.00651289481168,17.854241931820166,206,936
-0.4829522427370704,0.4171292266431869,0.606678769823531,0.4457954963250674,93.33757451236028,20.282638152508817,96.08204906858731,20.17084876371722,206,936
-0.4703523237810244,0.4194131283523843,0.6041764382576089,0.4443340494075411,93.32892382333763,20.15945051528778,96.25818773044624,19.727376065473894,206,936
-0.48394262952967715,0.4273389092467553,0.605599084389439,0.41977845290084853,92.51114794187669,20.137444511807487,96.05114843836532,18.354765521212784,206,936
-0.4738474851924193,0.398030134478758,0.6015937791007482,0.41097079293977545,94.85592757459564,21.325262726583645,95.62364246174742,19.27881735000215,206,936
-0.4583888625775499,0.4088490542387465,0.6015283485297499,0.41831996599543686,94.75845864179892,21.528206579699866,96.26928939688212,17.048109573700756,206,936
-0.47385346401799705,0.402669063554636,0.6019711273604452,0.43750471218220666,94.4312408476109,21.06791588550178,94.62854774153432,18.712114697968453,206,936
-0.4875092758739183,0.42050572660349755,0.5964252266761162,0.4085165162881107,92.0221278861945,20.68695535422821,96.27002178942273,17.636390328155393,268,936
-0.4959991288633486,0.4143618608331513,0.5961215629321834,0.37681875036914175,92.40289735352309,20.676297530856605,97.10021120251095,16.630576732861567,268,936
-0.4834622446349984,0.4005171515228421,0.6010056392177342,0.3973241274621448,94.5975986297208,20.910128375879545,96.5083963764413,18.381082212224946,268,936
-0.4787129777909001,0.40934401023878847,0.604191346920759,0.44221943660763086,93.80362789684024,20.83775673297559,94.6876729496643,19.478750483919132,268,936
-0.4903215008724783,0.4136717301705139,0.5989915662267309,0.41491351253510167,92.80639431386457,20.867028126119152,96.20241531579866,18.675479324911226,268,936
-0.4854646781896192,0.4063489363481681,0.6034524636832292,0.40701904439993014,93.26446543459076,20.799501183893792,96.0827573626171,18.71364133756621,268,936
-0.4848819947384728,0.4075492884332428,0.6023457570104536,0.40642396182509133,94.30480060156664,21.070728438989047,95.90590764221949,18.714432371446883,268,936
-0.4829716584334024,0.40707248412207414,0.600445854228198,0.43059448258672145,94.18898070103795,20.99594074314342,95.26669450283894,19.22275255257827,268,936
-0.48244774221336284,0.40546021000817806,0.6013144837044081,0.429405907995577,94.09331477234086,20.954480812671118,95.62542601681703,19.22184203029179,268,936
-0.4740456285784429,0.406748872203013,0.6011037744169252,0.4304270303225704,94.9103098140271,21.207466147863972,95.33833858229623,19.540410412636387,268,936
-0.4801584432233691,0.40736404037713314,0.6047074019036224,0.4548631634535948,94.06751721131047,20.729024483604217,94.91401971504372,20.132596562544855,268,936
-0.466191707917999,0.414341860875551,0.6038085989689439,0.4588887838973505,95.43958079611005,21.219819968387256,94.58223323149566,20.078447169707232,268,936
-0.4716698958305852,0.412885070340175,0.6041372569087333,0.45144797775650447,94.2045710959585,20.976477448372208,94.56790737773694,20.202908255107793,268,936
-0.4790361209226196,0.41163784512418744,0.6039514820736126,0.4483456294545369,93.85179689525052,21.022832175088677,94.59188021834649,20.34112384341519,268,936
-0.48550684785065756,0.40991472687692526,0.6031968246651722,0.4647006978699272,93.83952199949069,20.931392967025104,94.19189779993859,20.16367079051109,268,936
-0.4882336396343186,0.4116561502552886,0.602070054258987,0.44498298679123316,93.96142743066,21.217836097043893,95.23379745752104,19.817231279693146,268,936
-0.4834284564527981,0.3963015461396131,0.6031474502311819,0.4637835462181119,93.90219425943434,20.91911826321766,94.1593836892323,20.633685570986533,330,936
-0.4886695676564421,0.4037903498307938,0.5980277260858624,0.4250184999325996,93.81987962397588,20.99649917312444,96.01588000283839,20.05624420443252,330,936
-0.4885110990165854,0.4000899088746904,0.603073834451421,0.4531404683031861,93.91532241646456,20.80808470489915,94.70714688464976,20.392533378653834,330,936
-0.48910446261585006,0.4064091453901191,0.6000074061797884,0.42528900512203394,94.46636043744401,21.07915413326224,95.77995328649175,19.708218397071054,330,936
-0.49303373611807216,0.40782197799476844,0.597107805161057,0.426782058673278,94.12075005856066,20.902897646819085,95.86865031368711,18.557644431305004,330,936
-0.4767722909760812,0.4035278891215251,0.5951060411860851,0.4001358732665853,93.24584483230296,20.422144367728276,95.3430666091566,18.691598042508314,330,936
-0.49493390691287625,0.39180320917636224,0.5966952956940423,0.42646085968890934,94.1630003905263,21.27808146324892,96.14148570500238,19.72168726640347,330,936
-0.4802770565528452,0.3835270861652115,0.5945551679178825,0.39574988563824537,94.79248796779211,21.089695609727546,95.13998771990218,18.964954875578137,330,936
-0.48154254843844296,0.39590421970687345,0.592769671109646,0.4481100877410268,95.29531360780969,21.07393023047358,94.602768513044,19.539162494629792,330,936
-0.4787703488601017,0.40325247312624424,0.590238859185843,0.41125520489227013,94.54569335556583,21.38240587135054,95.22362094900251,17.862209825530332,330,936
-0.4774760204281738,0.415968570342447,0.5931698751967466,0.3894316146465687,93.68184588793672,21.086231850584188,94.81656909808721,17.925619673131507,330,936
-0.4715233384060078,0.4430370992150232,0.5892661338863204,0.4167184500480692,92.8061412263851,20.81050387005402,96.15104418690188,17.050293020697417,330,936
-0.4986983124623149,0.4191929127359986,0.5936331687134964,0.4206814385946182,92.54072289895187,21.507892073227644,96.18803913058302,17.478190447205407,330,936
-0.4751896943730928,0.3780471540536867,0.6067356237261223,0.4557675826450091,93.33025435501925,21.447503469802562,95.48493657425217,20.351399002779623,330,936
-0.4811432984636925,0.3901649934469015,0.5956742170661102,0.4556428976407926,95.32562944804842,21.074732509332524,94.58527645455203,19.634888388825786,330,936
-0.48935533038396545,0.403429454404902,0.5973403445006216,0.4310915251024892,94.07520963473804,21.388184207554332,96.69135055929613,19.363055279461573,393,936
-0.48646089089846994,0.39910432645513466,0.5972457265551869,0.4415045512743391,93.50033598873185,20.29236129776125,95.32263752007185,19.379358766369446,393,936
-0.4878383710567701,0.396669116719375,0.5952415742916838,0.43167293887034464,93.68438730783357,20.85169767476576,95.566104031933,19.376642592669572,393,936
-0.4822475876638031,0.40685247103342026,0.5913227325455002,0.4011112416058328,93.81935929978795,20.744329707934707,96.64747487716583,18.574087804958292,393,936
-0.4782479261270026,0.40573900587728656,0.5961170468155382,0.3938075254600195,93.78309382879338,20.432541095390576,96.30865666620363,19.21983304267182,393,936
-0.4830606053931523,0.40279658969940546,0.5955546391306686,0.3942528994982986,93.07889937455568,20.766067075425962,96.44457014603375,18.65342402574438,393,936
-0.48590124777223814,0.40983299130250944,0.5923912298036857,0.399566641383799,92.74612981895892,20.76027583317866,96.47662895592066,17.994211291203978,393,936
-0.48018202161571216,0.4014481201003675,0.5907284986079536,0.4235016380073582,93.49972866922737,20.3932490012841,96.56317230719692,18.501052548051366,393,936
-0.48319502120119273,0.39912112879121897,0.5863350331861665,0.435456596851044,93.3722697027485,20.47408381308334,96.55226691112682,18.54497230589574,393,936
-0.48336853016997666,0.3994393312833239,0.5881888094573962,0.44034511367937706,94.23996878086477,21.006679310219287,96.1275304565411,18.392306523635717,393,936
-0.479959887562684,0.40022050047562363,0.5886260762327713,0.42900289804382846,93.58377500664909,20.222417936990535,96.3656384367987,18.421061993141063,393,936
-0.4855461965483834,0.41770945592979997,0.5933227729079481,0.3877599689661479,93.58361232302885,20.28405310365817,96.14307633662895,16.794160310338867,393,936
-0.48045113563170794,0.4018865677125931,0.5858443557309738,0.44594637773493484,95.1511636225667,21.09788408901951,94.8269883503103,19.283480179427077,393,936
-0.4742218279987039,0.39432253679455703,0.5868285510170475,0.4483926982855772,95.53301421909843,21.378684494290006,95.02268393236605,18.643498616659812,393,936
-0.47589586753971447,0.3812148849719595,0.5814795126480801,0.4495980107413073,96.32274394745049,21.53017702651187,94.29338880297502,19.790351561539335,393,936
-0.4756900049293446,0.38058036608682544,0.5862982627413477,0.4466800157539523,96.11867796920383,21.358194604368897,94.36865486700306,18.76484601559662,393,936
-0.4778035936594062,0.3635731366682159,0.5770119403828095,0.449532113230048,97.06471292345152,21.569563812044354,94.0365561989571,19.752297444247347,455,936
-0.47931742865562044,0.38841980841532325,0.587089326922611,0.4330628539299519,95.37848839773304,20.926626877236878,95.21400165545222,17.45221746890968,455,936
-0.4865885998495766,0.3516143929594529,0.576069830811286,0.4388897034775419,96.1242740501734,21.363789922122194,93.76620942524076,18.83303249274937,455,936
-0.4807946602865208,0.3629288207076034,0.5910516283905014,0.4196213283246617,95.42914737461054,20.68375430160697,94.59855195067199,16.54606178618876,455,936
-0.4862960013298517,0.34026918225970126,0.5655869680993109,0.43462554781194973,96.96117683802133,20.874032234350867,94.07944117738757,19.81123829075483,455,936
-0.4899612333795366,0.3476700090160409,0.5841087840991246,0.4135415581633329,96.05587676528432,21.03366545449057,95.38558985894463,16.480949363658677,455,936
-0.48368637806007014,0.3456843885157399,0.5704293940170109,0.4179666626522259,96.81425408069536,21.208859360004528,94.23796192736508,19.411552613207377,455,936
-0.47735166310192756,0.348415791516061,0.5882091241662536,0.4068878334351506,97.14402208806956,20.61653799330779,94.40976354266125,16.51393644208084,455,936
-0.4867587524682887,0.3593258615358593,0.5633021520149702,0.4324257060110982,97.17216979548522,20.962989148209818,94.03114957772529,20.115074030868726,455,936
-0.49619258648587494,0.350087491733686,0.5822355724405223,0.40689039990778275,95.81640974950338,21.254887008256613,95.17317496686134,16.010416770292867,455,936
-0.4841128333360203,0.3619935118254234,0.5740361267044275,0.404963696091882,96.03787521353847,21.16060774075201,94.45426675367831,20.258971100073403,455,936
-0.49016954888430886,0.3618484151816358,0.5815434799312299,0.4248336373221447,95.15622715178533,21.165712767540565,94.58311900168957,16.589891782896526,455,936
-0.5058303418945925,0.35981805633742936,0.5538306939695583,0.434263201362619,95.94213924990282,21.39409807957759,94.19321091744385,20.898914949905645,455,936
-0.4956827459238904,0.3559096917983451,0.5831476541534677,0.4250590808734146,96.59004235924834,21.766494307513543,94.4661916150174,17.2415438771109,455,936
-0.5077067373276902,0.36744203425481103,0.5605069724859206,0.43015868841745086,94.9948447777821,21.764315047181263,94.2542459624209,20.912015839736785,455,936
-0.5091154150299712,0.3635278765433345,0.5824767543378945,0.46956698143688835,95.38825879438161,21.647684770442563,95.78998691072437,19.82584300136792,455,936
-0.5087294032220937,0.37368902731162557,0.5685709276646035,0.4296796357936466,94.29919757296194,21.44871284378117,94.50835498163673,20.754202866837073,517,936
-0.5104520193877565,0.37681932020386405,0.571458959957401,0.4356575778689859,95.62308533488016,22.173214615405737,94.43485642512037,20.728888476833564,517,936
-0.5061378860338162,0.3805549911434161,0.5696865764524125,0.43381047197005684,97.55329719261589,22.031166563425035,94.62218942489893,21.09864456751849,517,936
-0.5081051882333643,0.3913300542731699,0.567901837788008,0.44359969191107235,96.49471380552264,22.015262574616706,93.91419759776392,19.99512023925067,517,936
-0.5067628999348646,0.385864876912804,0.5702017536838969,0.4426762236201079,96.78383955159723,21.946873894402046,93.90488681278302,20.353552160088597,517,936
-0.508435456278056,0.38949577403122654,0.5681126119612978,0.4414900158556788,95.81969078431554,22.174968065290383,93.8799590257002,20.048383168887334,517,936
-0.5062763714622516,0.39307006158216184,0.5686739174884343,0.4332091545034875,96.65475964197219,21.829862986360574,94.25156013376356,20.54885318206528,517,936
-0.5041219594706572,0.3885035082625421,0.5668961052588679,0.4407220240845543,96.778497999515,21.77511530970893,93.8635959725347,20.523843888299528,517,936
-0.5053232944115563,0.3925525880698144,0.5678467364581752,0.4364993902174444,96.80478558236142,21.89504453472528,94.150843482889,20.87133904684132,517,936
-0.5033776911751228,0.3832176603047551,0.5681708582415773,0.43928075531316574,96.63138249293831,21.658371601213087,94.20207345806462,21.1858489320583,517,936
-0.5124995996550706,0.38976639620585485,0.5672730410626283,0.4482093072590378,96.23573191386622,22.27600791591681,94.34571916156123,20.88431572024283,517,936
-0.511660353819282,0.3954036000884207,0.5640730128866615,0.4401474304612654,96.4025282531653,22.68713017901152,94.44028721312915,21.233786074947396,517,936
-0.5019900790417537,0.4012661169486755,0.5684076486380669,0.4187060397410442,97.13558654809032,22.618285454173503,94.42939909201053,21.652820874888036,517,936
-0.5090388139201373,0.4050782243854243,0.5631199867767153,0.43704304464465493,95.26884648624244,22.544321177433048,94.49992758778282,21.078687185991342,517,936
-0.5046101677303008,0.38061644251853866,0.5707680630716307,0.43128388313648663,98.21819745617705,22.52687635871861,93.3391290496897,20.70521338325916,517,936
-0.5044373548142765,0.3886425702874649,0.5596079159459943,0.414121062352753,98.32013298677741,22.573968862481358,94.76436967266712,20.797442488380813,579,936
-0.5043347867128563,0.38125909324412616,0.5703435366139518,0.43575016118103993,98.61798555888267,21.820623532356745,94.27823300004692,21.45707326535104,579,936
-0.5091610152461333,0.4063837931873174,0.5541938044837256,0.42762309145590494,96.5230888524279,22.317925007529393,94.30288990731165,20.57702718755004,579,936
-0.5065533455795838,0.3951417554630292,0.5805796144679497,0.426923371421804,96.53131034655499,21.959614796291874,94.78646582027517,21.409452980092357,579,936
-0.5107142138833145,0.39492996772984046,0.5573877039602408,0.4248737237206307,96.30146980929706,21.898856643707052,94.461831009283,20.085350500671527,579,936
-0.507611922113821,0.39886050568790515,0.5780567917711383,0.4275968674925842,95.87369340853922,21.66643275956932,94.7548976812107,21.737794772452162,579,936
-0.5155370004376829,0.3921507494400491,0.5596527772078297,0.4198346200850258,94.86260315602156,21.90139341738077,94.73162172097796,20.044453886791782,579,936
-0.5109605194966151,0.3861212492250716,0.5770850660867464,0.4364307020495523,96.0438425108957,22.14136511148883,94.82580694549684,20.66945303997055,579,936
-0.5106156570419108,0.4049013305262999,0.5559337504222942,0.40323149190164614,97.51373874240126,22.428413670032906,94.99872218682013,20.687635361436346,579,936
-0.5108756810887741,0.3804146731231621,0.5735053745270192,0.4260439377687275,93.72516678559157,21.23516886552245,94.70411047151575,21.508040181105702,579,936
-0.5174151621775105,0.38577966855397977,0.5600912673968124,0.43260541997435836,95.37632260010018,22.121589653815608,94.83644634661876,21.05251011827709,579,936
-0.5054291167857599,0.38365749157858364,0.5765902582840764,0.4316676045891645,98.05248779704748,22.145462425289445,94.19166692170529,20.76569577947811,579,936
-0.5042553175146904,0.4061022926093257,0.5557457771494263,0.4137955500651289,96.94944244128726,22.162992408181665,95.02364687211396,20.6317891698609,579,936
-0.5021345500213158,0.38747320223728426,0.5724093620669735,0.41589795077165176,94.35222107060665,20.822912925599525,94.30924998272948,21.289789087689325,579,936
-0.5093158769324744,0.38988792930842625,0.5583740104411088,0.4242422758995892,96.86235296227245,22.233731413834143,94.01418772886092,20.665442165507784,579,936
-0.5064201174419776,0.3751013692144961,0.5770823727502156,0.42437677398027146,96.84776813233847,21.502328099673374,93.8107065529544,20.7198713701302,579,936
-0.49800217742096786,0.37091647352264384,0.5663467763266566,0.40540966600660977,97.95778026282375,22.033024958491698,94.28522339362598,21.169865329991875,641,936
-0.5056942690604689,0.3748573465363069,0.5716738560439824,0.42121427308069187,98.1050625704887,21.698871058638666,93.67388482706306,20.952003800798206,641,936
-0.5140388176746196,0.3953995288633668,0.5632925867685086,0.4273469735394045,97.05938599813352,22.690782681482734,94.5808834728169,21.712847571979534,641,936
-0.504948647463182,0.36892931766899906,0.5810916090513538,0.43693796743783214,98.99998817083157,22.613739994065092,93.63867970979945,19.44429491598564,641,936
-0.5051867877570696,0.36141302147062393,0.5690053857750177,0.413008685856499,97.88216446566243,21.90865757628922,94.14657485029704,21.309202393858463,641,936
-0.5135039079247685,0.38089945420624793,0.5705774479007953,0.43508549773797206,97.64076071700197,21.76382299562795,94.63591014248343,21.44738936753836,641,936
-0.5127745907618895,0.3788018007869408,0.5712507414906733,0.42873121393101493,97.87917294374645,22.337228522912316,94.95448635777691,21.18494309442915,641,936
-0.507886854261573,0.36089429921624766,0.573987253998727,0.4141194847325511,98.96657895579955,22.267814646873056,94.67026129390358,21.503866135610245,641,936
-0.5168776990550052,0.3717689473067654,0.5579237440888694,0.4274402930051353,98.80315071825535,22.598062728618558,94.23815698893414,21.647264307130488,641,936
-0.5159516822154959,0.3919330631458673,0.563503281212922,0.42945949709527587,97.25372430376575,22.548692947020548,95.0646132552699,21.734949521454936,641,936
-0.5156236082190432,0.3604425758725464,0.5598140434281229,0.4208102702276257,98.35497961441996,22.667019408818728,95.47297654381137,22.03880644020597,641,936
-0.5136542691103095,0.39152646422483156,0.5578193561046108,0.43208882110821234,98.50581950879155,22.953060384702248,95.08093646256442,22.064381217072164,641,936
-0.514003595205243,0.38552216226852326,0.556522866667042,0.434984261441865,98.89919408151691,23.242916700844564,94.93414599062314,22.107381578996918,641,936
-0.5152825255392898,0.39816180630722636,0.5579953399698733,0.43692882372409414,98.11836998571391,22.968917517943833,95.06345994615499,22.125972695374166,641,936
-0.5150673203692222,0.35969083720922235,0.5591686244804627,0.40463844105127494,97.23240438234583,23.64914044934237,95.1523611579966,21.78293013591043,641,936
-0.5166880872892339,0.3915782416834913,0.5521598285321628,0.4246447769773608,98.1496911417929,23.162750871278593,95.32759815466879,21.95318914832612,703,936
-0.5161787595247028,0.3958703457161089,0.577514877090063,0.4177157165665055,97.00397611368567,22.21677742474782,94.63712962019231,20.291146238008277,703,936
-0.520762987599358,0.38350104293215365,0.5563797480111982,0.44479713329735265,94.61407288240301,22.671157923866783,95.99153375412435,21.408652344749772,703,936
-0.5164243916291433,0.39543490871894355,0.5706871316315868,0.42440292539215385,95.76816430996001,22.697868783999326,94.79398896046088,19.99538909753882,703,936
-0.5155058717133342,0.3998500916345458,0.5504726890904031,0.44303774608430313,96.17212163116805,22.77630618745387,94.7935893598663,21.842824081110713,703,936
-0.5120517558768466,0.38722813194889477,0.5584229377345488,0.4253607839877228,97.72758246771993,23.080172543296882,95.37143852473623,21.487193818796598,703,936
-0.5080977424746633,0.39481636883621035,0.5503279705280255,0.44109537943573,95.66873053356542,23.90213830237686,95.2398245231342,20.893794030781088,703,936
-0.5150658471063184,0.3566925550044154,0.5659032923809989,0.41725060346127485,99.01539962339336,22.43663913727702,94.53343197637854,22.51548093464666,703,936
-0.5192672696598649,0.40192961028092367,0.5480093360316068,0.4438457950566502,96.92498305630576,23.42771339273362,95.4366699953632,21.968977487957442,703,936
-0.5161043788456176,0.3800754159432888,0.5824682069581326,0.44061871218996185,95.97810715209812,22.49712302101599,94.59131827058724,20.554369164923568,703,936
-0.5310192267159286,0.38775602515153546,0.5585400010929168,0.45699515226349946,95.15493219188649,22.2266486217176,95.58789628642434,21.135843427531146,703,936
-0.517409009771634,0.393446865754346,0.5720107132431718,0.4373215266574515,97.38511445841885,22.71177297474876,95.31789598289744,21.29165558165873,703,936
-0.5161153757574872,0.3827301319346078,0.54827545868826,0.44284222319708305,97.82145288775429,22.632053202224196,95.30873383120424,21.403440785421445,703,936
-0.5179641700909906,0.37927187581741595,0.5693840330402288,0.42266479601553175,96.9200453209436,22.844016574930745,96.23175328422428,21.699031587087614,703,936
-0.5167118796034498,0.38447607744450474,0.559818133168549,0.4077439584477484,96.89381447158107,23.50790990358051,95.49926319050645,21.63454813682971,703,936
-0.5134068891842871,0.3750346119841211,0.5650476075021292,0.41318339151042405,96.41963771610907,23.53019971593227,95.7165976657525,21.34428300403818,703,936
-0.5098429434371415,0.36456894343013224,0.5633649665753472,0.41509823147453817,96.84953453494315,23.75718506720676,95.46964964540787,21.667947270075047,766,936
-0.5166939465160127,0.36806786222335874,0.5623482887716155,0.419965737372285,97.09928415747416,23.228427885144605,95.69780761599628,21.543574322585602,766,936
-0.5179724219856884,0.3572877659976654,0.5632783237074351,0.40393285126767475,97.57635064689251,23.490199084192636,95.80473282531484,20.809964947322015,766,936
-0.5104132409983029,0.37405588051880445,0.5540461573069958,0.4404072860133722,97.10869393779913,24.097037276615662,95.54318273634695,20.98622085300589,766,936
-0.5123417676173139,0.37852189917268464,0.5652311266261612,0.43488393825530924,96.62299097389497,23.532630893819245,96.1744793685533,20.081747953678022,766,936
-0.5032196132276688,0.33712464244416834,0.5670209307565228,0.437205636043097,96.66332953277403,23.447174057892717,95.81782332489513,19.7193562868053,766,936
-0.5064625524876284,0.3235552228465647,0.5724419302131714,0.4574579428927497,96.7231705044096,23.155408968043155,95.73788961233181,19.32690796160592,766,936
-0.524608151740401,0.3601173838516991,0.5694832733618487,0.3942484662196981,98.17061034346023,23.061444922379494,96.17057235996046,18.640571355620835,766,936
-0.52589256145858,0.3850953103852831,0.5782842370008002,0.3978524979606523,96.93341613088205,22.79360759461595,97.16126606647155,18.868124732072072,766,936
-0.5137066955816667,0.3481814968426723,0.5602012300647423,0.4350973173276546,99.14626895353011,23.07605009598128,95.90013468352637,19.533358444508142,766,936
-0.5209758587736523,0.36744175453129174,0.576208932146976,0.4457610378763557,96.13043229944226,22.396601120170146,97.14775077301309,19.46060377914781,766,936
-0.5151185158664251,0.35344944731206873,0.5534244360245938,0.4579401996858043,99.5021460457885,22.674380957155623,96.19974266498093,19.604283732675906,766,936
-0.52513772688907,0.351993172554412,0.5758238964279292,0.4171925864512051,96.78040141892295,22.492587638402135,97.50009273505057,19.45790773462312,766,936
-0.5181023472824307,0.36854329381579326,0.550630749054038,0.43002005065475424,98.45275981586158,22.391143323897314,95.14360104220941,20.11218658405301,766,936
-0.519138935000961,0.3459647715359042,0.5620906821539426,0.4427408140705262,97.11416613627875,22.77529670497038,97.14201768405323,20.654316358547632,766,936
-0.518948129659914,0.3606018951054328,0.5498667358387574,0.4516722126347154,98.67127319278956,22.810349573214786,96.17156771602704,20.549752342267944,766,936
-0.5184526545370357,0.3483552130229783,0.5601235798092558,0.4553519261841608,96.96944645782982,22.453437773085135,96.41542812199738,20.89092401987716,828,936
-0.5170741484207528,0.3414337229037267,0.5506945063311547,0.4481959476601536,97.88596070555073,22.595072644637884,96.0642068090872,20.84644620716177,828,936
-0.5219313634400021,0.3410216792756213,0.5618743488871535,0.45429751076547836,96.36129033000115,22.373580920094962,96.64395237129064,21.36124617007584,828,936
-0.5231453053744379,0.3244385100677094,0.5615924754716782,0.4483084334655631,98.05201650659089,22.918954629986217,97.7777882360014,21.38197896182041,828,936
-0.5285249976457778,0.34843262554440385,0.5649807088092422,0.42245851969065307,98.86112530538418,22.507569294128032,97.10126926055504,20.689157068829953,828,936
-0.5242979931916949,0.32024513849674296,0.5581441720611677,0.45732654022083646,98.67571136896214,22.390893109974588,96.80492558396287,21.79490633090609,828,936
-0.5248422592578466,0.33255747305216476,0.555847223329831,0.4453288301547236,98.17479164563397,22.39116324406502,97.31510505454058,21.415615773340487,828,936
-0.5257551800878378,0.34808511758826527,0.561417694015938,0.4575254766075955,98.61227220754672,22.901758287992944,97.14757427099636,22.1473055007874,828,936
-0.526876516782402,0.33949283532818103,0.5553162249499485,0.4459937144455488,97.74632670124186,22.835363675437165,97.57137592104758,21.50767427823674,828,936
-0.5262383404063723,0.34803120468757587,0.5608740100922178,0.4351200252831717,98.08798895686829,22.563678657755222,97.3451928408985,21.44982988668366,828,936
-0.5247387100529516,0.3298272912938054,0.5563034099235852,0.45097527476059807,98.05120613751252,22.288239681889934,96.93372282992507,21.89573358843731,828,936
-0.5260185730907092,0.33775471596278656,0.55418289727937,0.46117485645131046,97.00744460506448,22.381103663656702,97.14066370920433,22.137456945862755,828,936
-0.5266191194562163,0.3373284157334136,0.5493645432307879,0.4706498536436491,98.39029933545768,22.505185483878872,96.83984718980905,21.997346366087637,828,936
-0.5261813056647296,0.34124457795303276,0.5544170750772044,0.45284125758701177,96.76799695877368,22.50610730757347,97.24144113192199,22.030823240834994,828,936
-0.5275825698655869,0.33264851362786757,0.5521437262642249,0.4568004905266411,97.54035349511173,22.2309959105879,97.20738396818301,22.392287526629577,828,936
-0.5301646592448406,0.3403143942566248,0.551237008477447,0.4457115981457317,97.67531557174888,22.34801156195748,97.59190956068221,22.17467776821283,890,936
-0.5268904228944824,0.32990173022684166,0.5503147371109496,0.45183222627216824,96.53545994353941,22.439703107992965,97.37033025693933,22.53194065845615,890,936
-0.5280720426481184,0.34537226076855243,0.5523762555099404,0.453580605179787,98.03853965859335,22.87419968780417,97.62495114181144,22.4934840511456,890,936
-0.5268054171431655,0.3096382504707604,0.562656205415573,0.4596967775907877,98.21756028393447,22.983691667751803,97.02973630126971,22.23300212721859,890,936
-0.5241851481549904,0.3179991559233971,0.5633253459177707,0.4560667882790035,97.82388607735024,22.786488826411684,97.09406723413159,21.384379103773217,890,936
-0.5308326938642928,0.36453151159525404,0.5692986157511427,0.43671813348160055,99.88483622259241,23.21872606481435,98.15769955234883,20.613102677244836,890,936
-0.5318698742321906,0.35549813313776574,0.5509897507455479,0.4081758102850434,97.91309658657786,24.081429055042552,98.6258130214923,21.732936941861727,890,936
-0.5325726809283174,0.4005043492992541,0.5586967711853317,0.4157062198177801,97.5685731322309,24.241119905431425,97.69402615178504,20.253891505784196,890,936
-0.5290725706629289,0.3830886142089637,0.5567088862189344,0.4140785617647263,95.79954174726609,23.62514546003952,96.19831826629571,20.688111667195276,890,936
-0.5324386928164706,0.3493653807878354,0.5584910490075718,0.370743789550475,95.0367698520429,21.599342363189205,95.54648126956677,20.450560341918457,890,936
-0.5303005877020904,0.35717559282995154,0.5526624765485121,0.38092446010100867,95.46548074288194,21.859664931507634,95.4666059138891,20.74303725130405,890,936
-0.537620266462783,0.365370505614736,0.5521112650233614,0.38529287146284097,96.15122686068767,21.275642715588905,95.99782409854727,20.872747795720187,890,936
-0.5314525518534888,0.37358157235549655,0.5533201755992596,0.3912002107849451,98.28154778437593,22.011281385346642,95.92914039526444,21.048089107039576,890,936
-0.5295635234542038,0.388918216760387,0.550041344009093,0.39028233181363836,95.9554650378986,22.525362450375813,96.59564686357685,21.973749921838323,890,936
-0.5299110203035965,0.3742333166375673,0.5478947637787163,0.4065439961769589,96.4054518267306,22.28618351572684,95.76617822697014,20.766245298499975,890,936
-0.5363430952644338,0.3784782441975601,0.5483967224452172,0.40671750724425754,95.60137775186652,22.805175493073907,97.37239911046865,21.00286991698987,890,936
-0.5384656143033968,0.3818847116264852,0.5376675340401261,0.4019200570791811,97.20437449665424,24.31607255509415,96.74853653005451,20.96351057028816,952,936
-0.5356245952394948,0.37214235230274545,0.533433973681026,0.4180984006932441,96.56021845012236,23.963375895974135,95.81982175993281,21.421161568524667,952,936
-0.5400734773257797,0.3760571572291808,0.544464369795196,0.40573812495396494,97.97956504032062,24.45477585800363,97.14368181416641,20.881742187426262,952,936
-0.5423687565166043,0.3862662524481991,0.540390934451353,0.4026615113185444,97.18142388640989,24.080744666693548,95.83232311754978,20.797813005676268,952,936
-0.5364500884284611,0.37892918265982334,0.5313034583477947,0.4285414388584877,98.95783157668234,24.36982519447421,97.56148605740167,21.00205042707347,952,936
-0.5442275095349467,0.3933312516746325,0.5390718024426803,0.3886597572794665,97.48645307483426,24.64735823088673,96.59543736089913,21.219125700910563,952,936
-0.5388107450104433,0.39002814132370045,0.5415085565224887,0.38276793852209456,96.74163954261523,24.679328856222778,96.10053292315176,21.43424281153537,952,936
-0.5442801818313532,0.37950065004953926,0.5434394650322072,0.37218127453825706,95.72607007409215,24.682217563911205,96.38535940924456,21.07518085069383,952,936
-0.5390632412394428,0.3819250482880991,0.5428432229672838,0.3588513129216058,96.95256709270214,24.681277961565016,95.6412094255359,21.04255346398655,952,936
-0.5340298947281119,0.40173538654772223,0.5440799047730802,0.37338811845451364,97.3976986856891,25.16687921365289,94.73033319986352,21.08188549709719,952,936
-0.5337710021308038,0.4084420850043043,0.5519313298955564,0.3852175699121078,95.21023975640544,25.21983338561544,95.58539927071946,21.073347206414354,952,936
-0.5357015479649465,0.4218480832089641,0.5473210021688483,0.3931680100888131,96.78999059737676,25.428563330592187,95.23971036928138,20.549302918012728,952,936
-0.5384094147481704,0.41042152172078267,0.5527244434525549,0.39082274903474423,96.36281804671746,24.53763177134712,95.91782879888122,20.4331252234595,952,936
-0.5334202368045662,0.4158223378393467,0.5536955265799011,0.4002594486183539,97.27495163140166,25.261103989071774,96.03731246721222,20.319037850750057,952,936
-0.5364828750427176,0.40012416758534364,0.5513887937630766,0.4008720412437965,98.6186893708006,25.069531126873855,96.46648082202158,20.52356177314308,952,936
-0.5393456735362696,0.4327200083189215,0.5462009956349004,0.392040858035318,97.81864740678537,25.09717488398371,95.57810639264034,20.536300280418974,952,936
-0.5353464889337117,0.38221778212330143,0.5376780869354157,0.3918996700154876,98.46632986868404,23.707771967672727,94.88021901581655,21.10119357843981,1014,936
-0.5307926582183878,0.40297811261664435,0.5368200374471195,0.3904654694592715,98.28784661758475,24.219945670757664,96.37940479450633,21.772368358204638,1014,936
-0.5206290986222076,0.4060649773548012,0.5450579981212389,0.36373760591779714,98.28938456495787,24.223050681377376,95.78231488948721,20.794033410009767,1014,936
-0.5287633505317659,0.3678743449118838,0.5468578242995458,0.40024343947488183,95.36426623754484,22.48348075127996,95.68534335875444,21.59060520810607,1014,936
-0.5238095541755715,0.4041120334704663,0.547288684730903,0.3615913456111401,98.82867933766543,24.0132396293551,95.76600626614173,20.41951692925821,1014,936
-0.5315896421945541,0.3747514565707685,0.5486276044343203,0.41038002654632155,95.69522460963046,23.270905268228532,95.0669151566248,21.947027766955287,1014,936
-0.5276992099105957,0.40612470601039546,0.5504593694210831,0.3758296679625982,97.77892646910387,24.599267480502323,95.03954279920134,19.771815276015246,1014,936
-0.5331444093569886,0.3775920686210434,0.553728755040292,0.3941509112492582,96.22378714557159,24.244894254984473,95.44976422603098,21.067884797574415,1014,936
-0.5270253153418919,0.40427724822378813,0.5518270349194401,0.37925016702754916,97.1576266225017,24.241634107190688,95.2106767424385,19.53289476817797,1014,936
-0.5330664962110067,0.39438014468276417,0.5459809230107172,0.3899130598272516,98.37986216656309,24.051811956571196,94.30030562936757,20.52570292259155,1014,936
-0.5300828764752618,0.41286582931454374,0.5576662422366677,0.38290735812954524,96.96628176265963,24.64588244687469,95.76352163215392,19.99593576882306,1014,936
-0.5321369267539194,0.3964201097319482,0.551236800104924,0.40531779434494025,98.13020220598362,24.38921792415586,94.27624637372048,20.774117009078726,1014,936
-0.5385190957723782,0.4019485019242628,0.5496300115521489,0.38905479715782904,98.16653106491565,24.928681625037846,95.17004232480731,19.706950784940574,1014,936
-0.5316831620781063,0.4068923791056837,0.5489405089953684,0.39850337387660617,98.29542072917195,24.60901999788057,94.43587247403835,20.36173152793818,1014,936
-0.5337867142701384,0.40262214115229145,0.5463730980857312,0.40228290178582615,98.41863754338388,24.34400513228027,94.30550941782101,20.325167642903633,1014,936
-0.5324294341889734,0.39296380865849123,0.538653905631887,0.38219311670111816,98.75808405582445,24.215001657375876,94.1952509784965,20.51888954049187,1076,936
-0.5325898003146295,0.3893399956855985,0.5315463656574678,0.38245129719259624,98.01087546080475,24.152695160262525,94.37204296003706,20.38755270682875,1076,936
-0.5355219631555609,0.37781162134267193,0.5415875354291889,0.3873129790921422,97.17954098053639,23.872147033892716,94.85291190176012,19.92804127649703,1076,936
-0.534195360112805,0.40423311164054143,0.5438879100160179,0.37734534526487507,96.81138777003085,24.77791852940373,95.47202252548225,20.249730149125558,1076,936
-0.5340120306104431,0.37729140770525743,0.5468683564084904,0.3912425404785055,96.36543993480501,23.80559144428173,95.18335497491583,20.248805240784076,1076,936
-0.5344201300943897,0.40697310600462455,0.5455474982474067,0.378288193552633,96.75867833102161,24.65174927850528,95.71609149179949,20.170841308186354,1076,936
-0.5408089999254819,0.3579023354418471,0.546501354261221,0.3900927272146191,94.66939881507723,23.589795662927383,96.4096905111024,20.916257223155547,1076,936
-0.5344359026865472,0.400543632105692,0.549808337867767,0.38898554924856377,97.59640589772275,24.90313465025835,96.37973032384366,20.824534232700543,1076,936
-0.539430572293121,0.37994163410689197,0.5519072114580262,0.37100503056504597,96.98954567358247,24.26557811802264,97.58080988118358,19.528877347096437,1076,936
-0.5311457902365113,0.41428642294327345,0.5439739004525257,0.38290477878474033,96.38860825880023,25.03870758827169,96.65377904155442,19.953368606842293,1076,936
-0.5401558912749321,0.3685786124792128,0.5442563018612374,0.38136367607101096,96.2256159436209,23.950736494935825,95.93202450420229,20.165156014205976,1076,936
-0.5363611217200384,0.4023644086513923,0.5406575900652033,0.37022106849254993,96.97842562957155,24.59109954186552,97.15498538528912,20.044393969481963,1076,936
-0.5375365786151074,0.38197993490824633,0.5413101592715004,0.3478903254975734,97.36215570127709,24.016103927728672,96.41799363231343,19.57741672438504,1076,936
-0.5352068067902549,0.41200442391601794,0.5410097982201143,0.36491215743944344,95.95445298497579,25.00411725876806,96.98893097264943,20.876872599355156,1076,936
-0.5377819478630648,0.38587987748352026,0.5396440332955896,0.3637358887905388,96.57228869987186,23.875977364268653,96.52481904685952,20.95341119622718,1076,936
-0.536608739483167,0.3962535905382488,0.535577656576372,0.3496313324774596,95.96277713229999,24.123782510152452,96.87926141193066,20.400330070184808,1076,936
-0.5415751556399733,0.3528854255632985,0.5323707967180265,0.36005754408554436,95.18747271226586,23.755517932665583,97.11007923458152,18.579195455650773,1139,936
-0.537649581328709,0.3944767820218665,0.5320564453277984,0.3531422362985147,95.96559045034044,24.5142631378618,96.71963324971914,19.712630340890318,1139,936
-0.5383430473791289,0.3586156003240868,0.5298753253090228,0.3903415161814461,96.00778480418303,23.991637545817436,97.07629162389307,19.894638103737194,1139,936
-0.5361004439579616,0.398678074148633,0.5352415042824114,0.3656941925443804,96.45102891700284,24.10996503883567,96.24714146893504,19.88642027189999,1139,936
-0.5358847065692202,0.35793819357957984,0.5299733074659052,0.4006848157382646,96.24256151997068,23.689403960595016,97.43148340272931,22.03256803478058,1139,936
-0.5375069782464119,0.40496091947734836,0.5386510989736872,0.37437173425071457,97.13789335827121,24.355536479827656,97.05564349154724,19.505602484034984,1139,936
-0.5425123099085672,0.37611369681181384,0.5345255072078855,0.3971614396078556,96.03790486201089,24.006443981907804,96.77236020423891,21.203016375726566,1139,936
-0.5371250155181921,0.3951049729295685,0.5358113151693112,0.3732872315462829,96.81610829099729,23.87441464477929,96.89681756436423,19.365162429780064,1139,936
-0.5384649374415539,0.3765885472837074,0.5307784956167695,0.3917758306956908,97.10003730895076,23.688999015521976,97.75435603111197,21.64762472457161,1139,936
-0.5396825690801745,0.39587767394027873,0.5293626915118137,0.35179761337500637,97.445443399075,23.915786054690372,95.8511318159758,20.00609080284918,1139,936
-0.5375344254898068,0.36487078338734236,0.5292216567033171,0.39392566745215685,96.55427197968682,23.181081496063115,98.27633342377506,22.25831047954403,1139,936
-0.5416721207562404,0.40597631801210576,0.527079735717787,0.3526111234531034,96.3197605038823,23.88092806750737,96.44520362699532,20.400454232502895,1139,936
-0.5367574491849418,0.38224822757327165,0.5310360026296695,0.41357592912195135,96.47006298932607,23.065602863228122,98.63599562395561,22.555525816484455,1201,936
-0.5458126359715676,0.3981728442371625,0.5470300627370237,0.36839116342353234,95.29847863997779,23.865878379748384,97.34872275763915,19.46544119981272,1201,936
-0.5356328148390576,0.37515920968189026,0.5290148176328617,0.3982261168422325,97.66547237099473,22.64144937717775,99.08575274970201,22.12754097339391,1201,936
-0.5444035520793081,0.4073831458753733,0.543992198110491,0.37360773488873933,93.97463616286052,23.868460421726873,96.57879103444881,19.739500971969733,1201,936
-0.5389988884120366,0.3742461603073504,0.5268227208033275,0.3996766396994257,94.93456374161717,22.698751868594588,99.09009106014132,21.729296937003294,1201,936
-0.5449984737280568,0.39723312562021396,0.5388350822085035,0.38313683579828633,94.41517664217096,23.98796860516026,95.67427916860518,20.229094269375025,1201,936
-0.5430843419016997,0.38953244757330724,0.5250457190343649,0.4002585772845179,95.90903770557196,23.49345011290215,98.70508846044778,21.96805745666512,1201,936
-0.5487969655711433,0.4167127567742774,0.5362309029773066,0.38188693395210754,95.84980347710952,23.95755307589791,95.88046836526762,20.504661876521627,1201,936
-0.5434509875416861,0.397217695521102,0.5259756611218993,0.4073123438820698,97.46633828933315,23.535943315223538,96.80213221676533,21.833691866585518,1201,936
-0.5423135344063488,0.4083956250873533,0.5339512643346551,0.40673538968760936,96.68306939131335,23.46125248437303,94.23869537444551,21.200888827986578,1201,936
-0.5376493520932084,0.36656734942375657,0.5238867135650539,0.4139086991347188,97.33917946239319,22.537128416464167,96.97229677396868,21.27453148960847,1201,936
-0.5390229402304104,0.39778690133219596,0.5271661632455016,0.3938611388391235,96.84803377357412,23.789509503531953,95.42058842220902,20.897552613896966,1263,936
-0.5432636937208098,0.38786054300283845,0.5308129990628341,0.3897076279913793,96.80593936061808,23.59953366493262,95.69251395867356,21.532079945390844,1263,936
-0.5448376268276827,0.3864121077920779,0.5279749619401927,0.3903533837767749,97.00739543542133,24.181938782369226,94.57213034394123,21.23788150977424,1263,936
-0.5430752047562575,0.39117914883227106,0.5274204939520537,0.37612614824296603,96.54399306858949,24.015442906863125,95.51387771268429,21.612666166938354,1263,936
-0.5457709036152201,0.3867203806750704,0.5249854593481611,0.38348581783440183,95.89550957310136,23.82391854037822,95.8402747646747,21.130237876329183,1263,936
-0.5441259000718466,0.3861888881606677,0.5266816643603272,0.38929865758284976,96.39237678028064,23.799532260681,94.60879970691997,21.16032510457202,1263,936
-0.5437576901014285,0.39204489139679277,0.5233399509733874,0.361514594917117,97.70127600402748,23.753057681998882,95.13287610509332,20.33784676927071,1263,936
-0.5456147881101711,0.39907778240481856,0.5259819219773297,0.3773588451264988,94.89739129557897,24.01403651049032,96.32818783106457,22.223224501695636,1263,936
-0.5519376007818657,0.408343354545849,0.519136738378699,0.35514950293061526,95.16900335288835,24.14748621915842,96.60854635510562,19.37954046425197,1325,936
-0.5526715957011304,0.41419936695320353,0.5208549708969241,0.3867244325748577,96.48256566415786,23.481733236308237,94.94847244125573,20.170435586845635,1325,936
-0.5455787708784118,0.38357220488541865,0.5278814760538677,0.3839121809252946,95.2658077313671,23.54601937504982,96.77393363569999,21.617681194375994,1325,936
-0.5510814112078619,0.39486359127857323,0.5217842997075546,0.3743074395282362,95.94193791911046,24.176260910370267,95.35970044888371,20.128765247095792,1325,936
-0.5500033623648858,0.4034393050943315,0.5231701605729714,0.378276009385767,93.92795361375303,24.27379405471772,96.96730415566844,20.111589501819147,1325,936
-0.5561049745598581,0.4299847990432994,0.5250612785500118,0.3777516104636909,95.1150687007818,24.445394347215423,95.01933962817704,20.866993038909435,1325,936
-0.552055676650811,0.40504036040773655,0.5206245243602451,0.3758083646374121,94.8577032460236,24.54004509503923,97.65531341634028,20.037068543407702,1325,936
-0.5575708040636412,0.42387965883966683,0.5217008122953056,0.3630726343718675,95.69021939805681,24.686619081051013,95.70817046221951,19.544383245529225,1325,936
-0.5492708913324237,0.4165265531894898,0.5161291241404694,0.37610126143466677,94.7990006300423,24.40609527849082,97.59833744176997,20.198784703336397,1325,936
-0.5514928526814247,0.40570165001183833,0.5160448619133604,0.37024337406837204,96.27583718997445,24.407222634807535,96.15971420864747,21.06882640584177,1325,936
-0.548863153871588,0.40318008789276005,0.5085649415820948,0.372672028359114,95.22680277990209,24.388710943056278,97.45700717965283,20.608338909606033,1325,936
-0.5509101446266574,0.4154200679377009,0.5140659021892643,0.36983667305562695,96.62528488467841,24.600182452722443,96.64120239806012,20.41978348061609,1387,936
-0.5542610001937823,0.40443152649510644,0.5146672983782428,0.38728129937778616,95.18590586337167,24.56138926705053,97.45617995965145,21.03452061095383,1387,936
-0.5591516937241092,0.410212258759142,0.5122671331857541,0.364575770676649,93.4696922346102,23.880545500653135,95.56016455425818,20.776774187990856,1387,936
-0.5504634289635268,0.4054059106308278,0.5135074156343835,0.3920683567717813,93.62439955539861,23.808459175182715,97.32619363680779,22.294629549033704,1387,936
-0.5518415763475188,0.4331036640591212,0.5210671187387913,0.3771257921334207,95.98190273187936,24.772477184184996,94.8986139884785,19.67706362552152,1387,936
-0.557103426669445,0.42072078582985695,0.5235222458120977,0.3709885699497851,95.80408431513237,24.594877386310237,95.13953487612467,20.93835905753516,1387,936
-0.5532098454585647,0.41976685104417455,0.5219573573991585,0.3623744162005624,96.3210466701004,24.675460130368748,95.20025871743233,20.784501673215487,1387,936
-0.5499650451195344,0.4135936797365146,0.5230722099979721,0.3727001845330459,94.86163217207327,23.955501624037865,94.5379023984557,21.175378387031106,1387,936
-0.551211527378959,0.41908637232067114,0.5226857222780898,0.35301844904528534,95.70887046389618,24.682655067522603,94.5718987887074,20.898254920087616,1450,936
-0.5524671885171195,0.40333946794309655,0.5085188144242222,0.38719752337695323,93.46701464727695,23.55537763919567,94.00709145629432,21.57573865127163,1450,936
-0.5508491360495268,0.4336262360945914,0.5066728415182419,0.37632032755285594,95.91788600481833,24.33615966724599,93.60761499901568,21.226039421442437,1450,936
-0.5509401495957742,0.4044771271272657,0.5118627164263847,0.39156897439767935,92.65621844900126,23.49151149020991,95.87712908063118,21.888395346081882,1450,936
-0.550268111466588,0.4268344274773764,0.509805758283215,0.3749543439845057,96.22547431824286,24.10264336684281,94.89891341190038,20.593461067911225,1450,936
-0.5506542586898826,0.4051734756217895,0.5130597355349749,0.3929319616463355,93.59465568916073,23.605408186315053,96.3725699549378,21.65683370648256,1450,936
-0.5580737866799377,0.42705262786085024,0.5116646935636361,0.3607803111051038,95.55875875419576,25.152126011268397,95.41770130053416,20.403505789869506,1450,936
-0.551384691956869,0.4140445010276731,0.5085290876524174,0.3773186899417954,94.1105508602084,24.167448498475043,97.4235957032064,20.86500281422788,1450,936
