left_ratio_x,left_ratio_y,right_ratio_x,right_ratio_y,left_width,left_height,right_width,right_height,screen_x,screen_y
-0.5706886590132251,0.4223709414960002,0.5673139431513767,0.42727197254207133,97.5263747857868,29.30453986559788,97.00530674079718,28.167339630455633,20,20
-0.5524467863207031,0.41316047490524016,0.5293346381239625,0.46775544551504866,102.45706715229684,31.038334353061135,96.63668528800576,29.375910720704624,20,20
-0.5393188160125489,0.4306214723637424,0.5453690041612171,0.4183102970068957,103.1264914178007,34.35338538933309,96.50116825700128,31.010317855032287,20,20
-0.5546012652280158,0.4343487084173598,0.5371444768107155,0.4257219399511066,106.35975572862034,34.98517481649534,95.57827070062646,31.018120275830654,20,20
-0.5526242676310507,0.430880716173897,0.5352200273025366,0.4267428462055753,104.37729643907541,33.56256605337323,95.67732369412775,30.271437577465406,20,20
-0.5572057678178698,0.4234180327053822,0.5341537179703854,0.41088493175994073,105.4130221175328,32.68106522013092,95.12059784803503,31.309400969828527,20,20
-0.5481092786749919,0.41029149831502876,0.5280877525970891,0.4456364227028868,105.06964144989537,30.410800774005047,97.56525810325105,30.932057575263542,20,20
-0.5475750510879397,0.38630593923881157,0.517561176336858,0.4486097001795116,104.34024194172413,31.08104074617258,96.19153433121205,32.238474692334385,20,20
-0.548964361781429,0.40881836684287604,0.5345196261511982,0.4304220869964206,105.42767037763083,31.810776957028633,97.18813760691698,32.55276892998515,20,20
-0.5506038225059241,0.4372317315158761,0.5343803261615213,0.4355973076003225,103.69166847112203,31.70376535870161,97.59295717570589,31.998581877399022,20,20
-0.552594475324276,0.44573350296429715,0.5527935012789409,0.4220246947053715,101.60119056356844,33.526332236404336,98.46671961479176,31.137938082854394,20,20
-0.5491984446138666,0.45625401570429797,0.5481675692930003,0.4262992248148849,105.08454529568516,35.15772771726515,97.76091491012771,30.97203911584667,82,20
-0.5503676896340874,0.4194342596334472,0.5599225385033231,0.4222005479286432,106.58185665673392,35.9233174869114,98.71996889292578,29.818756142791944,82,20
-0.5550956267522504,0.4403195817951095,0.5448606517205669,0.39652573606575603,103.5464470652265,34.80432655224739,95.51455353376657,29.236764679845862,82,20
-0.5495508334757241,0.446503201748804,0.5499649229177158,0.424116572011406,103.20272785754828,34.749790023621735,97.17798112006555,28.307842312753884,82,20
-0.5394041988596346,0.4454427579110062,0.5353076897575727,0.4009469713233977,103.69605198513221,35.028768084667064,97.29925093180206,30.620562213412708,82,20
-0.536495597646234,0.45550009403152036,0.5353634918935671,0.39546985069044205,101.1941188669067,34.55890461332279,97.80876711973742,30.348778835619072,82,20
-0.5246519987100332,0.4608262984983522,0.5217764140581186,0.4057211235908807,101.40672211623946,35.83715660599731,98.55172669228143,32.24115785033759,82,20
-0.5534540859624787,0.4304197205781792,0.5233991204323212,0.3931941203910383,102.91883501574608,34.09998315560848,100.03867250482452,32.003788861467406,82,20
-0.5558801501125779,0.44682302675933094,0.5353517116839314,0.3978742771004224,105.02320990624507,35.69435229958587,99.36672087341827,31.3357815588121,82,20
-0.5469873761550766,0.4494649806317611,0.5418537088936586,0.40044733103411717,105.49844551668589,36.569300094309675,99.82026751864386,32.13126299604493,82,20
-0.5414912193564544,0.44214855030118094,0.5378084438182028,0.40254044591163923,104.51943340003822,36.42055655036763,99.91080026151624,32.26531155126086,82,20
-0.5449347865287585,0.43147590691074195,0.5363972586080846,0.38134049220169647,103.7282209984475,35.1852865676744,98.7602007236208,29.56860475554966,144,20
-0.5346123048124749,0.4502418691349031,0.5413243614714733,0.3818462397384273,102.45458771395094,36.47088542679632,97.95452254988327,30.627763941786416,144,20
-0.5451392732773912,0.4486890022299213,0.5371472741088082,0.40030481511830984,103.48609965126653,35.67560528550546,99.45384888939232,31.387860191055292,144,20
-0.5551090338301236,0.4438018660781175,0.5361200760250789,0.42055421693797584,103.36685531344652,35.11259134490353,100.68395778290007,29.766500650319248,144,20
-0.540592992116604,0.45764088568317185,0.5225860638125628,0.40723522428474573,105.7844930007628,35.684165332541276,100.6314192285271,29.975598221677515,144,20
-0.543094707035361,0.43003753486759455,0.540379955470014,0.4054890327734171,107.15386057933705,35.48215375427525,102.20033529230697,32.067360680916345,144,20
-0.5537426436499779,0.4485947084116917,0.5269241903240811,0.4117549184012288,103.8935838326738,34.06744587434691,100.8354339584455,30.59585170011399,144,20
-0.5429623894599136,0.4160288907592907,0.525722527262195,0.402063536378146,103.43393423593784,35.20325066310637,100.16318528700322,31.357833653040796,144,20
-0.5519555805725731,0.44060831645529935,0.5319203767033509,0.4007901404154555,103.75256555381941,33.53499102208505,99.9371518954921,31.94685892040105,144,20
-0.5456474560259147,0.4221808892776716,0.5304766899396016,0.381221544509175,103.01502891196904,33.83258567653583,100.29714855802466,30.57883191563683,206,20
-0.5423891519583701,0.4120026373877784,0.5278378757042377,0.391280893087876,104.27244662302026,33.93748696759595,100.75693535677897,31.371902725195383,206,20
-0.5561407735958452,0.42283646719562373,0.546337141321104,0.41561231863403475,104.20068347726456,32.26594238022523,99.95126095508465,29.636885777095937,206,20
-0.5468523842986693,0.4490737240154656,0.5382458870705034,0.36349034746267506,104.81945054054707,35.497252026013584,99.39734777023764,30.18988687888858,206,20
-0.5482104319285469,0.4336726367456313,0.5290747488836006,0.38111569416415103,104.31711173509686,34.24171806364812,98.4258334342977,29.746000259979773,206,20
-0.5473114975063325,0.4367077393424707,0.5347221887814027,0.38772530497884317,103.8826953234664,33.62299161498643,99.20184074636245,28.82434541241655,206,20
-0.535726838146602,0.4242342062887317,0.537263172263828,0.3770317811962472,104.11583131442892,35.283492355528665,100.12807623120639,28.494012607605377,206,20
-0.5081806544519305,0.4077413705634211,0.5798779320842814,0.37655572243478463,103.96605536352135,33.66239279508732,99.9437406928446,28.516701757088892,206,20
-0.4699284973187889,0.4217217653470617,0.6016715920804108,0.4204836129564397,103.82076844857235,33.627937092444114,99.85988372304531,28.6479506781149,206,20
-0.45932735341381137,0.4641615699791952,0.5985622006544403,0.41261809411632355,102.79635644121603,33.46758664668559,100.69868971910986,28.812604074958866,206,20
-0.46800371880780234,0.47424882749931613,0.5926411089999578,0.3994287183301535,104.73559369086365,33.131044381108694,100.7883047893892,29.095994088061758,206,20
-0.4673327376062871,0.492362629459978,0.598088502165751,0.3966309270627508,103.85281663456932,32.44873768795673,101.06048689366732,29.03830880241729,206,20
-0.4691602154067613,0.4853443826575238,0.6016293753741961,0.3975754177972887,104.84135605111179,33.286944527399214,100.85317284671892,28.935322689059376,206,20
-0.46195895248526053,0.49352745721987684,0.5979151992330775,0.4022712047043218,103.74718502613699,32.837803129310366,100.77396894578426,29.32086339564681,268,20
-0.47259575098093715,0.48465144217489886,0.6008286393225646,0.40229320907387806,104.58507120201969,33.19082239045942,101.19843413094316,29.181006515198337,268,20
-0.47046647583313095,0.49278942219844063,0.6001968921040938,0.40962797946883084,103.67821088884403,33.34118330639404,100.68240718717412,28.685051763324132,268,20
-0.46875426044328344,0.4674782659621563,0.6005665172852044,0.4298168917492082,103.77298259424904,33.477728023441195,100.77117006620215,29.04684505681293,268,20
-0.4757468141765968,0.4925780636515841,0.5938204377204787,0.4249733496450212,104.18631421349282,32.39285708380151,100.41199315146042,29.339728403517764,268,20
-0.4791695422882457,0.4762894023247986,0.5943196227931449,0.42202535771561284,104.54037497862724,32.208578874999176,100.50442253203391,29.093634833722657,268,20
-0.47611047282332025,0.4776071809385365,0.590194520304215,0.4177143318699634,104.61943685154469,32.58942780869362,99.89125081926356,29.402063756911044,268,20
-0.4729443608644533,0.48576834107066014,0.5890476671484063,0.4143004920757045,104.57754891003857,32.74491614835902,99.78479358466078,29.833897700304096,268,20
-0.47859533899831386,0.4754245317907144,0.5862836295982058,0.4159815514213237,105.3880560714209,32.74865764631032,101.17148518631693,29.770126469460976,268,20
-0.4814492841305826,0.46205681552712385,0.5868925608106784,0.41391375178545414,105.44779422996581,33.38835120858058,101.30440805838734,29.870326753677006,268,20
-0.47769527593290195,0.4549084667472352,0.58341792654543,0.4092764676548687,105.307408438865,33.21764121210305,99.72864504455943,30.56454930905323,330,20
-0.4778631387713599,0.43755939704879854,0.5848021635779483,0.4117045273669404,105.64904159189945,33.5044387072587,99.96204992408033,30.77753114314859,330,20
-0.4805423806282929,0.4426389377780287,0.5849816740592533,0.4084736915562134,106.13095844889925,33.634487299770704,99.88853172917547,30.764088742834808,330,20
-0.4779080308982238,0.4380808076013457,0.5863791049068773,0.41258340798404847,105.31129370644533,33.66396319243423,99.56187702624152,30.731004144735483,330,20
-0.4793449651616743,0.44845217819965866,0.5873995232088134,0.4250119337909084,105.28388547487374,33.81773946227331,99.05206539577787,30.057567989173585,330,20
-0.47565431203895614,0.45676119300629364,0.5868349050753006,0.4247516437921134,104.75224928843592,33.68948135431436,99.04186500673323,29.684522188806795,330,20
-0.47584284909165253,0.4516308385260627,0.5857476044081815,0.42759326306249595,104.22276712140597,33.200296957215585,98.9637136241974,30.02124166306783,330,20
-0.4854330071598195,0.43829180786396976,0.5831225673367622,0.423834741405049,105.1765236508485,33.76510798729375,99.26143731983703,29.626171108702625,330,20
-0.48814683992102154,0.4443964126101442,0.5845215955791428,0.4608653607706757,105.74242822546852,34.202569370385746,98.03788283957567,30.03634085524537,393,20
-0.49382947358006707,0.48798311317219295,0.5838579201816169,0.45182187611576813,106.93480805065609,34.635200441337005,99.74502563852873,32.38028208448017,393,20
-0.495370087715506,0.47778705175125014,0.585591538947859,0.43683331100103984,106.62857435595636,34.202426333096895,98.74111322221002,29.002783845178776,393,20
-0.49327139584650315,0.4611233100031341,0.5739320885379776,0.41746837208386484,107.07899242402894,33.80731743360277,99.47827282775398,30.872707871617465,393,20
-0.4940090437720896,0.46412883946616035,0.5814893891738335,0.44881282250760063,106.5948987331388,34.075911524905415,99.405018101811,29.07847450600328,393,20
-0.5190749472305646,0.4586575679417355,0.580170062516672,0.4286980434611588,107.4815453446377,35.40703094564783,99.99105724360234,29.305097291522156,393,20
-0.49970331874024637,0.44738627424226896,0.5886980153845072,0.4268239971137436,105.99925157380002,34.108817201469215,101.65564216042608,30.17036476693792,393,20
-0.5113091478985465,0.4417487175698445,0.5730235683955819,0.4210486804109072,105.54663676326498,34.668849822198865,100.05020127282572,31.08260950908866,393,20
-0.5199778453128885,0.42574066216877804,0.5708797372235697,0.4136646786935254,105.0671812247565,34.48080356579215,100.7244120426494,31.043919615520913,455,20
-0.5210940512395857,0.4381082429094708,0.5810825414072571,0.4326502941740377,104.92019650316092,34.47484115250979,99.6597446887316,29.836980665559143,455,20
-0.5195003715988581,0.4490533521488076,0.5824596975314659,0.4333277584148949,105.06450785553723,34.578394632406436,100.00470569756028,29.499462815285952,455,20
-0.5020548955267518,0.44770457977199724,0.5826101129435273,0.4249137531896369,106.45135452660745,33.88801325405671,100.626313542264,29.423530704929505,455,20
-0.5219663780979317,0.4454854572515298,0.5801655972407167,0.41630069944279746,106.17304239840574,33.56783078424602,100.55203275859806,31.282480953317044,455,20
-0.5197995058651077,0.42693762923972023,0.5815492931103582,0.39370106297885615,106.36916957557929,32.298413778835865,101.63479678558905,31.27813796315393,455,20
-0.5179434700541918,0.4506268724015622,0.5728513457562644,0.39885754271833174,105.38949388663436,34.43993849028237,101.2141988178394,31.790324027897704,455,20
-0.518617043856795,0.4361813589555848,0.5756560744050397,0.388637639287487,106.40283444106778,32.491019508687785,102.54704581202552,30.647598859487378,455,20
-0.524489366578143,0.43384538696206426,0.5709015340798146,0.3948913207373648,105.59390655692034,35.41940877900863,100.96331922364053,30.850170565566103,455,20
-0.5238202840026226,0.406934287517761,0.5671640998724619,0.4042186133094624,105.32078354943569,33.13673396928011,101.87137420699811,31.873049489997783,455,20
-0.5183080916315312,0.43376877535548447,0.5779758310590573,0.4122592786079922,105.0297530029804,35.341371037696774,99.98139019328252,30.11636864259524,455,20
-0.5219769532566024,0.41173806269995983,0.569695497866463,0.411511503432008,106.12627496274742,33.39520326048946,101.49103372220148,31.494028483130197,455,20
-0.5201002756285856,0.4412038307630406,0.5754429993906978,0.4157606677617942,106.06561726626856,35.77646684221995,100.1193713261101,30.188970072428656,455,20
-0.5296420510809468,0.3982648984645339,0.5751740519427748,0.4060317214636756,106.46643864607515,32.91297890511945,102.42088567182225,31.01157667977915,517,20
-0.5259510221921021,0.42112922383075235,0.5760823147661026,0.3910642056073004,107.34643861114021,33.898119735313756,102.82119970215527,31.109613682224587,517,20
-0.5185938242877506,0.41130430014083585,0.5759403434018681,0.3995632956518739,106.40925359742809,32.08052778282274,102.68082742138317,32.055261544209586,517,20
-0.5166677354247305,0.4331150107025566,0.5695240430204823,0.4129153397173603,104.76350340245111,35.073086020194104,101.25473744787124,30.06352944616294,517,20
-0.5167038895931909,0.4104193804058074,0.5518241627567031,0.40834896601771437,104.90080115366203,31.72511312625813,100.32532500932066,30.016014665308482,517,20
-0.5153128799898262,0.4170247073466904,0.5667825358392822,0.43454634469592707,103.86747215958786,34.39152326641719,101.28979435474793,30.16468925760334,517,20
-0.5230359827543566,0.3986134758127528,0.5646939204469008,0.42837117158903737,104.95829510192185,32.783587624520514,101.58316499232075,30.513721114687755,517,20
-0.529787003212038,0.40400651383829367,0.5667911607525878,0.41303313797678004,104.90372414143255,33.76867948504934,100.90341217290037,29.888346926229335,517,20
-0.5258430319720726,0.4195743195371034,0.5599104086848793,0.40939112873625494,104.63903674286618,34.19557862264764,100.85922487924346,30.767163364096902,517,20
-0.5274746447232189,0.42567904788888933,0.558318643749832,0.40328735479675165,105.10357749532588,34.08505004139165,101.41283076814291,31.42341302904947,579,20
-0.528486001195863,0.424215470545412,0.555741159949971,0.39992690719505825,105.3165842201257,33.54270267991812,101.54216394233708,31.47176409191535,579,20
-0.5328939314071236,0.4187301608518549,0.5598986747711693,0.40517367575786706,106.02570346369556,33.35825552172193,101.8845438068651,31.787115679684913,579,20
-0.5293414773950119,0.42491533747095295,0.560704889846506,0.4019168971330555,105.93073563862875,33.971030923132936,102.1623759002124,31.674869351647747,579,20
-0.5278317112978684,0.4280769670850059,0.5565878871931778,0.4012080220792218,105.50599740663019,33.79487001270051,101.79994088517847,31.537012987868412,579,20
-0.5264905073440458,0.43399134097684117,0.5508895874223925,0.4078231475653479,105.28536918197548,34.41785338145005,102.59534499434118,31.517626561626802,579,20
-0.5243234258130224,0.44189662626515125,0.5494559812262334,0.403521479860021,103.7353041832902,33.82821280811997,102.81387617744407,31.164772164998308,579,20
-0.5340263161868904,0.40998810064222935,0.5461152971217633,0.4085186100136356,105.99096210720109,31.895400189328708,103.0930604276906,31.79094258805007,579,20
-0.5346509991063756,0.43215609630621393,0.5519799527872413,0.3860554988704034,105.58971685806804,33.336306174734375,103.68267611532548,31.577428655611754,579,20
-0.5294044209765135,0.40221932599270543,0.5520859433726797,0.3836238287411004,106.09637248165188,31.505092364012928,104.19342877230513,31.190782839926623,641,20
-0.5236563369148395,0.4413059672342939,0.5428547026362138,0.3972219448942491,103.4651173255435,33.80726496077649,103.08995660357962,30.702709079283622,641,20
-0.5313465319018571,0.44551120401428074,0.5433364138201758,0.43190299849182334,103.60594428393802,32.06172418757664,102.49916424475892,30.15748311359458,641,20
-0.5199801338852259,0.4269515301910992,0.5484027704384477,0.4405261982682212,105.56675667937918,35.08622134179489,101.84042502807863,31.681622989246687,641,20
-0.5309326272913849,0.42990953824986244,0.5473913138633006,0.42721572769511257,105.3096743305767,32.44932976273959,103.77764956997518,31.772157725382698,641,20
-0.5179259778767382,0.416623541694511,0.5377197502714751,0.45174767929444126,103.3850793666906,35.45600123672735,102.18706984173129,31.192894395527222,641,20
-0.5284294486318436,0.4124742065285568,0.5407514874111933,0.4507003456886319,106.10717522004748,32.26936287292402,104.32559878358165,32.30860216643917,641,20
-0.523319498462706,0.4370568494622535,0.5431945950369407,0.4332490468052671,103.91856309730157,35.733276219496865,103.57532833861998,31.045171953521493,641,20
-0.5385723615102459,0.41071460510266633,0.5537723025884517,0.3871573433757012,105.25173704746197,31.63836133526585,105.0020040119257,31.213046399468357,703,20
-0.519752499057961,0.42679693210077596,0.5441644042147269,0.42088101779546916,104.07258783344712,34.63196644621213,103.37664602003844,31.18951363118353,703,20
-0.5316303510861027,0.40647155011007147,0.5516437399775432,0.365893500408899,105.23808774526353,32.80925577478427,104.52921585875256,30.56022052274011,703,20
-0.5241099736736989,0.4115415847721491,0.559672521481251,0.40040224482246745,104.87029898677825,33.82862969318436,104.32035950762118,32.59002337665498,703,20
-0.5326521938830693,0.406131803927954,0.5578754013130867,0.3831877882662257,105.63896324316708,32.61337168028444,104.67569632269452,31.91353670150593,703,20
-0.5284087908351037,0.4130306190926189,0.5572668181281224,0.4094738722737711,105.64297676441348,33.83260374864976,103.47487878207146,32.408811877076936,703,20
-0.5293679398524213,0.4190646384187092,0.5518977873744156,0.3862813164465236,105.4181643603804,33.167727404398406,104.46077821321198,32.35587952294409,703,20
-0.526748159913762,0.42046115744826545,0.5484885566478483,0.4185427249115036,104.09391073889704,34.55091115100757,102.80159424196839,31.76887800292088,703,20
-0.5315706857345535,0.4120036899687648,0.5540557334802317,0.37432084304328384,106.05647743142626,32.85119346448622,105.92651637577526,31.706287534762755,703,20
-0.5278134960200932,0.42370560828189674,0.5336532482779046,0.44851862515471674,103.53884629992996,35.71735950317366,103.47613406126719,30.84279519359757,703,20
-0.5317226883902186,0.41029278264652047,0.5485197826795195,0.38032283877511086,106.19080767082656,33.52586210650867,104.97181439840699,31.73366969929501,703,20
-0.5332589273350409,0.4312650083007697,0.5339364816945336,0.4510379919799292,104.04206048969631,35.02143385657369,104.29722823216403,31.55325151182573,766,20
-0.5284821308754034,0.42117834845310986,0.5441733835501378,0.41168198488677343,106.14250566826918,33.55700033318215,104.69458719164953,32.259219495084,766,20
-0.5327690055106148,0.4154917105456944,0.5308415237453525,0.44690851644469765,104.86420227371896,32.83290745443608,104.22234092446091,31.405482298921918,766,20
-0.5310663174805862,0.4151584072952628,0.5434269977933506,0.4361880135046058,105.1541913768055,33.468483878777484,104.21440145868367,31.73048222418654,766,20
-0.5281128810908514,0.4230500558562264,0.5413875362969669,0.4175013175406564,106.0707731613402,33.24115306618977,106.43588607141692,30.904655237108557,766,20
-0.5331423103283962,0.43893755122024813,0.5345194500020385,0.4464331568923145,107.39699336427083,33.081731964888405,106.6509865490318,31.878714612956983,766,20
-0.531052635146603,0.4388316975246357,0.5361553140984683,0.4539541232510288,107.26738282078225,32.62543226202965,106.30274473727061,32.217129344597495,766,20
-0.532957859103581,0.4281403375326751,0.5348358460794164,0.4552027309672977,105.85634180197296,32.45426495863736,105.42644398830426,31.084824707604415,766,20
-0.5416858622466305,0.4215026768572605,0.5219733266685844,0.44637678121507385,104.26004518584155,33.06583365601935,105.7284218503759,31.342088909563387,766,20
-0.5467370819614978,0.4282973607283298,0.5306059473939847,0.4350773696866352,105.36066022606771,34.79230420466259,105.51890822388474,32.155187791049045,766,20
-0.5329112986216044,0.41834554673806174,0.5314361482479809,0.41162871199405504,106.4830944769071,33.34322313994563,106.40451021329199,30.969299348731344,766,20
-0.5337246300110258,0.4123448756787292,0.5391449436632575,0.41249042424508914,107.1426967804136,34.11695180050944,107.47931630020716,32.31694075009787,766,20
-0.5368581975211141,0.40604772976149367,0.5356423753174093,0.4148120024693777,106.66515150282112,33.36904656484093,107.20189000351797,31.461478984492473,766,20
-0.5332696990163132,0.38746271436944013,0.5345366080942002,0.4160451444338302,106.5779533239178,32.62073853291233,107.19778395691267,31.901104829866405,766,20
-0.5350661541635241,0.4292156092574225,0.5216161205476197,0.44504832054132903,105.9617544872531,33.166495524106594,106.25366039907097,31.020375084784458,828,20
-0.5350700770756499,0.43461963487942784,0.528357398275754,0.4454880294718795,105.62112191385258,33.70706796212917,105.57809315401305,32.453686533175556,828,20
-0.5401463813076133,0.4432626705265766,0.5203525201264115,0.4227851753032521,105.04555941469835,33.96285707188405,105.81604465840991,30.046260602199713,828,20
-0.5420706809869361,0.4371200930753864,0.5348542516748562,0.4176881360161,103.59880552622724,34.069152464293275,102.20047980145698,31.362894224581016,828,20
-0.538431115829448,0.4193832409704558,0.5329817954732021,0.39848124384950895,102.33634124055045,34.20670740467463,103.45511738334703,29.319937028752673,828,20
-0.5333437588159873,0.4030062726731458,0.5336303249356416,0.45153960720218717,103.57995213244975,33.31691008869439,101.74797860543994,32.18568079767466,828,20
-0.5398887407027197,0.4233497372557653,0.5388138012538697,0.4185182586557318,106.1136804302678,35.84165872645843,105.32351501893153,29.859624472829477,828,20
-0.5334874774440209,0.42179365669690816,0.5425537417559219,0.40239173914075255,106.30555922898591,34.31905615094464,105.26783308365384,30.326328246453496,828,20
-0.5386794972453522,0.3997756702167283,0.5316363892146455,0.4205456977373873,105.4350718892597,32.867500347643876,106.25142057238835,31.231679370759863,828,20
-0.5353548840450911,0.42596017679856735,0.5274855013890306,0.42643617538022877,106.44500835027283,34.13872103820057,105.876488037802,32.09607241387256,828,20
-0.5346302626828527,0.4254346311640805,0.5287653879782788,0.41781989587364465,105.82542111038302,34.337954106170784,105.620644863502,32.159400088533864,828,20
-0.538642373710792,0.41405756146865,0.5162801950334034,0.4319939666576685,105.48663681487125,33.63442284546179,106.81894578772804,31.230289794485923,828,20
-0.534755649937214,0.44431310187976797,0.5208592212237211,0.42739912590443513,105.89273719427125,34.354878785121905,107.03601280960356,31.986706977804072,828,20
-0.5328043295974918,0.45417256773075515,0.5175249152469025,0.4246916448047022,105.87191680317594,34.251999933955474,106.60957441168198,31.155970584972746,890,20
-0.5386694416078626,0.4148705371773187,0.5167043514380539,0.41378643621104405,105.05930203923323,32.860654547633004,106.84487986567183,31.639643485226248,890,20
-0.5414536333913852,0.404491487731883,0.5326303712300919,0.4289897048033732,103.6105546617419,33.77545801555018,101.505841413585,31.54593591694269,890,20
-0.5467232429053515,0.432180733939029,0.5167135981637522,0.38489946411663395,102.34271358475178,33.05899849879174,105.83701280631605,29.504423864878774,890,20
-0.546583653902996,0.4343229668801664,0.529369186722842,0.36069247098848456,105.07648701136199,33.337471315949955,105.86833451718955,29.7938887420001,890,20
-0.5464341895166341,0.4522451815974158,0.5293224569235844,0.3854280520912121,104.15639563375265,33.32102392983034,105.99183581559878,30.23708202905372,890,20
-0.5518794349231304,0.44544787913345296,0.5238739503998696,0.4080962246578053,104.98940587649838,33.58699254739952,105.58425987880095,31.068903985667838,890,20
-0.5504766182037536,0.44318018991010344,0.5260366450054572,0.3458252908507949,103.53860762796293,34.30979496362019,105.51827117553987,29.692069541655606,890,20
-0.5470346343117457,0.448691997880648,0.5298619408482971,0.4225187714183784,104.2963552731482,33.23425631973716,104.19364001751721,32.51538472207789,890,20
-0.5355969159603378,0.424938264490895,0.5278468440300508,0.37203365991937143,102.18590111385903,34.36897469472151,103.8306314841923,29.114215384875656,890,20
-0.5424265974277944,0.4374675108156182,0.5322464252082263,0.44520031983999253,102.63838506819977,34.204548992340364,102.84808257862232,31.7998423732278,890,20
-0.5409154010055203,0.4432483833017819,0.5270699532719573,0.3516685818519593,102.09007096516582,34.43275462734475,104.64916888876843,29.41324387269356,890,20
-0.5477168522669906,0.4170204178519113,0.5280750328769362,0.40860765252989784,105.49594354961214,33.87660937455631,106.30245709047033,30.075467844543304,890,20
-0.5473200724155232,0.4184196766157115,0.5251497438723558,0.4017072186696449,104.40819179987184,32.13622476969919,105.5458930112569,31.091912647423534,890,20
-0.5484075958274319,0.45588789620669745,0.5196918042273038,0.4014157217856972,104.46480981011155,34.20925720920056,104.73083627729845,30.080938555612704,890,20
-0.5535100674219764,0.44377931043507435,0.5225785778621141,0.40149677892934504,104.93834550311543,33.236041036780506,105.00921181976693,31.159675861729347,952,20
-0.5472069367906985,0.44160732142410686,0.5230165156934933,0.3798991080806213,102.62388503217907,34.321064998263715,103.28962284923581,31.14702232790815,952,20
-0.5505943373962515,0.43417927777113335,0.516237183031844,0.41451455660793524,104.24404886788574,32.8952620966628,104.6518071334606,30.43812727901869,952,20
-0.5500559271681157,0.45241690511573196,0.5109936484836265,0.3828113219897066,104.42119309760277,33.15840586257436,105.1727348212367,29.184261522870234,952,20
-0.548732271246759,0.44852281498328733,0.5146155071345604,0.39050304411421627,104.93919496623913,33.1596742649661,104.38271676028975,30.50185687966795,952,20
-0.5579408061220779,0.43975336232546813,0.509161527116939,0.382727656395258,103.0904140057872,33.203340645370375,103.79577619938864,30.605164290328325,952,20
-0.5507592449980486,0.4386399449942859,0.5101078154002557,0.4169572916052903,103.8561689117453,32.39637320555928,103.43765950558176,30.707838870529333,952,20
-0.550909822032553,0.4388140443131412,0.5094868210321368,0.4116239489641901,103.53405119875409,33.22556482350913,103.60978288261104,31.09445527049089,952,20
-0.552209921431443,0.43221367542908484,0.5003789612311801,0.44123677752763374,104.44421679704504,31.693845629117746,104.27208983603322,31.157911256753447,952,20
-0.5515398739955839,0.4292743794188446,0.5020867076627642,0.44235193516622767,105.00569765625704,31.802737870197724,104.64133694675732,30.68353650997194,952,20
-0.5557900586905016,0.43317497792381765,0.5016362509005798,0.41699894349725475,103.9972131819014,32.86215345911703,103.78260938304462,30.99607183647245,952,20
-0.5546631582102993,0.42860428700104225,0.5011986076129697,0.4345169874480416,104.5321235773668,32.05867307266258,104.36118242706691,31.023914180193067,952,20
-0.5483959197698034,0.42683954552201353,0.4998606921689384,0.4275779221566593,103.96348186800267,32.29090514906257,104.63158424910112,30.602699493830716,952,20
-0.5538216704395055,0.41794790406119137,0.5031781614757634,0.40256710776986054,103.67067384672222,31.81855789914663,103.9883693684353,29.943733763637095,952,20
-0.5564667794388997,0.42387186055018705,0.5083870873426921,0.42055997529154737,104.23321118005066,32.0480141950829,103.3879749482407,31.065461944589142,952,20
-0.5588442152909049,0.4347855012313166,0.5023191814907033,0.4201460470852171,104.08548649144628,32.87397353282999,104.18191234845422,30.552917619730035,952,20
-0.5539725198711047,0.4258275788118301,0.5059602522218044,0.44268747534441083,104.54056036881538,31.51443129034414,103.36704063802517,30.82096218193109,1014,20
-0.5545870572891418,0.4188952691454759,0.5125377394682784,0.42426291285872725,106.80614033728926,33.27918146406482,103.05845995351417,30.36007613352484,1014,20
-0.554975204814752,0.4303065534866688,0.5021021210681629,0.4129708153369711,103.97628121845423,32.41131263032385,104.72564735170465,30.83139819693529,1014,20
-0.5537107831531343,0.428260018732877,0.5078144056424068,0.43169913454850906,104.96158679771385,31.884227477319055,101.94485481648266,30.79055373949958,1014,20
-0.5583559535981434,0.4375165221781451,0.5026045083682037,0.3872385418222624,104.12044871336934,33.71915179400987,104.58521872807711,30.438823257815624,1014,20
-0.5492153081295049,0.41707098380197405,0.5046759923856382,0.41894505757808786,105.4436770579561,31.37056210997844,104.78792349483295,30.2640488184084,1014,20
-0.5547854939265809,0.4274361009713447,0.5043688992357476,0.4041224533217094,104.64934331854317,32.16707283151813,104.62074189199538,30.99752503514827,1014,20
-0.5536665061843136,0.4473158359749637,0.5124438843440348,0.39505327310114147,104.61456602727682,35.00484441979023,102.52125904315248,30.12381265581136,1014,20
-0.5556409722755591,0.44088385673290853,0.5178583846821003,0.38861768188399193,105.27911667043102,34.021997928535924,103.49857109514689,29.742260182269607,1014,20
-0.5563985092555166,0.461763347990942,0.5056208455602095,0.4092181681846845,104.84967601411194,34.65280184023465,104.06564556548551,31.021476883703464,1014,20
-0.5549424528377774,0.4435151449143603,0.511483602967256,0.4027270182383695,104.76028426079073,33.038413146455845,103.54606114352471,30.197822459179076,1014,20
-0.5471866046208596,0.4513297605516904,0.5156028280583324,0.38675366124575233,104.26864387869071,33.799524231765304,104.09693889489985,29.141933737965342,1014,20
-0.5477768871169737,0.4282446735706478,0.5095888450747408,0.42720686916805206,106.60470882201929,32.54887500339715,106.76834767918645,33.88374137671029,1014,20
-0.5515668102147916,0.42392576115645025,0.5120291731512387,0.39209259816380504,105.75632764258602,31.661278064284648,106.26507796901022,30.15836705186616,1014,20
-0.5442629640088754,0.4278504476565055,0.5145659009672394,0.4323535986749267,107.24567020702568,33.070558756870206,106.55653689747412,34.084286724464114,1014,20
-0.5491969027631638,0.41869336841397714,0.5186510584435345,0.38301469211720124,105.75581962131328,32.97774084613745,105.66318432311006,28.02673450821524,1014,20
-0.5409854153916063,0.43058871957985045,0.5104728401219787,0.41734478314839557,107.77674098072981,34.00467346864265,105.4421235381189,33.156643861303095,1076,20
-0.5444119939964511,0.43006594805419107,0.5173108553184999,0.3970265301116752,106.05668805378288,32.82595242924355,107.30607459382799,33.474650188697254,1076,20
-0.5557903913952447,0.428138560390597,0.5126985233356167,0.4024339250701407,106.2227955257287,32.92982397713896,106.51495793320163,32.757248665000155,1076,20
-0.5583906631935632,0.4171549635585098,0.5155466161469003,0.36898175711899417,105.71031471566151,33.42604137856651,106.08701660766017,30.881210337822214,1076,20
-0.5426507474495633,0.44940861030984275,0.5204862585779189,0.40444193735254663,105.93125203618364,34.12119894397576,106.86579368299802,31.53489149847832,1076,20
-0.5531123220789494,0.41597754647738455,0.5251385128872361,0.35143490382129466,105.42730389726735,30.559179856695174,105.91905898923714,27.89379077135061,1076,20
-0.567214922776706,0.41188952352028035,0.5103342291486838,0.3242671245617895,101.31356188082785,22.959511716101687,103.42854509113585,21.302422425957655,1076,20
-0.5454075762447673,0.3427997422679466,0.5072727145020325,0.3262543238983847,107.18961571076792,17.27237492177352,102.6603560502423,15.605390837090024,1076,20
-0.5751732871599328,0.3792591413076385,0.5087791100615557,0.38443027355384235,106.18061642338833,23.235170877666896,100.69324845450588,20.17945186657211,1076,20
-0.569694815039293,0.37266500921644,0.5011119160708173,0.33917308990150546,108.12866849178943,26.773190534524954,104.70489802301485,24.372775693884293,1076,20
-0.5651195871875624,0.41132923971815794,0.5042354752831449,0.3936793680258298,105.91523605291695,29.681785546571426,103.11054916543009,30.259029023314344,1076,20
-0.5565060008738103,0.39587992393447163,0.4883234521465798,0.4167583076826566,105.22147999902893,31.109727972737026,104.41558473640849,31.871074508382524,1076,20
-0.5541596793016385,0.42008803905441333,0.48660273610361876,0.3892297267503148,104.65218696977347,31.529118604325166,104.32150586423874,31.179497473440346,1076,20
-0.5557742101918398,0.4126962645148409,0.49002496539297213,0.4145042785224875,105.3333599650101,32.186331567406896,103.7821150413418,32.242860890810036,1076,20
-0.5590751040218497,0.42327222263030817,0.48999330597167984,0.4010271204733298,105.25123586935851,31.67442375601782,104.405875781032,32.194604787504886,1139,20
-0.5614446187721832,0.417325771534299,0.4938071145711529,0.3813039849378236,104.84046330582275,31.639859416476995,105.1786803374857,31.272499829658287,1139,20
-0.5552854217943984,0.4326002693856617,0.4933132464527475,0.36773609028074283,103.8943897583959,31.676385124533386,105.37305928462355,30.630811260974294,1139,20
-0.5495540099277142,0.4275160564644702,0.4983790666967678,0.36958021546219433,104.24897020267146,32.11498104025257,106.96105706796797,31.59062394378509,1139,20
-0.550163209705242,0.4210229476351261,0.4861383827675747,0.3886453161699619,104.44929778197404,31.97941361129261,105.37149500972262,31.471521300051744,1139,20
-0.5593544644021073,0.42005133820773355,0.49091511739110205,0.3956537461334977,104.96727334897801,31.9649588765049,105.34907394535877,32.625169065589795,1139,20
-0.5646023430103294,0.40901754008992824,0.49572115214557017,0.4244220050486441,106.48981185105009,31.03149960855533,105.90654486637911,32.757250258936,1139,20
-0.567128268386057,0.41610619005838445,0.502021730556458,0.3788267911809743,105.91038554735358,31.61656638201906,105.55441127338338,30.377904631139696,1139,20
-0.5652015501626202,0.4149349839795903,0.49873889599672855,0.3661006649355351,104.24633956073421,32.314887777283026,106.0787097977381,32.70709477615633,1139,20
-0.569742417017956,0.41289993213040466,0.5003850614288489,0.4183504951882072,104.11148745029834,31.6913603243361,107.1198056145747,32.32803361575604,1139,20
-0.564553726822256,0.40255159117616274,0.49995571742468103,0.37241689829616326,103.7307687820619,31.434952291466402,106.44085395221744,30.174087225529846,1139,20
-0.5651379647273759,0.4042378435337795,0.4916581166415032,0.4284902091732025,104.4254355937243,31.783629779550413,103.9536530724351,32.72357249429199,1139,20
-0.5601045204924923,0.4130139000155217,0.4973477783281567,0.3991675723472826,104.5084784937305,30.32022890897311,105.79832279113388,30.424688111710857,1139,20
-0.5634207208011304,0.4117323385211199,0.5052133067068054,0.4148815856417851,104.16309980531979,32.72650341805582,105.28808139483681,33.39523652801245,1139,20
-0.5636342129297043,0.4036340218834229,0.4996599967199832,0.4094574801902816,103.89248282802367,32.87707052322304,104.66742697837338,32.076026622436785,1139,20
-0.5732402836358421,0.41208691487698884,0.5089429546772877,0.3829754003755384,103.68013831827736,32.50432861139991,106.49122736018299,32.849996212488605,1201,20
-0.5669708670708273,0.4082837349713937,0.4996253462334755,0.3977834941578505,104.74546418013816,32.52188753480318,104.4344088847947,32.346274607863066,1201,20
-0.5712500838199913,0.3998484237313814,0.5006719522615435,0.4022864210441673,103.12652744158201,31.052435518317292,105.1994270678483,33.33412265740896,1201,20
-0.5644556286983725,0.4105164074022391,0.49896531716662784,0.40103715542075913,104.45445260773076,32.56862184135399,104.5227838974994,32.176142401000824,1201,20
-0.5705012889154992,0.4080592780908505,0.49308572644003346,0.4306711281315847,103.80108824143188,30.6424681771712,106.75434897573277,33.49803539988868,1201,20
-0.56106891410315,0.4041552466949436,0.4985379516712135,0.3926163796912134,105.21733496350784,32.48202875546724,105.55447056637189,32.26320989641465,1201,20
-0.5650485233259671,0.4129908169232283,0.49457089043018726,0.42540916989868427,103.3601355687199,31.312167811181475,105.99296638951948,33.21040370696399,1201,20
-0.5659761792370017,0.4034639328708424,0.5008541585150492,0.38548961710553575,104.29433723469916,32.8049326566541,106.06552581629325,33.39438079236311,1201,20
-0.5647464915818232,0.40524533749757397,0.4975723553648581,0.41214184332892334,103.85555027251955,32.61608982657201,104.94281630421396,32.72053885087751,1201,20
-0.567067816079199,0.4124004878907327,0.4987400768637193,0.41088855074706293,103.03748427200365,32.367694599886335,105.34900516810809,32.95883742332062,1201,20
-0.5663968053207141,0.4147404884524577,0.5009254096724594,0.4060858352035839,103.2395649739323,32.85962801662403,105.20514085749886,32.667473085432434,1201,20
-0.5677625089408398,0.418125049371206,0.5019833253838828,0.4089780337106575,103.45029488505645,32.97191281867336,105.38238466324003,32.54159922982772,1201,20
-0.5664976530087714,0.4264561169239522,0.5032250269070127,0.40334012506970257,103.42017089915043,33.16766620727338,105.75138481550883,32.92129582648426,1201,20
-0.566563335364119,0.427448601875603,0.5073282512728392,0.398827746901752,103.69389810380979,33.31775699899286,106.3230690996932,33.22727166381454,1201,20
-0.5676072420333457,0.42142869702823565,0.5021968035313074,0.4082311643193259,104.2424303473879,33.66247321512868,105.8778927558942,33.23172786636339,1201,20
-0.5666493603716477,0.42540120733499703,0.5008998461596048,0.41847272647615963,103.24282962139048,33.42196969033452,105.5102635252686,34.027163691647786,1201,20
-0.5670412147886938,0.42754903364811625,0.49276185628905744,0.4343482393062079,102.65895871154754,32.87706232167958,105.07664646901166,33.89990004341764,1263,20
-0.565678738089045,0.42821536749650724,0.49336304307213535,0.4231676303678997,103.19005706638363,32.46316034294571,105.28123736149387,33.68919531050406,1263,20
-0.5653177929938537,0.43006712128228913,0.4872476783104907,0.42107036904051587,102.9567409857263,32.52021361494046,106.371490490218,34.78359646646238,1263,20
-0.567346205910415,0.44388416066981856,0.48470389138584796,0.3912906923871402,104.42150554959079,33.39366054916312,106.24078761554557,34.16983876842223,1263,20
-0.5681808845029743,0.4396619081314405,0.4925508719319971,0.4117142511079933,103.03725122769451,32.316238429082695,106.47714717550974,33.68732701134186,1263,20
-0.5698928408049754,0.43708337652867435,0.4888675951214056,0.42627260851584226,103.05284113157668,32.383318265385086,106.36875307375755,33.900619074123554,1263,20
-0.5711306224787519,0.43678911868321335,0.4868395505891759,0.40756822963408545,102.52382635517877,32.27942113161939,105.90848668946029,32.76772450484268,1263,20
-0.5709720431993729,0.43318904639175576,0.48758722824425627,0.439074048732727,102.98082392664946,32.2608803304692,105.22573516350965,33.32977595886714,1263,20
-0.5705521062204797,0.4289788774124495,0.48257740256765796,0.39036723067442186,104.06222384015987,32.64893047037978,105.98849303805169,32.93952208841886,1263,20
-0.5728776958788053,0.4304320872184176,0.483019844324812,0.40388895099554073,103.88739330567881,32.32468993054619,106.33138381472696,33.47265287640132,1263,20
-0.5646657770096442,0.43949699326657415,0.4747049682118639,0.4001285677060239,104.71715165052159,32.53840225510651,106.3527591815125,33.533678588444104,1263,20
-0.5668692247057178,0.4466410415680404,0.479053524353162,0.3865008651966153,104.82036884960777,32.877089520863585,107.18929806450396,32.97240141695303,1263,20
-0.5750472213849954,0.44802763882677354,0.48520717938417746,0.38970729246651714,105.22326568570047,33.07692469032752,107.60023091018206,33.247371786017226,1325,20
-0.5724252962519913,0.44523087817496215,0.48970767545981514,0.3964621899896302,104.18991265825906,33.21081843629266,107.53094589293153,32.92770547819751,1325,20
-0.5724755933498145,0.4392186895541759,0.48852552767477264,0.4017375794717523,104.71330642162691,33.618667001784004,107.02512927077241,32.65619499896708,1325,20
-0.575390327676543,0.4628541056918607,0.489500376583783,0.4261944963409763,103.30037717583548,34.41870942307564,106.45381854209401,32.895912183088384,1325,20
-0.5746073798021732,0.4582773993774919,0.4824955031658321,0.45100636144451023,104.75630942095573,33.99886023908513,106.1070502951114,32.19832913552384,1325,20
-0.5756701370392701,0.43875694342603533,0.486980502184362,0.4313310280396086,103.91613373446359,34.1050546129695,105.92271774215813,32.40895236228781,1325,20
-0.576411472187606,0.45450272465581126,0.4835335662495633,0.4468610371797659,103.54751249931336,34.490557965772986,106.40562478880648,32.00189772873857,1325,20
-0.57739817377677,0.45154187307563115,0.4882744261637017,0.415785488635564,103.38195925253291,34.410494923479156,107.02133939641375,31.989922982804863,1325,20
-0.5751388175678733,0.46286701318584095,0.4903470055538504,0.4172604873386353,103.4430507989458,34.08911648905504,106.33933240578752,32.08588304484837,1325,20
-0.576701642806711,0.45301674251741014,0.4886152688145847,0.42403624875040924,103.79585079656351,34.29448722008811,107.85660909700623,32.77627182009411,1325,20
-0.5785935095677689,0.4498614352460271,0.4952157578257863,0.4161249379971832,103.72812912568452,34.16355200102947,106.67994507221458,31.88292135318854,1325,20
-0.5766748770743978,0.4494876108987645,0.49035917002975465,0.4231880751452241,105.40543132800772,33.72379744906258,107.51550601416204,32.48160447372864,1325,20
-0.5791959782619105,0.4253017056963254,0.4950552532909266,0.40715050522626356,104.36285943025028,32.821327883392385,107.71271564752504,31.6617137844591,1325,20
-0.5752952986514467,0.4436013435354655,0.49066230069988287,0.4232651833145498,103.24612584607516,32.95653369615232,107.20698237168354,31.983382415029354,1387,20
-0.574502497892598,0.4306497051759137,0.4827467582037742,0.44058648540215173,105.17891353844597,33.236768510597976,108.22165339471263,33.86977791717466,1387,20
-0.57309032490805,0.4180866289735114,0.4838887803053159,0.43944219139642643,105.10470483092233,32.945226487706186,107.64672541220725,32.75061952364586,1387,20
-0.5855533047906311,0.42789047022520177,0.46987266138257,0.4032946683481116,105.36703766435392,32.4325971364716,106.66202375396527,30.960111116503533,1387,20
-0.5797668173284892,0.4344550372053147,0.48221937017260463,0.40860116912706756,105.72691829068529,32.316227881523645,107.77969644359683,33.23503471051791,1387,20
-0.5772987606396843,0.4331753262245196,0.47918905120505084,0.4198057114220191,104.50819398927337,32.93970004728546,106.48120518870707,32.35367092623389,1387,20
-0.5792896998003119,0.4493454824917357,0.4768976500666541,0.4368000007705413,105.24198042253626,32.71746501415431,107.67242060860977,33.617805589332214,1387,20
-0.5782266519046008,0.440432207972194,0.47895028461816325,0.4192092351538789,104.24627919034612,32.935848837708825,107.21885457583024,32.831972025367016,1387,20
-0.5851168119741389,0.43751093975098176,0.47222071656084946,0.4313483467094395,105.93147742836554,32.04077574620811,107.43790718686223,33.43753380770577,1450,20
-0.5758273904547221,0.42866572986975926,0.4818887729725308,0.3971411024493405,104.24966379547566,32.708671852704576,107.34470971409708,33.15945137400304,1450,20
-0.581656867146368,0.4387730187391499,0.476515395934077,0.43276236432591536,105.53988122715023,32.67586277378012,107.46867818603029,33.49458075186518,1450,20
-0.5784041214447625,0.43121296528236835,0.47599994829670134,0.42270396985721376,105.62857076256392,33.24172177430358,106.49594093302758,33.27369913677529,1450,20
-0.5807692626700052,0.42397617090913436,0.47491835500210633,0.42221036992209454,106.80013158399396,32.62285946620494,106.87462584249226,33.407890608597576,1450,20
-0.5814870401944077,0.41819709752821327,0.47120960398305956,0.41641068515711666,106.81915217913074,31.876716849986554,107.51811117834703,33.18959110913711,1450,20
-0.5878277042588157,0.40899544242827446,0.4625440563280965,0.421268709949632,108.4636759749022,32.124854004827014,107.02905529550638,32.82152188579066,1450,20
-0.5868328033961815,0.4050875869190878,0.462760826827586,0.4128978286728157,107.06433704397507,30.680855934481002,107.99878647824977,33.5449256054843,1450,20
-0.5858050158551119,0.4035493315903448,0.4635037510829987,0.38778952528891236,105.0326352565502,31.21127398197597,108.08937470383088,33.184538884529466,20,478
-0.5808401648415839,0.40512453690301564,0.4564815209861022,0.3989183259085117,105.76827052418922,31.323019991612362,108.03985898744926,33.746112420558156,20,478
-0.5831566900183377,0.4119826971870736,0.45033022971244707,0.4007152671921663,106.55717621953501,31.75207385243192,107.29532611718064,33.84940633457644,20,478
-0.5843265210077128,0.41165264977024396,0.44838070596450375,0.41015774710951775,106.5113975656524,31.72655254609658,107.21104792642639,34.16045008787763,20,478
-0.5806999839460538,0.4159171821203821,0.44807268115695525,0.42450101060095674,106.75818500473486,31.82625843709844,106.79564501673562,34.91450648174124,20,478
-0.592525982008803,0.4330859095199746,0.45544748626964343,0.43144609050168303,105.93712695989913,32.30349299626255,107.37027044746699,32.57472742398,20,478
-0.5957845955320085,0.42537339281852216,0.4620643153506252,0.43813619409961624,105.91542624911246,31.51993241541723,107.56518593924953,32.70910497595797,20,478
-0.5925046213548929,0.4252583533127188,0.4629929889571673,0.425755550438491,106.1284925856956,32.179518238050164,107.4020797250338,32.89202796307911,20,478
-0.5225501774060363,0.4342263662842267,0.5710451861057578,0.41525647449490843,107.06031295649926,31.08796631746772,106.635665707299,30.287477649032013,20,478
-0.46398708361609986,0.4528929102533361,0.6084240476326415,0.4805271499549781,106.84195684396212,29.608497639976946,107.12612111394671,29.50569098974592,20,478
-0.4760863928461709,0.4766344455681256,0.6027197417691909,0.476302399172015,107.08392032042461,29.277071245337865,107.76707937553344,29.661579600494065,20,478
-0.466738369658929,0.48077930884065806,0.5960122587107988,0.4540928007397817,108.7880284294868,28.88314469288575,107.8738996140995,29.25269080842012,20,478
-0.4636687532620202,0.5015030476680467,0.6084729730828257,0.4712354159243959,111.79424631299686,28.15785700989259,106.9856641323242,28.88931818840222,82,478
-0.472564494186307,0.4822218321523489,0.6096748839692466,0.4742077188996474,108.1564881968153,28.467417267204098,107.24665115597507,29.45377293842545,82,478
-0.4561062930372771,0.5012264662876736,0.5993864989398514,0.44972321658898434,109.78097291555402,28.431926377986954,108.49392320425002,30.09558697874194,82,478
-0.4488051956914249,0.49149766116158905,0.6020706702653211,0.44980490563305203,114.39445985646256,28.52661555823494,107.61239692307898,30.12074754419556,82,478
-0.46082355525830027,0.5154285151887124,0.6102667757233977,0.4701777946003197,110.8176237644449,27.937892147502975,107.14957214582502,30.264961300373283,82,478
-0.4567108909147045,0.4967335040077226,0.6006677705340052,0.48402439475347486,108.98890651275926,28.54135796187773,107.92641487775245,31.062936817807866,82,478
-0.4379415742856246,0.4907576245009856,0.604799037047516,0.4586455020727165,114.23289142510248,29.503436336622173,108.34930656357136,30.903561516586432,82,478
-0.46005883492143057,0.5110154926663768,0.611916277346399,0.46702381045187286,111.45045301156198,28.006577961079195,106.81641236847591,29.499394963259757,82,478
-0.45855907641905497,0.504286656007755,0.6079186529102405,0.4593460787453846,111.10681715668115,28.608773922699434,107.6012822191593,29.945795259403962,82,478
-0.46961867922657335,0.4973253007761239,0.5987598752353653,0.46999310718468906,108.2177876668747,28.568748738748592,106.75751964090442,29.02621876144471,82,478
-0.4603967538424099,0.4990914621662873,0.594940452178476,0.45901870147340884,109.82552748954059,28.447401071744036,107.85587625877929,29.805876350118325,82,478
-0.45333347778669314,0.4995439956151679,0.5959646826058552,0.4598191800895074,110.82631674886096,28.546112964420995,107.65399988473789,29.181543475439277,82,478
-0.4631437037317817,0.4924130538623668,0.6034847322912562,0.47241905045529764,109.17747750899107,28.236441067100916,107.84608473700546,29.172173121819945,82,478
-0.4665619884382969,0.48474629742864195,0.6015580324129068,0.47120876430904807,109.08596913147827,28.297385682606894,107.43947739871406,29.13507874295502,82,478
-0.458060138557728,0.4954333736597212,0.6033310882502974,0.46347767409321,109.92056089947573,28.404596569551003,107.61349504784899,28.845222823944322,82,478
-0.45290387922053044,0.4987945059123846,0.6012383420335607,0.4574106228179508,110.58602313891843,28.28352805130709,107.75185374791228,28.827295477649745,82,478
-0.4485709689310704,0.4978741806002292,0.598641059797155,0.45632223499167046,111.78317863661363,28.496266458337043,108.14708776137476,28.549445278809362,144,478
-0.4558588144652574,0.4845093877326888,0.6022921486073811,0.4759303421186185,108.92212441344519,27.799171022344527,107.13124419796864,29.346489132974995,144,478
-0.4531136728503843,0.4891748049304093,0.6010141170336156,0.4731511336581927,108.93974339647649,28.132535999812518,107.36114888540165,29.312202834558377,144,478
-0.44241357168325585,0.49841413530195694,0.6031343803620225,0.4675417059014555,111.81716836261067,28.14909289751827,107.93434634089834,28.906206914990896,144,478
-0.46171630403037506,0.47523828409718255,0.6046931371513454,0.4725024710682631,108.39678100883968,28.021001717293547,107.08097243409661,29.609797801603666,144,478
-0.4517418132778377,0.4978096991061284,0.6087715766148217,0.4669761458308678,110.63616328853648,27.853783032492178,107.47252112081502,29.11504535549937,144,478
-0.4550222132406388,0.46746982740158605,0.6004513085413102,0.46276696100140363,110.76635842786524,28.06032207272188,107.20810217841172,29.02723660364162,144,478
-0.45339386177178065,0.504277164647831,0.6007836027457487,0.4603368453505703,110.4070704340565,28.59220674772643,107.76940890878559,28.47106828342977,144,478
-0.4625267194739872,0.4868832278730929,0.6043219456810368,0.4578240066986297,108.35357710262068,27.847279748085565,107.55389174353958,29.310964839198515,144,478
-0.4496895933791749,0.5006105165606588,0.5997355371479441,0.45112912330249016,109.68030142369285,28.52258798391087,107.81672571733937,28.72925943344068,144,478
-0.4591299865517898,0.49814282575553254,0.599304855938382,0.4611439969121249,109.26300116951661,27.910107264463008,107.72196414549141,28.705588016571994,144,478
-0.4567127545639801,0.5017152790084756,0.5968038447311382,0.4578250561194726,108.64742884458896,28.0225156632889,107.84702265151527,28.161301809094816,144,478
-0.4599158963197605,0.5032821155206454,0.5967925322853106,0.44619996629440933,108.88008871720852,27.96264690524167,108.10621705531449,27.553586292615044,144,478
-0.45911625921629484,0.4973539459498604,0.5957932131124416,0.44967442640480837,110.32326987651398,28.376451461036474,108.14194488691935,27.362306766914983,144,478
-0.45652290343087915,0.49135626137214655,0.5939502331456405,0.44522322059990305,112.72203307347839,29.71274361504545,108.04455405945568,28.368628281350396,144,478
-0.46190543737578393,0.4851384790274192,0.5975371637523041,0.45125484169134283,111.78087621652635,29.02885288089043,107.86328922010198,28.135235563468466,206,478
-0.45687850718409634,0.4723553572149687,0.597163757191469,0.44339259897423733,115.56095696050868,29.270821979909996,107.85561296728105,28.63180696125583,206,478
-0.45159071917803256,0.47564184932311193,0.5966670629983671,0.44224087858992606,114.40867842329659,29.060452125870274,107.63736586486996,28.69254399499326,206,478
-0.45128843993779594,0.4731962302656007,0.5981988329943531,0.44503620620539464,113.98713911910887,28.96550339833723,106.80599253756245,28.847179665800727,206,478
-0.4507488085129255,0.4756365482417669,0.5982655591971816,0.4439789053563603,113.69503579072543,29.45948991788018,106.35794392909864,29.036074627028412,206,478
-0.44882438296200544,0.47170371870545746,0.5997902892156098,0.45586009756111884,112.98080896467215,29.111740437552577,106.09386729704585,29.26100772985962,206,478
-0.44903686002229054,0.47059894821204923,0.6001654299092206,0.4545814059236497,112.60558923530598,28.690239326080942,106.24702735098343,28.773904451987555,206,478
-0.45294535404581604,0.46392875179426246,0.5971701038917594,0.438327197697328,111.51882213132828,28.098141712412712,106.96258005086202,28.696130067376465,206,478
-0.45510293759397735,0.4692646301359759,0.5952859663687898,0.43471692799118217,111.30608748490963,28.91352321348263,106.66344934001883,29.02847883309042,206,478
-0.4541989965679421,0.4766520523946415,0.5959039095297711,0.43712223663522265,113.40989005565724,29.729090684848128,106.76101877210674,28.809398748330207,206,478
-0.45369552464286167,0.47834388058286265,0.593879530053467,0.4348215364941218,112.55805378797174,29.702400586756195,106.60445485727764,28.496528774724606,206,478
-0.453743531715302,0.48694855216044447,0.5940977516515962,0.4249750589868224,111.02528853760144,28.928879350863877,106.26768433052149,28.237328199670316,206,478
-0.45635879428538684,0.48212329071501436,0.5925264651669833,0.44683536508617955,112.5622036194511,29.571035721140085,107.3740066527886,29.1897287041276,206,478
-0.4596293512396229,0.47760668339506485,0.5965161902249101,0.4314560883815648,110.65799797420506,28.989286761580686,107.26516063903765,27.340950651000135,206,478
-0.45379791986689216,0.4936412612499753,0.5903511408694899,0.44682222473251554,114.95388197202956,29.973723262759112,107.47112558413292,29.587784037123658,206,478
-0.4748082759146759,0.4645023413720556,0.600413482181729,0.4198187616489192,107.6206724601956,28.591730477618214,105.94181549189769,27.56783860590467,268,478
-0.4543663691541868,0.481691545319416,0.5919003365086243,0.42772575453386985,114.1772438169387,28.98921356821551,108.0154214744497,28.51671810055123,268,478
-0.46757299385073653,0.4683932268453487,0.602940257132351,0.42707341754847794,108.32412008841375,28.820397581611292,107.10491601228493,28.001668744484363,268,478
-0.45498729859958276,0.47839282521530946,0.5943363045056407,0.42588166768295516,113.60779033312241,28.979998618518596,107.42752105612497,28.081991136287254,268,478
-0.4619358337474062,0.4611426300612992,0.5987224101082337,0.42608007503820877,110.08032793790827,28.850013907453963,107.3156442855541,27.868277694497944,268,478
-0.45303792710601964,0.4797436708239532,0.5968755001629606,0.4230066809009524,114.75290702593186,29.54596058858954,107.55280274871969,27.456103561894235,268,478
-0.46170707307554876,0.47364035775477376,0.6026735771277796,0.41473283467209326,110.50455942655107,28.81710999026505,107.75539598990208,27.70676523349502,268,478
-0.45371052240431253,0.4806299656460455,0.5965995269910314,0.43230009945929376,114.63853713522488,29.22735785658049,108.44350186673532,28.020496923724988,268,478
-0.4663937483147721,0.4738432321811871,0.6029791288415063,0.4155104109664688,109.10703885758059,28.690247974798957,105.90839196947334,28.010158841310897,268,478
-0.4572620639961892,0.4816151979205992,0.5963489385042903,0.426457241203629,113.73800673424061,29.27877362056812,108.95366653005323,27.614038068953008,268,478
-0.4679532053219457,0.47407425349024984,0.6048367689346682,0.4146092468142955,110.46499323963342,29.202440691346748,106.37382154572487,26.98575903219582,268,478
-0.460116249845905,0.4945142550113527,0.5967794520695348,0.4305947680876602,112.44722665512991,28.546299187561413,108.17474516767356,27.965078380534138,268,478
-0.47459182515800735,0.45419963556648396,0.5991646358715469,0.41001883793730487,109.13019276309254,28.497625562548247,106.8991303778542,27.209223854152768,268,478
-0.46771628869929616,0.48310736846594476,0.5965318070670194,0.4057724245263223,111.15797300296887,28.77553863773659,107.42848921721095,25.93149231378804,268,478
-0.4691049116881921,0.46068420432627927,0.5861245724968297,0.4245087209317525,107.97635172096523,29.472589862210963,108.31248934128905,28.907212337745634,268,478
-0.4652112480300437,0.47383078353070573,0.6041758592785538,0.40597815687138855,109.71831524408613,28.11306796408425,107.79867381998395,26.49250709167816,268,478
-0.4706469578246581,0.45554660805725217,0.589172001904225,0.4063262162423423,108.47240611676726,29.826739600964867,108.41636195086744,28.494985076653467,330,478
-0.472181902383259,0.48701406105738393,0.5991151236714621,0.3883861002556237,109.96880110795607,28.298988493547185,107.31502107645088,26.507582272554334,330,478
-0.47768932844116413,0.46925736700700427,0.5935990948538237,0.3700664456051367,109.18834617422807,29.04909364504761,107.69839913073636,27.00171909337469,330,478
-0.47336379312579585,0.48068826216051036,0.5983605900862579,0.3955449514587265,109.04232331293055,29.791761297726257,107.57428030075988,27.166719825099285,330,478
-0.4731595119553693,0.4755573557047622,0.5976703079339053,0.4037454184587764,109.26136738472754,29.802262495400328,107.57502019639811,27.315195809409655,330,478
-0.47266050747930693,0.4737881448244468,0.5953286296775165,0.38995470706750396,109.62029196627756,29.28868903894952,107.24249601909136,26.747123530780865,330,478
-0.46772841731253995,0.4708709426239264,0.5951812163223551,0.3954903254303011,109.39148138475666,28.95474351520059,107.04178372238425,26.84086773763248,330,478
-0.4604459559132404,0.46599007878738136,0.5944616334565935,0.39338155740591885,110.50884413002024,28.674368804369163,107.19541945443682,26.484503427375326,330,478
-0.45990707671550635,0.47162001670134085,0.5942409745597412,0.3990901585765325,111.71329544407332,28.861664475138284,107.94142736734501,26.816675960287977,330,478
-0.4594294689672789,0.46461186344113065,0.595068655052704,0.398674911307348,110.19823978732828,29.55596473077398,107.61089980014896,27.00510600087932,330,478
-0.47070121614009025,0.48040076320116476,0.5786499348001323,0.41192268400257553,108.43206414508104,28.593419329545977,108.13911487620656,28.499782723860932,330,478
-0.4700946393794825,0.48849420832114104,0.5796321424191061,0.40860935029948403,109.72370268392245,28.499860148768665,107.72763189198668,28.35782314299939,330,478
-0.46439869529280015,0.4742429294633693,0.5819590632379927,0.4185007915398716,109.26895874556116,29.110746784706162,107.93579923693291,28.287157270530585,330,478
-0.4697866703585624,0.48185257268717124,0.5768977118829001,0.43636863489160505,109.98929564120499,29.348113997887424,106.81155033210712,28.11535726338243,330,478
-0.4643579669223568,0.47832965126453775,0.5748419946025344,0.43988498492677847,106.78582633414294,27.92469114094044,108.32391353825741,28.496019793149202,330,478
-0.46761866517994494,0.49023392765827994,0.5836047213498126,0.40928539174449713,111.18619615214915,28.182583571290937,106.28486809807411,28.170845002921386,330,478
-0.4687036272799597,0.4748214717432225,0.5836477173768088,0.41066997849552866,108.28012116634302,30.074721891167627,106.85684320812159,28.68233654729963,393,478
-0.4727353456032851,0.4707789909342924,0.5812073672273281,0.41568134295636266,106.7317195392964,28.717416840413634,107.47149785169204,28.183080795860217,393,478
-0.4731456517703463,0.4898889429006895,0.5777863075402083,0.42043527609699904,108.86015724707616,29.087036946491118,108.26450587031178,28.2762769057693,393,478
-0.47610701509935077,0.47804155282804295,0.5814563429582307,0.42359038630916707,107.6782792500084,29.95266559926985,107.20917658643509,28.91122213039701,393,478
-0.4651925012178602,0.499880961749023,0.5788123766637433,0.4221316174611928,109.38792036389326,28.368088576015513,106.79137908611874,28.940220994940983,393,478
-0.4734195123867383,0.4858624770483676,0.5886345399240677,0.4062546272219862,107.38727929090241,29.9004551673738,106.31862867868702,28.635168368617453,393,478
-0.468514296604138,0.5039457880330519,0.5790171461157151,0.4184136943084878,106.88919673160461,28.441499656152942,107.50526329773028,28.815674555352295,393,478
-0.4746672645841562,0.5038835124115415,0.5807140855191458,0.4054360952710295,105.34932228283728,28.171366211384356,107.30383936949299,28.482920699675034,393,478
-0.47553091045357465,0.5054549652788867,0.5790617986763332,0.41172147444133167,105.49804134294376,27.621986839141552,107.47444335765582,28.591417045238618,393,478
-0.4696679852596553,0.508568242247007,0.5807119955384096,0.4056636280089338,106.47994957762299,28.08590601411995,107.48552996362413,28.383317546321145,393,478
-0.4688280057845432,0.509740384664934,0.5830935026300106,0.39683407899959894,106.99025214237041,28.22451677296825,106.69050588093884,27.698945841014744,393,478
-0.4690260851469372,0.5027339098575428,0.5854603388174732,0.4015097812119326,106.29237620996763,28.964238855914267,106.76350590390881,28.377788177053493,393,478
-0.46917722733455425,0.5024488630905518,0.5807501964550387,0.4005644456738196,106.56632564761686,27.730874313877813,106.59229418507265,28.29755351900109,393,478
-0.4701004551140037,0.5062066577235736,0.5816297333785977,0.42006796298423893,106.47157879127391,28.92245908836215,107.74998193038535,28.602586825966846,393,478
-0.47699086622523434,0.49869709740020157,0.5836779166034565,0.3906210725543931,105.92993358273141,27.538567507818804,106.0078273227645,27.114969886602566,455,478
-0.47338804568347065,0.48667431481730955,0.5785386969326757,0.410388865697565,105.85242373585248,28.45551241834227,107.94211805168925,28.41132474184456,455,478
-0.47917117751424165,0.49979392218619806,0.5835789987192775,0.37999620938529877,105.62550498942328,28.08426128170789,106.14757512078799,26.594791180416014,455,478
-0.4828612227370423,0.490225042155737,0.5778175724086877,0.43166238168393195,106.49808927693987,29.571994049864692,108.60980321249863,28.69688079454933,455,478
-0.47249969156786725,0.5026924442239763,0.5767033409143836,0.39866630614237336,107.60928926499771,28.13835882915999,106.5935468949953,28.61022546313824,455,478
-0.47550275703818773,0.501453620666157,0.5778230188818066,0.39308551071019304,107.07022983581525,28.39555472205065,106.86252579170997,28.25622684817679,455,478
-0.4805378747508065,0.49870420073988697,0.581530042157464,0.39327700258680215,106.6938725775386,29.14019406124964,107.40812582818388,28.359174954705995,455,478
-0.4759857122232863,0.49269929544425306,0.5705862154975281,0.3967830425067494,105.87100449791818,27.82245725543419,107.14163019023252,28.665387115092454,455,478
-0.4737387340682561,0.48047620462593893,0.5640389753235618,0.3912003766742146,107.65589361076441,27.576193597587736,106.60571100868167,27.915680515987113,455,478
-0.49512289182782826,0.4825718854819171,0.5897584258136133,0.39047308983789325,105.94286687755033,29.4960578643934,105.63827630211294,26.472569087711307,455,478
-0.4726604094196467,0.49116494609126776,0.5734319600904457,0.41199293121400943,106.49961967603492,28.176344895404547,107.41359944329842,28.83538744400157,455,478
-0.4816588741552488,0.47852455351568624,0.5873001634123699,0.3836723506135345,105.00571572185156,28.51558121541791,107.38502968730843,27.933728096883982,455,478
-0.4725336916879507,0.4997901263013759,0.5654844961291018,0.412662402041471,108.09015618992146,28.632261389705423,106.5655284756859,29.128674945766043,455,478
-0.4785503124687037,0.4979172753870181,0.5873449290900188,0.38654788584809363,105.77605362339825,28.057852564151805,106.54622309764845,27.860154371008583,455,478
-0.4831034517353901,0.4819198691882879,0.583045691476685,0.3901587884053105,105.37597531778636,29.32972310200757,107.5250098403066,28.394105698077297,455,478
-0.4838390752319711,0.49944677363863094,0.5645534474601208,0.409726770273377,106.26724284760384,28.54045641992544,108.02686397707372,30.07973207479399,455,478
-0.47769395969120193,0.4959986611115027,0.5620715410968253,0.3990471831348263,106.72846570836616,28.061519508028255,106.93956998163358,28.907326067471832,517,478
-0.49069200811013036,0.5135400812908222,0.5754699194606154,0.3976569974359948,106.19669782546988,28.89853339925712,107.07914460402769,28.772200368888672,517,478
-0.4899747927276586,0.5047088534780705,0.5684694299728282,0.3913678760508935,105.86049231138817,27.996095160767858,106.75445733416696,28.60459133394581,517,478
-0.49340956937301994,0.5167600476762003,0.5707629318506792,0.4131216512462458,106.013166679474,29.01232632833369,107.40019263227502,29.735938957674957,517,478
-0.4812305215141719,0.5050375367111054,0.559923620816281,0.38826166073300133,106.25624272529485,27.995337308527166,106.58927758939706,28.55920712253961,517,478
-0.4920413065164358,0.5194295010539408,0.5702895410136107,0.4138615525532008,106.39030160855363,28.74115483472475,107.04124461024242,29.454129754997847,517,478
-0.4966754708533794,0.5136682466602835,0.5742774208860568,0.3888358812874402,105.41353962484294,28.19266271373189,106.56635965311128,28.182117705395743,517,478
-0.4944009573074784,0.5143141471399079,0.5648678097678271,0.4168978023416156,106.10971922635309,28.943404771906785,107.19646802201991,30.05937700549363,517,478
-0.493123278926427,0.5214157862488177,0.5797966503153952,0.38842004616863124,105.24435477409374,28.44450554406458,106.27809298051675,27.92590678378407,517,478
-0.5021313571985425,0.5016388416800445,0.5722911604407632,0.39814728707591374,105.93340015926674,28.687661526708222,107.32136302002148,29.70588787689113,517,478
-0.49826171921403484,0.50821296645994,0.5735868046750702,0.37542477637750515,105.47070218461313,28.470969771778414,106.05321832324056,28.442456401926158,517,478
-0.5068761880115762,0.49406812883277834,0.5777297781249655,0.3912220106125911,105.7285977547757,29.2244464403748,106.74249802787439,29.414608475416284,517,478
-0.5074754450121035,0.49640001519405075,0.5746774125894486,0.39296357117114433,105.80986355210304,29.01869092550674,106.87094960639644,29.34977265527354,517,478
-0.507518944566737,0.5010175626754558,0.5650057995795785,0.396980333338689,105.36120000179004,27.95155700279499,106.91487442046795,27.897436734434663,517,478
-0.5020836909346326,0.48901578629730724,0.5683336957408169,0.38444170968846786,106.08864980302606,28.302150778484826,106.62430035796763,28.34617101227976,517,478
-0.5052925748952349,0.4797333589428581,0.5650291854061521,0.40311756524545544,106.08815397525174,28.810456820242226,108.19009602959119,29.16684381517235,579,478
-0.5081972367527713,0.48171010681903875,0.561284503302215,0.41764737794802426,107.75925320222716,29.362005448537875,106.58754163315493,29.418799594669323,579,478
-0.5109210455891895,0.48580562514611214,0.5588006632105345,0.40726542815860933,107.11678911209943,29.667162927412484,106.93823451951796,29.355986627782322,579,478
-0.5054297450492186,0.4895759222742981,0.5598820196195131,0.3983068591554118,106.54786999785807,29.615147642190347,106.01935352967433,29.347804082798596,579,478
-0.5172798080300969,0.4839955186989619,0.5628122632658596,0.3860368630408777,105.39141229083181,29.31925436825437,106.56803765056185,29.69964056806816,579,478
-0.5069967504108507,0.49664340322521217,0.5516421909073023,0.4033204136791346,105.49635477578589,28.902850774400633,106.6331028536756,27.606853366842653,579,478
-0.5195339656939996,0.5046837341985637,0.553027149404253,0.38773630506736523,104.90957849630014,29.17300045856323,106.77144567559633,27.0482472620476,579,478
-0.5140266269300178,0.4708674494832215,0.5558989190611676,0.39755821749583375,105.38572020619237,29.713980812664957,106.33659144375854,28.658880090357005,579,478
-0.5175504621879063,0.5024937100526915,0.5543202274039667,0.3835099375200643,105.09936720811952,29.260176065803538,106.45837665268914,26.91309842831991,579,478
-0.519913474545913,0.46327839975514296,0.558805777153672,0.3881552480135932,105.60505461643983,30.00856177404002,106.25549159242829,28.907015756115104,579,478
-0.5140985520569882,0.48751492572981775,0.5573781807358109,0.39213913586263627,105.5066539414587,29.20860948416409,106.48821922226513,28.037634340158235,579,478
-0.518493021796025,0.4846418393000663,0.5566954894787565,0.3882681873333731,106.22897703829238,28.865072957623244,106.47264712477686,27.02694485623339,579,478
-0.5196907082831593,0.48717399310932374,0.561248586985662,0.3915771338910454,105.4399120568242,29.40637610776639,107.28090783791764,27.21332551487432,579,478
-0.5214512107369915,0.4745177458481197,0.5580307139914044,0.39729477742735964,105.605162332389,28.952936724198782,107.252923933389,28.38509812944423,579,478
-0.5229563292905005,0.4730560064334688,0.5574757960007692,0.3992300708773348,105.55145784904592,28.741938512612666,107.30282106427981,28.39697171318029,579,478
-0.5242265132120728,0.4751696109520915,0.5587376750446448,0.3913847663728355,105.77488807878642,29.61510699222023,106.5502755913505,28.930826654738407,579,478
-0.5224979155162409,0.47577248772487896,0.562058575391686,0.40067037654894117,105.52480350794863,29.526977120635166,107.31545818926313,29.547583577962282,641,478
-0.5155247649661873,0.4784792947427587,0.5607955234238672,0.3830474163506983,106.27720718843372,28.986197046824575,107.40716884633524,29.113000147397155,641,478
-0.5146001709836108,0.47420659471502574,0.5589971276802507,0.3865014169866801,106.76015337764582,28.844873266597123,107.95396238518374,29.48589791132716,641,478
-0.5230987209008414,0.4493146407331557,0.5553444103790994,0.39274708804839076,105.57796659237887,28.02749632956809,107.90340615095191,28.786056186906606,641,478
-0.5308162438072966,0.47845073118113474,0.5538252291182456,0.40275177029478726,105.09787396720844,28.615238670721116,107.27055832236756,28.86999216431793,641,478
-0.5333000009410285,0.47218833384975295,0.5549486434018428,0.40057886081829974,104.91375964550711,28.38808369713746,107.50213679651864,28.718051266283645,641,478
-0.5274990418867458,0.4698781316220124,0.557729312452293,0.3917197822643322,105.14395046387745,28.066653573707477,107.67920176887925,28.079481958707028,641,478
-0.5251747904259523,0.4647696352947858,0.5585968595372321,0.38924283798040965,105.03301972582386,27.968911258315725,108.03172761631542,28.03258711518696,641,478
-0.5224512059286764,0.4763993264515352,0.5606062307647495,0.38956779424646953,105.0831124028496,28.426861536687515,107.56693900059867,28.597135393075696,641,478
-0.5125052929008427,0.47647171624983997,0.5566457520780624,0.38371781269170213,105.96617142619941,28.411869496611057,106.88552866192987,28.156728622024207,641,478
-0.5249289571764826,0.4710294853078473,0.550043943073823,0.3978239083533434,106.08669971531599,29.84958013513143,107.79868540265474,29.97906483274164,641,478
-0.5179122955801471,0.4533404563414323,0.5546414870228923,0.3948112079649474,106.93718466782133,28.453372817856994,107.09638946564438,28.392455305907234,641,478
-0.5319210486748603,0.46383505433574135,0.5542241552046175,0.3868409654342398,105.47123742439678,28.96663960492025,106.81485240576428,27.939556663194416,641,478
-0.5228964358651412,0.4623428885609299,0.5550006027290271,0.38753799189690824,106.43253002999303,28.453491874286858,106.90646546912824,27.78116846569743,641,478
-0.525474923347544,0.4752414138955361,0.5540296906000721,0.390680445136906,105.96057773820311,29.2305505743497,106.92050957893665,28.041149246412292,641,478
-0.5236127362661007,0.47794132026808933,0.5535113659919352,0.389689221251619,106.75169901987796,29.89295001399951,107.0776973621229,29.28747656512631,703,478
-0.5234247584657483,0.4688676137763988,0.554510877262599,0.38141780812343834,106.46601423243618,29.6508397448423,107.65862028039435,28.815621837048123,703,478
-0.5248041841307427,0.47256098930530693,0.5529580145032552,0.38409251176533415,105.98762550024978,29.692631876159698,107.6370617277508,27.854065098448167,703,478
-0.5248723610240777,0.4729756348020177,0.5557386472809929,0.38223373501028785,105.94693111053941,28.678363164273538,108.08117861581479,27.81824181116928,703,478
-0.5270718389267078,0.4594456424494879,0.5486641784809159,0.40551262192504567,105.84570071142187,29.558206168687725,107.06837703990206,28.40007806350578,703,478
-0.5271547845258722,0.46560074705090404,0.5514097012964124,0.4062772965303699,106.08195814097576,29.253037084288216,107.22140844762856,28.291802551879282,703,478
-0.5294476465253821,0.45873662116378083,0.547963829956974,0.4229477842431037,106.43960517276354,29.853813131849865,107.06320398970597,29.507485065987993,703,478
-0.5341264357186248,0.4777910098897366,0.5438785329230515,0.3942893821952655,105.18637428151783,28.025019536396766,105.97533655450177,27.269228935995052,703,478
-0.5264004291406102,0.36232933143002155,0.49672346909935927,-0.20913457615742737,104.28746252444938,20.333333067453065,106.37664288594287,8.121171041060776,703,478
-0.5068535503513638,0.18192220529208453,0.46514570261651333,-1.6707212281638473,111.79321591381414,13.512083358256577,109.79934369768935,3.881404293835698,703,478
-0.5086866345847493,0.2086263380648111,0.49457732015451183,-0.6460864025197198,110.91679321365962,14.944009261448661,108.16620442069384,5.190600896532398,703,478
-0.5477459733023423,0.3875538353366401,0.5487380036007885,0.3171264984348246,107.11863579457598,22.240237645194256,102.20553397235985,19.44629350583403,703,478
-0.5625228157918769,0.4243663461064754,0.550863006759201,0.32185374148974455,105.4140185298419,25.289801228450663,102.17378800207604,24.449861443862634,703,478
-0.5497578191466896,0.44065330607549114,0.5495208882259786,0.3820675270838849,107.74029838102872,25.70635641717439,102.69052365002881,24.885377170260544,703,478
-0.5475145123669081,0.4617755237640967,0.5464032439943686,0.3950876537328292,105.60129423681614,26.051682425291727,104.29790956013362,27.69429671097537,703,478
-0.5378612077608964,0.4548674338890589,0.5494478546277238,0.41997732541018357,106.01580617453641,26.707444841836917,104.9148944460477,26.47513883162321,766,478
-0.5441285039059552,0.4595647289097378,0.5445361589142247,0.4150101400698283,106.29313380143364,27.650024332884346,104.50168357414593,27.852515380128324,766,478
-0.5318747023170557,0.43392164943119016,0.5451738142970146,0.4088412550910537,106.44813336249781,27.210966361758857,104.95189654443618,27.37387829495604,766,478
-0.5413960040695762,0.45366123692880234,0.5485884590142065,0.4154192978183677,106.25253923633,28.471707639328628,105.54924754361103,28.027924193128705,766,478
-0.5328912670624972,0.45646047310063237,0.5498618340319781,0.40712239118858207,106.45338071971334,28.176527726009674,105.40263517931913,27.12008877815389,766,478
-0.5432489542819521,0.4527596213278423,0.5500723079647794,0.4107936307367408,105.73560666561812,28.529685187909095,105.62215577259519,27.92967220752446,766,478
-0.5277478147741899,0.45371735958767867,0.5485588874616827,0.4018019030757917,106.62381415713325,28.3954018410266,105.84325171971084,26.342986132161816,766,478
-0.5387824409817836,0.45764721026391425,0.5472066164205179,0.3948019756094452,105.58941866735552,28.935189650194715,105.82185249415862,27.618462037506184,766,478
-0.5328080066043281,0.45889262862537983,0.5500289272116666,0.40448577087122173,106.27595468451752,29.00647858130019,106.14502710639478,27.595271829308626,766,478
-0.5310452150516078,0.46271312643075946,0.5494956991549305,0.4085639440016647,106.38942094701834,28.563585293925804,105.69675134426242,26.764899828320175,766,478
-0.5354339517034572,0.46201531185043343,0.5447005856042443,0.39910468828221574,105.642424584918,28.969126619124996,105.78199471075263,27.61039305378379,766,478
-0.527885051191797,0.46471070548240867,0.5475332216012591,0.39229390385019236,106.03395473626786,28.448145195121736,106.09711959209,27.585160466610844,766,478
-0.5296469301528952,0.45892418007668356,0.5484200927822699,0.40422489863448297,106.36487720643237,28.228233536642172,106.19869990360627,27.277380777495626,766,478
-0.5389454057912357,0.45772337160537946,0.5451465797357032,0.40465669166664636,106.18145874141356,29.207149443061525,106.00068625226308,27.729651970116688,766,478
-0.5382591611466491,0.45819176021491825,0.5458359806286813,0.4036899149456855,106.52487490409314,29.102971179910497,105.87204697727701,27.317356772892555,766,478
-0.5453017859872712,0.4401235756351137,0.5486330947794483,0.41065196077807187,107.07829947749268,28.805125792648592,106.17478239095405,28.47714460776241,766,478
-0.5518922732132507,0.42702998462609465,0.548054877320677,0.41062579242821345,108.2807889329169,28.690410587727467,105.63321625831871,27.47877905928324,828,478
-0.548418645336261,0.4352554218453606,0.5489192193321615,0.4072861584823069,106.8248989820877,28.269496135026362,106.58936182079694,28.652892813391645,828,478
-0.5480837815841592,0.43460210332450827,0.5468393233438844,0.4061540148727106,107.06107031610222,28.285775304986174,105.3831304927356,27.631544967584325,828,478
-0.5489184741011407,0.43219266247165006,0.5453921514634376,0.40472378702298484,107.11926529459387,28.027909258799156,105.66108090946243,27.915124695155157,828,478
-0.5463753789342858,0.4488305539696454,0.5411673582520745,0.40278234227296816,105.77663817075198,28.082824599068445,105.05007285320376,27.737707643451863,828,478
-0.5460765852284077,0.4503355689637788,0.5422425803621027,0.4029944267381658,105.79689768972466,28.067591707031028,105.49497055924586,28.286661301715103,828,478
-0.5456482339340104,0.4492359213858411,0.5409806347714551,0.3970042697751617,105.98586724049078,28.23918146936796,105.47176385860901,27.57275807574132,828,478
-0.5451719144797907,0.4447591953080071,0.5405999503825663,0.3856856923585161,105.67836559787696,28.212239013328233,105.9001973232576,27.70595897388458,828,478
-0.5345532250267618,0.45814532493937377,0.5424347040878156,0.39789084893134374,106.6109574154492,29.663596580688072,105.56478154157229,27.395320254524034,828,478
-0.5394233733331227,0.45353097375305546,0.5402575080102343,0.3930403674988519,106.81495712920808,29.575358292249984,106.40707424110644,27.745851275934456,828,478
-0.5347782267799356,0.45771275317302546,0.5415874975219767,0.3977426928485108,107.1084773983921,29.62890510483082,106.28523005681781,27.478517291978257,828,478
-0.5365690704945477,0.45679500527115713,0.5438821428084413,0.40126298218466505,107.0772099243241,29.469156099006607,106.30330127518008,27.71022306085542,828,478
-0.540988131123489,0.4423456014223443,0.5401229314678985,0.40117797969980035,108.0361832630594,29.10253915214654,106.03101568818188,27.91506475770285,828,478
-0.5430662435320636,0.4323348045835236,0.5401816109119395,0.4050801451515346,108.9639667432498,29.146583137391758,105.93772107324202,28.45058102557544,828,478
-0.5441274813752255,0.42742359718810574,0.5412644365894546,0.4029354809819115,108.98869012311987,29.00104833787698,105.49067454843899,27.45173928778121,828,478
-0.5431116690258897,0.45764888073092824,0.5444365716132481,0.3834790680777314,106.06260064875238,28.058629874581918,106.27282119083267,27.323514488080647,828,478
-0.5368116870352214,0.4667655239690621,0.5461924296991243,0.38894014197745974,106.445857439593,29.09963515710791,106.375166645913,27.052578947345413,890,478
-0.5339304038366774,0.46615145219700577,0.5470504787046927,0.39016248098566075,106.69888012406723,29.26363488091455,106.7700091096283,27.1648243864772,890,478
-0.5313169752793129,0.4712484673005338,0.5423410490953869,0.40041005919779216,107.15661357833893,28.954769579155784,106.70728749937693,27.65960567382876,890,478
-0.5266785365721843,0.44754329029926365,0.545219145398713,0.390521636503869,107.80645597522374,28.027817344782807,107.00122959705818,27.02313571422852,890,478
-0.5369166778231566,0.462079816766792,0.5421405798136805,0.3964794303815971,107.17765636320934,29.082661495162643,106.18840972998699,27.492357177971446,890,478
-0.5357101301163167,0.46022125710584555,0.5450626515241589,0.39882045516566056,106.85379518590035,29.057577381810425,105.89775130849151,26.76653500917717,890,478
-0.5342502832201527,0.4670257387042509,0.5395414794668719,0.38621558374444204,106.4227142027142,28.753028405809037,106.40299387561079,27.30775847701071,890,478
-0.5372964716045168,0.4651822895814817,0.5429825409115084,0.3991382462272834,107.50157990333813,28.852165525330275,106.89378342155942,28.153681922574084,890,478
-0.5409811925953758,0.4367718135206079,0.5394994909861682,0.4074708108731042,107.4342475758134,28.190067347610892,106.52412516397418,26.833385139652385,890,478
-0.5407770309808158,0.4733203056568951,0.5427794721720702,0.39082160694020696,106.99865563589995,28.84720392794916,107.38033949755504,28.175967573404986,890,478
-0.5434264281875454,0.45241876456737845,0.5290876501860412,0.4224584029918218,108.78086874327995,28.135845867721983,107.06477877864135,28.13233046091492,890,478
-0.5355612443036117,0.46841724431616016,0.5411267146083949,0.39694802714537647,107.4422843978764,28.812598227820494,106.55782433901682,26.93512072531647,890,478
-0.5352671980887188,0.4626804404710855,0.5393608843030767,0.38973425995482014,107.74279601986018,28.68316853579086,107.46959752311254,27.494953672145055,890,478
-0.5394460555978101,0.4474758491253516,0.5349521136537785,0.4120336323649138,108.74565481023305,28.22150263889657,106.93118599745478,27.36754753887544,890,478
-0.5415740025616982,0.46053832276667594,0.5402496007779359,0.3981808500319172,107.45210023433272,28.415002029876945,106.6977792009165,26.86288094997082,952,478
-0.5439871681067071,0.45828447937119765,0.538277913649031,0.3876076738658869,107.3506376777449,28.52904190034308,106.74418710692639,27.198223496653227,952,478
-0.5520271067549675,0.44216921551246663,0.5377524907894348,0.3983596991239611,106.8109430436474,28.235691145985935,106.7154755008252,27.973745552422574,952,478
-0.5522981727793824,0.43006373564511163,0.5359342264400502,0.416163816109588,107.7678335781052,28.149590860177607,105.59345827261724,27.131826756855535,952,478
-0.547572977358467,0.4494427115010712,0.5395461488748207,0.40267837217341385,106.54168531250181,28.052309097653545,106.33674441429172,27.497243002676846,952,478
-0.5419098487240762,0.4544878685234553,0.5407528608501444,0.38856200595218027,106.65661699134078,28.364117129394717,106.37922790779909,26.30009159464342,952,478
-0.5471616607347677,0.45579264572187156,0.5384782104066201,0.4044291427641711,106.35541834597062,28.612276071675865,106.31088249006743,27.615371062564027,952,478
-0.546102118086841,0.4456096672382638,0.5406546308539648,0.40199899972445874,106.89496791259417,28.417412077738984,105.5569516646629,26.67883849855197,952,478
-0.5515277252116164,0.45393532816746673,0.5446272421002037,0.39816787984477037,106.00130375319786,28.083396753430588,106.16312192746966,27.37043934452583,952,478
-0.5511836535652584,0.443641651037413,0.5370570340453397,0.4062824028347854,106.96432140590049,28.623133774793462,105.51056602604112,26.921698434442117,952,478
-0.5505197769699296,0.44195463427882875,0.5373652639344667,0.4079098764097447,107.46198214216348,28.545080531318238,105.15657757945617,26.65442317421863,952,478
-0.546894583634564,0.45472377652966023,0.5353019331929,0.3942113192641079,106.23095451114438,28.647254961066597,104.79077357283197,27.318718713188854,952,478
-0.5445294705386413,0.44743897828062795,0.525954672761184,0.41001726669297067,108.05517231388778,27.665037384467173,105.77123374859515,27.617373060164308,952,478
-0.5520634778419815,0.42925145980261015,0.528693668018355,0.4233048029255616,107.55089965043788,28.401413198391566,104.87801296629841,27.644345929085475,952,478
-0.5419748659594072,0.4411694366708619,0.5302338483894476,0.39925768344641543,107.57195563105228,28.014561985016105,104.81747669762238,27.043079532987242,952,478
-0.546970865208881,0.4439059382726127,0.5245416966351425,0.4041721746946013,107.06612287906519,28.453101669706328,106.72812670614701,28.175406553569346,952,478
-0.543769002457469,0.4253754918411092,0.529298029003845,0.4027517260387005,107.65646553276702,26.474209423401028,104.64172296103789,27.227231769580037,1014,478
-0.5453002858748143,0.44099948012480505,0.525189933663769,0.4027998564538509,106.36493892709838,27.448336203081052,105.68533710442394,26.907387059339232,1014,478
-0.552602207488001,0.4471081712736658,0.5220757708428495,0.42206577351265134,108.43181888101127,27.396833586624744,106.7032983280174,27.701554060267814,1014,478
-0.5488855675477051,0.44918515382000745,0.5262899524664485,0.4089039696908218,107.80288506814036,27.50704615806296,105.75451632097044,27.30497690579718,1014,478
-0.5412127249011153,0.45390437143038237,0.5295175321514408,0.3989479656796493,107.43829548145604,26.780703841972514,105.788318625792,26.732324221275803,1014,478
-0.5484445414394743,0.4544293014585695,0.5196049813796222,0.4193647689038131,107.28142091460603,27.482984121917166,106.3704479454227,27.635751098545434,1014,478
-0.5516309293716664,0.44601207845189933,0.524487041395232,0.4154149148949585,108.59722153525921,27.612100883270706,106.37377040835761,27.81080994308496,1014,478
-0.5480556872177643,0.45799878708995023,0.5263191648543339,0.4040406152338129,107.37267769955123,28.20149960469414,105.2322352784337,26.814561119637894,1014,478
-0.5469833324089488,0.4636964710970495,0.5233168803839253,0.4057230564925984,107.81363862855584,28.08139766934154,106.0410811282121,27.06194438119454,1014,478
-0.545798932891187,0.42889315108780324,0.5205853822768544,0.4052109351604923,108.74047157846267,26.72626008282979,106.01756120305679,26.287216028511324,1014,478
-0.5367442267763834,0.4752709533327454,0.5319851123345827,0.3963568468280334,106.7085887585799,26.87104481898364,106.75098030799693,25.924653685820964,1014,478
-0.5476119125912076,0.4673366503554346,0.5165814510013009,0.4018424290680853,106.95771628292101,27.60921627446864,106.49590514229094,27.70150356299174,1014,478
-0.5567062489494151,0.43359327724363605,0.5208958228869252,0.42181574760180324,109.44536197704622,27.005760151239198,105.73863184436439,28.20586581436885,1014,478
-0.572518127226027,0.4295989034846377,0.5179096747959917,0.41958243436037074,107.10201384883172,27.11180795416977,104.50874667428953,26.29278336708057,1014,478
-0.5684662764398989,0.4319126466070586,0.5102531741571755,0.4223578880379459,106.06121661538458,27.013966086559115,103.90610003744327,26.915907728155513,1014,478
-0.5720385179819228,0.42498589340291654,0.5059830744786926,0.4094629281443498,106.67285983631358,26.986064178288267,104.88069366675163,27.399919222719227,1014,478
-0.5707861416096063,0.4413464576905682,0.5219182611457167,0.41887844026536974,107.28043940792732,27.024923680586745,104.82653734731713,26.01117223815391,1076,478
-0.5652304043076217,0.4432344358758765,0.5175795854018362,0.4010761075332205,105.3860742028645,27.330990335358,105.15713253322734,26.969262146023944,1076,478
-0.5614423435216941,0.44398827149776515,0.5144319009870437,0.42195568753646706,107.67152794583068,26.614305798527276,106.32935285633287,27.149653566429162,1076,478
-0.5677414471955442,0.4404651663098318,0.5170340173703092,0.42488861693118873,107.48860110390203,26.71917978920151,105.3924868070419,27.03193699911247,1076,478
-0.5673502402630557,0.4641475857846481,0.5143735693443653,0.4112749521867991,105.76204188302725,27.15413994515737,104.18485415384306,26.9163839058908,1076,478
-0.5650747819343629,0.4472512445463706,0.5124553906252353,0.4153176509377859,107.42190295315875,26.38890518017965,105.56256890362441,27.467029640903867,1076,478
-0.5764669146267489,0.446066972701862,0.5084137336510692,0.4258117316315694,107.66600107719681,27.1424293446008,104.60661788221843,27.37939652763576,1076,478
-0.5742040488358557,0.4495670342822654,0.5025015247464277,0.41182699692319213,107.15118078746146,26.713324189380792,104.47524524075882,27.32547632524809,1076,478
-0.5714779338702307,0.46180748392124477,0.5085629225585238,0.4171461586937046,106.74395664374073,27.113870967207106,105.14052647858878,26.567327218830272,1076,478
-0.5752843784767646,0.45008233702918315,0.5020361166662782,0.4172862155346065,105.80382985192526,27.67519022044432,105.40253288405057,27.657708740440295,1076,478
-0.5746015761840042,0.44962295436705135,0.5096469374801558,0.4294079612045007,107.5958768640997,27.15426177158806,105.44278814050209,26.879058787149397,1076,478
-0.5726435824860857,0.4512855399509349,0.5079777657817259,0.41755669950635077,107.61663702744353,26.91771251094013,104.97935647441781,26.47260244389056,1076,478
-0.5766169867094584,0.4615007307796806,0.5041624110124516,0.4072341905255765,105.58768983816518,27.01026115258399,104.40822489496955,27.14520659405191,1076,478
-0.5762699694932935,0.4598798700273264,0.5076939561716908,0.4095438909544678,106.61681250765714,27.222341191803174,105.56595943962003,28.005626983521736,1076,478
-0.5733042197974886,0.4472613942874986,0.5102889888717138,0.42350002488754046,107.18392009144341,26.9566742840697,105.29486868128716,25.9971209294494,1076,478
-0.5729734915173542,0.46417202255172185,0.5140571791494787,0.4070056769247091,105.43651935355135,27.21789165111411,105.3066590638214,27.06539165345656,1139,478
-0.5695939543941345,0.4461525662709898,0.5096493040081315,0.4105318797814286,106.14166243260887,27.300263898081127,105.93338579721095,26.56164665860965,1139,478
-0.5754228311090726,0.4439482605726325,0.5136550361560269,0.4115026147329858,106.91388591480371,27.900689761615922,105.99934575893376,27.827738448805395,1139,478
-0.5715209256656155,0.44585937026055894,0.5133362520635647,0.4058822846640069,107.49783731403589,27.448158161561047,105.02740667241974,26.49051759436048,1139,478
-0.575245402555253,0.4533025152991911,0.5096800985755808,0.4096107010899091,106.07579145803182,27.603132577439204,105.45905484625447,27.39663488449018,1139,478
-0.574805689266382,0.4455541395663658,0.5101749470670183,0.41756175917355,106.18023113852728,27.87598053543318,105.25133495280687,27.2720848173837,1139,478
-0.5745765066001609,0.44063518838318727,0.5093240320149819,0.41151223126513575,106.79939249097247,27.86942018070761,104.5719988781631,27.06073569774232,1139,478
-0.5733500558458048,0.44625080010128265,0.5062921620382513,0.43679839432791195,106.20150085145812,29.074192010173803,104.83972059710355,27.93752019995454,1139,478
-0.5715451072012916,0.43902190785817313,0.5021655430229445,0.4478207962513454,106.5433943999795,28.796323044813004,105.38083628631561,28.34696140051235,1139,478
-0.5703145733177173,0.4572912046608987,0.5021694644466849,0.4423907875157512,105.70264039618003,29.028664200871074,105.5746340138205,27.9775262151019,1139,478
-0.5690919825482311,0.47294289511471715,0.49720594248440647,0.44089304068101165,106.28937973619082,28.734384744066507,105.61145496972404,28.887865316967524,1139,478
-0.5659762751260883,0.46472646447635724,0.49609782006125325,0.444446330726245,106.50114029856249,28.04977214725577,106.75901278228608,29.372123990365584,1139,478
-0.567176897198483,0.4549791216342653,0.4909168098693399,0.44566529911339464,107.23260245038557,28.087023633726215,106.13454721843787,29.524194373332854,1139,478
-0.5713000369592398,0.4613021169108813,0.4902627708600432,0.44685979723023744,107.15158745202312,28.34116141642663,104.9745439339111,29.214062903254543,1139,478
-0.5625874920601752,0.44780917150372046,0.500811935326058,0.42500780046235503,106.60593626277377,27.476997454717075,105.1467144426954,27.460570368206813,1139,478
-0.5663196257970111,0.44642207456279015,0.4893678612655376,0.4391813555526143,106.66754585289956,27.43792982120422,106.87785928819673,29.512880452900045,1139,478
-0.562388823864694,0.44757909305820087,0.5053241900170503,0.4351001534066358,106.44834626801342,27.60661342180916,106.40140596248479,27.860442280600758,1201,478
-0.5656866612306012,0.4477372541018206,0.5021595140380806,0.42706144543695235,105.71155031753437,28.252040046696298,105.83903606858003,27.00564458305414,1201,478
-0.5697783209438095,0.4489021328822308,0.4887534750925251,0.4449474206409081,107.170023644953,27.451971117312677,106.79257845802165,29.466070895817467,1201,478
-0.5631178404263094,0.43977364039778905,0.5084334758033302,0.42831945381936704,107.59015813481119,27.778811772755706,105.7817781301083,27.263732543987704,1201,478
-0.5627372154869544,0.44011430445179034,0.49559123028751095,0.419979842562909,104.57564970781759,28.238958371452153,105.48078594469975,27.256536734998708,1201,478
-0.5709486222738067,0.4409997591014576,0.4904959325920247,0.4377284349499446,107.28348321369415,27.689170392562684,106.19715289002401,28.330669762391924,1201,478
-0.5689023593428526,0.4433422673735152,0.49376313951676953,0.43337239359027696,106.56509420075753,27.63637622002535,105.97677086004097,27.10701449564941,1201,478
-0.5689476745367474,0.4388914731411631,0.4906005400777873,0.4317093059970522,106.62690670917948,27.744883731888862,106.18267352351344,27.76181192286598,1201,478
-0.5693853512463526,0.4458433251996161,0.4903676298806954,0.43125231827619653,107.29584410810214,27.57764847500855,106.00953123837401,28.256057103845986,1201,478
-0.570324478901363,0.4394567219994751,0.49184530524048475,0.44228730676882094,107.13892981218751,27.72032974495429,105.68126910178715,26.83455208913371,1201,478
-0.5695549262220411,0.444080162014705,0.4887532449353819,0.42852032267210766,107.50029330952776,28.16796799882111,105.94875697231647,28.34651893489635,1201,478
-0.5691005573642917,0.4418904574326767,0.488182355276283,0.4410674387910636,107.62111115852755,27.75077378965965,105.25428657367382,26.659635236639257,1201,478
-0.570053150122548,0.4476978424482191,0.48250910592835566,0.43268566845277606,107.54084426446202,28.506441505616063,105.9783542046797,29.02624417688588,1201,478
-0.5696838698166279,0.43406298116870184,0.4859829248494682,0.43886121642024173,107.6134671898623,28.011546381708705,104.63964503539566,26.89824152127297,1201,478
-0.574392872185344,0.4335785699539304,0.48689159838627494,0.4325704997739718,107.57709286197937,28.47681714922973,106.86460611414539,29.447082878775692,1201,478
-0.5702525290437599,0.43452638764357837,0.48625715532117836,0.41409700602917904,107.21616510700098,28.193372642798685,106.10876377912213,26.822802255683765,1263,478
-0.5799496235028524,0.4363225034616055,0.4814764421467827,0.433636718764689,107.1279770487671,28.945413307849282,105.78304673810611,30.328019514282524,1263,478
-0.5714406980287654,0.4389618373524891,0.48419031452666283,0.43286426249499177,107.54557309340409,27.771232461069264,104.89847352644603,26.931824884553198,1263,478
-0.5738194917303788,0.44428884166928617,0.48542886192797036,0.436104094873557,107.52234553329625,28.321216308426667,105.71882669427552,29.165381812498136,1263,478
-0.5697358401263631,0.4380670257028147,0.4914189440899273,0.4220154963941867,107.29451713410462,27.61209257012398,106.42408782808444,27.384831486938708,1263,478
-0.5718241787245498,0.44643197534496315,0.4896771967237567,0.4380407285164959,107.73462376802219,28.100471622858983,105.32116306878243,27.859020943679162,1263,478
-0.5749244613456943,0.4357852265493524,0.49310050971540625,0.4107330559670223,105.51803899838148,27.093272855193266,105.83441521785342,27.225384602057204,1263,478
-0.5699242320967874,0.44124149336204194,0.48384933198830493,0.44037886855609554,107.75703484473799,28.074762539634847,105.74960915274919,28.079032839701433,1263,478
-0.5697874405509572,0.43114909931120243,0.49227481173175874,0.4333603958179296,107.04850226495373,27.4216334351815,105.50211775724577,27.385244854279726,1263,478
-0.5664793656408585,0.43450740808458893,0.48779053345178913,0.4371362387959072,108.12222279168083,27.714888903930714,105.81157368292642,27.299347631818797,1263,478
-0.5688800310644788,0.42490587712586453,0.49502269174003105,0.42989955307931094,106.82918693191341,27.12658659566514,105.7683835763661,27.190477616304822,1263,478
-0.5675937353826347,0.4266692263060274,0.49613850510477636,0.4367011178442663,108.06741285524265,28.046450892063167,105.99806533577032,27.347332655375805,1263,478
-0.5653933628109494,0.4276404826238444,0.49603995523204863,0.425239214046743,108.51358955956145,27.60943573381386,105.66752369006872,27.337237836780414,1263,478
-0.5669386529705943,0.42530271217318655,0.49105543636886073,0.4346686013630049,108.48356247719711,27.70110793436187,105.89180961686277,27.741783354704697,1263,478
-0.566288172366107,0.4254183688455396,0.49236830541089355,0.4321048270851434,108.18419088359136,27.63365543455658,106.18750794418702,27.651335549062832,1263,478
-0.568114532309172,0.4262994961971017,0.4868920173914276,0.4340676094118808,108.47184520985105,27.744455529287592,106.26679793323792,28.508948615751386,1263,478
-0.5669893395633034,0.42432067055607803,0.49343968697618457,0.43453774804049916,107.93636554588151,27.610476394298985,106.04183266837057,27.3916351897941,1325,478
-0.5681563551121704,0.42986936932691644,0.48593319532314827,0.4340344005043284,108.19687154815571,27.693600685368324,106.16631552443974,28.680503533132708,1325,478
-0.5660077998304268,0.43271578153506784,0.49114018790189234,0.43360868700820027,107.4280104905393,27.91160986124886,105.88239125031153,28.11156060889863,1325,478
-0.5695615129293549,0.42895576270067526,0.48244290635861814,0.4349436154598796,107.31630600441336,28.106746727697658,105.96110996406942,28.41926497035712,1325,478
-0.5675870329375827,0.43414888707275207,0.48973005030263717,0.43203468293030095,106.70075004047092,27.587870843614162,106.30855169788448,27.695160863623904,1325,478
-0.5667546739878373,0.427668038433119,0.48941306679048097,0.44182546459301136,106.25027203330272,27.16075996507167,106.91872907861006,28.706408548762443,1325,478
-0.5651409959162393,0.4300733018580088,0.49159791094708233,0.4295015259578428,105.95131871433021,27.117226179987735,106.5711134081477,28.254782728896753,1325,478
-0.5656192740181267,0.429320567619952,0.48904018429601825,0.4337670560356952,106.47883009504737,26.985591000537536,106.52263526589108,28.557195894117466,1325,478
-0.5655064103769512,0.43366034425302125,0.4899866743787688,0.43317181536475613,106.59620634983385,26.92513645701183,105.82429277668452,28.399679945958148,1325,478
-0.5667984683684822,0.44348235806310576,0.48551767476417057,0.44188127041248115,106.7585421140887,27.102626015843473,106.32246724658968,28.60037052839415,1325,478
-0.569648692350473,0.43776386543758367,0.49723029178061495,0.42169704352360965,105.91770841302481,26.973608533612975,106.35728473283828,27.652961035032952,1325,478
-0.5729507278447403,0.42879101817136406,0.49594910105914547,0.4123160136980766,104.32286604272615,26.932444708703102,106.04893003873754,27.01110511593296,1325,478
-0.5703350571907527,0.4328137857868943,0.48817070033270504,0.4347584192423026,105.68620272997097,27.490180250905773,106.2751550528512,27.900405561787128,1325,478
-0.5683156418819452,0.4294464133197771,0.49037468364382675,0.43475938649332857,105.79563252222691,27.300412779086656,106.06518308927409,27.7632345156968,1325,478
-0.5722209251215629,0.4324948778541556,0.49050435792264363,0.42447408571930323,105.65778368506611,27.636965574175306,105.96948201837142,27.564858710585884,1325,478
-0.5709802627925188,0.4329901299401671,0.4855959429638631,0.4412965572095166,106.19442065534929,27.585878659105166,106.29731740856867,28.24397244101499,1387,478
-0.5722421282764766,0.4322723520460009,0.4945160210164351,0.42043756473663835,105.74706265788834,27.513741510118358,105.28084503346153,27.19639427005592,1387,478
-0.5746451045513326,0.4389600859677864,0.48538190986144447,0.4397048002820135,107.16492993748808,27.608123031800204,106.53563937249885,28.687037699225318,1387,478
-0.5724144862396231,0.4315562192617129,0.4917469509386839,0.42790261098601406,106.58620199197104,27.905311622433675,105.14387076065942,27.216877628999434,1387,478
-0.5748451057410476,0.44591830242503,0.4813350808923704,0.434249507780603,107.94985073305794,28.144823719555,106.43275814529744,29.316031129025383,1387,478
-0.5767358462836509,0.45152598362468827,0.4871890659570482,0.44011457468573467,106.98052713364689,28.275735047869162,104.89290495716277,26.76313502105461,1387,478
-0.57788227702872,0.4535569369344917,0.4735724624699618,0.42268286680826456,107.57063281308398,28.225195062592018,105.3869786080421,28.22201843966628,1387,478
-0.5759583661404025,0.44771845279953404,0.4827174262963564,0.40894625949024316,107.5210405176568,28.569255171984718,104.67184605488141,26.284957419084737,1387,478
-0.5725442966900463,0.4434484813991801,0.47205977563231655,0.4280910970800705,108.83078925612564,28.904737383693003,105.70771474985585,27.91555338840802,1387,478
-0.5690001686616932,0.4293924431440123,0.48385316275681667,0.41408308974106645,106.9669289118061,28.352060393424814,106.31571019162136,26.63031248616843,1387,478
-0.5725428446483481,0.43689179645415244,0.4832835069320963,0.4150008825088482,107.75849930487605,28.372987596601437,105.59731276615015,27.290843471078578,1387,478
-0.577923509371808,0.43887925729637944,0.48950015758351717,0.40903887097218994,105.35403527308738,28.252714623951977,104.96040682558176,26.237458839960286,1387,478
-0.5718600180516562,0.4448429595153986,0.47610275993966344,0.4227270827322769,108.44490366141987,28.38216987398858,105.34873230087182,27.822528546267417,1387,478
-0.57227711235657,0.4354447588082853,0.482627449414681,0.41339821609135646,107.6646543365206,28.376061764009346,104.57635666868195,26.881533964680422,1387,478
-0.5748817688696094,0.44285281088270323,0.47219865819302287,0.4255726858170143,108.82802528889069,28.503466827613437,105.13762088151765,28.360735383539314,1450,478
-0.5706552057983247,0.4325293307355587,0.482894648170233,0.40969830753735653,108.06270623896403,28.363432180392063,104.8988597272019,26.927106722947904,1450,478
-0.5707414122828196,0.4304393012502673,0.4768048761582273,0.40459833005823964,108.21661943232115,28.55499158310054,104.61420241864401,27.140832160049932,1450,478
-0.5741706430579719,0.4381543461233227,0.48543874163251205,0.3892607539382133,105.97109106431583,27.92540304433445,104.46556367619331,26.092966057233948,1450,478
-0.5738492902911253,0.43750477401924237,0.4725421827342264,0.39932406382610824,108.13149522539808,28.22759071324509,104.65626159523308,27.625853750180337,1450,478
-0.5762098582572834,0.43614678595920486,0.48243897209210596,0.40481425924739967,106.17500534070169,27.784286392446464,104.5465225908447,26.744710399325935,1450,478
-0.5778033106612891,0.435992926261505,0.4694740218292445,0.40301355720190285,107.58295737226955,28.094405178857798,104.95434470662282,27.182229006675357,1450,478
-0.575372420907047,0.4315261898361257,0.4761343827657301,0.4017455988595687,106.988491805045,27.71556335808956,104.10415150034905,26.29620458926802,1450,478
-0.5757770213783907,0.44076119696069604,0.47532888566551595,0.4216795288614253,107.59286796352632,28.449302453938774,105.83299789701967,27.79837201311446,1450,478
-0.5765631351709956,0.4374803952877819,0.47281891550400124,0.39749160159885,107.14853779678715,27.98652173677075,104.14892903916086,26.435600860086602,1450,478
-0.5764772320592801,0.43012707049203697,0.4758660671085641,0.4204018422370009,107.430815873384,28.15637113597521,105.48674646291735,27.936756063836448,1450,478
-0.5748749984301315,0.42941053451827504,0.487742817228389,0.41042697069005696,106.55870360964673,27.65753125542091,104.27310803193524,26.516991232778032,1450,478
-0.5777831622310093,0.4370404542566986,0.47751390186396475,0.4301853898044885,108.66103511405284,28.46423235398866,105.74032969489672,28.743782362417,1450,478
-0.5762649731344931,0.4347133061600175,0.4824987358590035,0.4062904331015252,108.0866137017124,27.951279391224407,103.55945898070729,26.476105881387156,1450,478
-0.5558813801302191,0.4265374120532284,0.5237176388253523,0.39213182973927074,105.55217383586772,25.659112625952627,106.6414893280383,25.56358370570332,20,936
-0.4901525321657665,0.45251186571902446,0.5810433950847962,0.3916891479540094,105.99593112818496,25.89761676904299,106.6393492512407,24.831383420408777,20,936
-0.47599124246091074,0.4527238595767809,0.60059827534079,0.4026809714993901,105.90631928150943,26.40135688089031,107.23865065424413,24.573046430618565,20,936
-0.4748328947428067,0.46427673347234655,0.5938428397665064,0.41023540289650073,107.14379161972822,26.70192870408704,107.31193659917679,25.05545003738218,20,936
-0.482607272021791,0.47761613720319857,0.6008116073465294,0.4004912588449401,105.88233839234218,26.845039939610214,108.61772353352815,26.964765428965055,20,936
-0.45489877916359245,0.4611593243276671,0.6048709649128017,0.436247143687696,108.7279689513675,25.993246779568768,106.17444650206245,25.69522028868953,20,936
-0.45731655823112255,0.47309411041590194,0.6021936385331519,0.450947652996553,106.850990065328,26.4286429799912,105.81848885088684,24.902687165380875,20,936
-0.46687546020779147,0.4599477734999182,0.606849983043686,0.43319295872522134,106.76239397783885,26.492364123341485,106.29229761264205,25.140954348526844,20,936
-0.46098669063958414,0.4491053715495918,0.6053113090794299,0.415008433245472,111.16828722099689,26.61679870638439,106.01874764478764,24.56331319488876,82,936
-0.4614480037816719,0.4302318247781438,0.6028571329089042,0.4240377618933355,110.01454290602321,26.20874232873409,104.39428167273336,24.795067106081152,82,936
-0.460001469459593,0.4231758622508581,0.6061950235450989,0.43731531042657606,109.21858022863148,26.110284175668184,104.903085212672,24.857447857568776,82,936
-0.4631710335544093,0.44651120913808395,0.6056547343823594,0.4255162815350237,110.3270054264337,25.86778779475435,105.56522933452929,25.381664660251573,82,936
-0.4537606272080259,0.46205500011695394,0.6117426994735965,0.45647770619047856,111.0893272279501,27.326018385579296,104.72268698674267,26.39958450923755,82,936
-0.45211521446394876,0.48857246736040155,0.6012494338876218,0.445624390930539,110.9332068511681,26.616171663545515,104.86604726197153,25.819591698404068,82,936
-0.4592046442179965,0.47700089683220437,0.5923344924980295,0.42770111374600794,109.6600563595821,26.09099574881386,104.50998525937739,25.026995632986548,82,936
-0.45507901582411686,0.47828378171665736,0.5875490179415058,0.42512894966298825,108.70603049986158,25.841063655136534,104.54644777542956,24.555626470373948,82,936
-0.45080075402846953,0.4709394770857148,0.5921222474065949,0.4108342833453346,109.59019646529609,25.23732870439304,104.2407232849498,23.87400323665399,144,936
-0.47715263625359006,0.47539579809002525,0.5928853230710166,0.4341708823854729,110.47127160745433,27.714629430585735,103.02099452173653,26.397523809798507,144,936
-0.46021049550092047,0.4704968988048106,0.5947777318232705,0.42126469915607023,111.86294877138982,25.236851484791316,104.45683782371218,25.558977788855138,144,936
-0.4787443487932439,0.4761006401777746,0.6041200386458664,0.43639739189495375,110.02258612135114,27.915758408255947,102.9369584168494,25.599785205531884,144,936
-0.45714694028910835,0.468482760140577,0.5972413028263283,0.4338703819336929,112.18939949158214,25.704534827144396,104.48200779765887,24.952737826307203,144,936
-0.4565815824622417,0.45931138472805594,0.5982273689309731,0.42037338575115935,112.31791509372687,25.88899975692099,103.45697315266264,25.650994067407574,144,936
-0.4517160887510897,0.4346254208653042,0.5953337625991503,0.41080795168490414,110.67033201597997,24.694924061130713,104.01441671480838,25.84194378186457,144,936
-0.45512040256301006,0.46321886672509355,0.5918840512243826,0.4121712909374048,111.28396309213322,26.205643406480373,103.22079416552502,25.68009422372142,144,936
-0.4514725040295939,0.47066824493267995,0.5905616010856599,0.4041829663598765,110.96882405154298,25.93325741005889,103.88194238413277,25.177248965888545,144,936
-0.45819391155304845,0.458249067908756,0.5933059090358312,0.41464150364863583,112.23588752888173,26.11463710875215,103.76291144408137,25.435819041657055,206,936
-0.46615644901257225,0.47023098955066217,0.5965726941974963,0.4209651418898356,110.4902386608372,26.67881706131544,103.42970642672408,26.13516210928015,206,936
-0.4571473432084795,0.4517165390305992,0.5950428115449561,0.401203834490884,108.51898393080326,24.97858050167214,103.57273406336851,24.97302591997591,206,936
-0.4583861050218476,0.4565810341913913,0.5926212262512066,0.41321454155621734,109.95049745461927,25.599981595343504,103.6902631585333,25.282656216107608,206,936
-0.45982639967637456,0.428219254016897,0.602491734144027,0.4197851584501622,110.28404930572734,24.61864026644147,103.78670523651513,25.368434911662,206,936
-0.46355140589912663,0.4582741385511611,0.5954516030838765,0.4218340012522759,110.26289136456522,26.1345596550837,103.89504556734315,25.930712142761827,206,936
-0.46160052996306594,0.4351802752162585,0.5981964811324653,0.403834120792088,109.56019445490821,24.701602103137482,104.4997888093254,25.05999711391541,206,936
-0.46094847854668275,0.44636672883599643,0.5942556519279408,0.3954649772522868,109.6162401419326,25.492691592723173,104.37316868038852,24.76781918325892,206,936
-0.45486243068560034,0.449141391298296,0.595290542215098,0.3970155383289624,109.26475450790366,24.894338784570934,105.23714164305837,24.97250996531443,206,936
-0.4612870895648296,0.4410061638489161,0.5975628293067469,0.3977724389463245,110.41500809997139,25.392391529794526,104.49779869438005,25.419393256758568,206,936
-0.46324256513852347,0.44459082926844484,0.5996407572872533,0.4021223713052661,108.96728958417182,24.428514354678068,104.97561074549591,25.368376967061447,206,936
-0.4597838233763678,0.4385836999871809,0.5960209254644439,0.39249695980993193,108.99511991230764,24.94833301307211,104.18462111216262,25.07204900472217,206,936
-0.4640913728787105,0.45634800152347965,0.5966211530074211,0.3922499201122422,108.69450780071466,24.367765491588447,104.1893331224556,24.646049252880857,206,936
-0.47042104733001805,0.4374781809039369,0.5911037428918061,0.3915189125256512,109.42606900974172,25.772268335013237,104.54501775208087,25.463682844790057,206,936
-0.47095524686577317,0.4517348858988559,0.5930468717742279,0.3866443541866413,111.44895203692647,26.118435107338144,104.49405345584208,23.505942458477154,206,936
-0.4690342042995968,0.4475132197191181,0.589840199417427,0.4011214401935589,107.70374192013908,25.49585220837991,105.0411822779282,25.868513155712808,268,936
-0.46743253089183034,0.4418912689110395,0.5894584130139832,0.39019972426606964,110.57543183069352,25.274228371766434,104.16061968260288,24.505151803221192,268,936
-0.5052575261455833,0.43767912208253396,0.5570630949863405,0.4040808234024234,106.94047200981385,24.85119927606937,104.39732872499403,24.50560145571459,268,936
-0.5037902848921058,0.4167340253295254,0.5574477209247614,0.3845069916530955,105.81048322312363,23.523813622540207,102.80242284117992,24.523078299512342,268,936
-0.5174763796766285,0.43412580671844975,0.5547273484807326,0.38731102514271715,107.25848165013853,24.457623006225045,104.47402247584964,24.26359838967083,268,936
-0.5129202214884359,0.4114878799365568,0.551926630700991,0.38642236606522645,106.20262981996753,23.55605543601826,103.4733187330486,23.968231812725307,268,936
-0.4894130158253064,0.438815391570881,0.5609659339623887,0.38684380380329997,106.82251792956033,24.27795672792257,102.46878685170871,24.788126805593357,268,936
-0.4747632609770992,0.42489533121994094,0.5632488735928437,0.3828875217084327,106.98137169587493,23.268018024118085,103.09212039879299,24.641932942582937,268,936
-0.47926274108159544,0.4413605201777834,0.5682123395373119,0.38838905985122907,107.24828769581187,23.601369594021147,103.59215866801401,24.412214931852454,268,936
-0.48379899845426616,0.4389540212326205,0.5621862914758164,0.398119145380835,107.08243250133287,24.22277440572695,103.45043561160664,25.065624478274394,268,936
-0.47900262371494695,0.4358497252652571,0.5682752992676422,0.38841428931043437,107.99699214406998,23.890327982979315,102.3848700419613,24.28566664908589,268,936
-0.4882030256746184,0.4285560696947573,0.5676468536907988,0.3909209542708597,107.05234546418913,23.70554763047737,103.67559908394794,24.750748502722406,268,936
-0.46666312596061504,0.4044468646101232,0.5722004940343566,0.38811716258813284,107.12584984522665,22.25959604935837,103.58834147972529,24.2603059339381,268,936
-0.49182415270249685,0.4523188147547125,0.5718830604512203,0.39705974386919496,107.26982869537049,24.454182080976206,102.92863697423552,24.796094640179245,268,936
-0.470142757466583,0.4336460481562291,0.5834110068512226,0.381590746385407,108.0472544094577,24.52015996481957,103.71870716420604,24.62293846622644,268,936
-0.4832461310199217,0.4536712076427682,0.5756416003209093,0.39570028352189646,107.02259318703867,24.43889299678579,103.99315356288201,25.125468184781376,330,936
-0.46699869071248773,0.419949534285134,0.5762517329725385,0.3902028069435393,107.34183858398582,24.244564948707204,104.20278461903857,25.247337730579083,330,936
-0.4865445220053079,0.4586776029817531,0.5882798683590558,0.39587312416148396,106.49828731215774,24.903623343068478,104.44302106743085,24.55024078273537,330,936
-0.46268755363115044,0.4315430038415646,0.5805846108939254,0.39091652788883335,106.98967795849018,23.865166799821278,104.22855732561223,24.81854428797094,330,936
-0.4689057195287064,0.43226221897440414,0.5806646205651638,0.3819108090871303,107.13896880345492,23.672665812595714,103.08745453207936,24.574660024103906,330,936
-0.4660757759367966,0.4389040443716168,0.5765987090197101,0.3956120856310902,107.69754560120114,23.67450230089875,102.98375889559857,24.604515779334935,330,936
-0.47973739444226504,0.44256798975819556,0.5834513101829495,0.3861413956441766,107.71862984696507,23.897556337623687,103.88571908789952,24.660340880536822,330,936
-0.48497290251295166,0.45977288229745683,0.5758285746796493,0.3888651160018,107.62436466499568,25.11171747256748,104.17740567970336,23.866173023406166,330,936
-0.4928667990023472,0.4281709175987776,0.5797320020232994,0.38428294464159946,107.65171604773475,24.91293689058671,104.01368887082863,24.58729525637785,393,936
-0.4819096478939298,0.4583082729809864,0.585973483964291,0.38486670885622953,109.01994955389118,25.669663944559478,104.09204493350977,24.02597405508444,393,936
-0.47869446631813006,0.4406625734964287,0.5848974761647142,0.3909596821644715,107.38588580782198,24.849335083293596,104.87032178331866,23.968002140799825,393,936
-0.4788995559042186,0.43067495333381167,0.5820746761213371,0.40000340337910345,112.76443560863598,25.221131568064944,104.80165261093055,23.888944977480694,393,936
-0.489805026768926,0.43257191207122886,0.5836568259187075,0.41083972762008825,111.5984929732505,24.966327925779957,104.6867744869064,24.038050949167737,393,936
-0.4876047165361245,0.43451014496970125,0.5815690583307537,0.3901926758000174,110.2693060306634,25.12429796719932,105.04743621911689,23.9187694602322,393,936
-0.49122493337165013,0.4385950513308615,0.5824446682693413,0.3885643091953815,109.77558275857693,25.320045244894587,105.67486023010551,23.860461348280428,393,936
-0.4899711200022201,0.4469436781840223,0.5779607230683436,0.3914759535537076,109.83624002273366,25.40490847162515,105.43180121302287,23.72969663447982,393,936
-0.49411491486592624,0.45363723744569007,0.5791900271549009,0.3965759153134457,110.16591906162573,25.354444040777487,106.19853502554122,23.534749679019253,393,936
-0.4932964977002044,0.43716274944966255,0.5739986662733954,0.385718281091229,111.02077414484448,25.206863347731417,105.56860275657021,23.662679659402343,455,936
-0.49868310037599306,0.4444636123353365,0.5814384119521769,0.3786810370806127,109.34044813627021,25.587508428629114,105.01218954994165,23.044381988873653,455,936
-0.4918233600367393,0.44867909210229284,0.5719461815695313,0.4027979783783568,110.29248978443314,24.98598606890701,104.9874124404889,23.712178483249716,455,936
-0.4991367301765078,0.4405901975355697,0.5797703679739319,0.36509760560284105,110.04354832104379,25.49862264424674,104.46929078037697,22.673696799052923,455,936
-0.48992111213717415,0.43652717640027194,0.5699692692948521,0.38881874009484585,110.56620934146333,24.4793939370538,105.37484745272732,23.156612898039775,455,936
-0.5037250389285812,0.44033098534429443,0.5701267025859241,0.3653072242134043,109.93926756650373,25.292297865980267,105.05188237829425,23.03074012282536,455,936
-0.48716690074800895,0.428256778547768,0.5673627394034687,0.37524235983523696,109.93746037234656,23.988470987666382,105.10940922242563,22.918461276765896,455,936
-0.5011826337003729,0.4511692996380255,0.5692160953576568,0.3684983094304257,109.92166176059094,25.13486470966516,103.60973006519221,22.8915688908624,455,936
-0.5025687739528076,0.4529297804626842,0.5680432828632357,0.3700525167603603,109.53753406240472,25.349419092656333,104.48808026926481,22.19527542189014,517,936
-0.5046891411095492,0.4475827348636723,0.568629949713966,0.3752440949449546,109.10828249602987,25.076817115088293,104.2814605093099,22.732738514749272,517,936
-0.5093572979512853,0.4390675496196574,0.5697535046560804,0.36998067220399333,108.91491787690642,25.023909057734794,104.57957516863436,22.466138410972025,517,936
-0.5121508405413719,0.4274602466052807,0.5672798834881295,0.35932450148281647,109.49831622715722,25.182355273443818,105.14594362687369,22.72662196808293,517,936
-0.4982579741670679,0.4761456309887656,0.5705741396283954,0.39589030284471555,110.59834303661103,25.466612641250816,106.62221127733733,23.33908272936503,517,936
-0.497420513464518,0.46384434165956717,0.5652200986893345,0.3782163714043115,110.82584453237264,25.281965757932458,106.19079489389146,23.162900475645653,517,936
-0.5018679182773105,0.45279853755822796,0.5691301291890032,0.37173711805760246,110.17324201293992,25.138966713137954,105.99591706147322,22.777841297725303,517,936
-0.5016086752950407,0.4495180007811213,0.5622249985968933,0.3656324730762459,110.67621105410788,25.357943067202758,106.56434611193536,23.656390919297927,517,936
-0.4994866208891459,0.4588982460758097,0.5653697298948811,0.3891482834221037,110.59332708294613,25.141062495446196,106.5574051356879,23.833257071490575,517,936
-0.5052334674395906,0.4269424384043592,0.5709975250826752,0.36292461046589136,110.17232629407869,25.2041521113622,104.98266077223295,23.2145744264736,517,936
-0.5018095295826835,0.4511241108298968,0.5603774906120027,0.39707650551685786,110.06439322723072,25.280219840056784,105.04807586783652,23.497135912596214,517,936
-0.5099285694788224,0.4326626788775256,0.5648141767072145,0.36217373550024573,110.68447020168544,25.341678215786082,105.28968824444055,23.739226771477995,517,936
-0.5035675494735794,0.4341806052742269,0.5537209302884605,0.39991892291499204,110.06194142034475,24.515027570023104,105.38231609486981,24.107753115499428,517,936
-0.5145344554260229,0.42450510742394537,0.5613521853674519,0.36537843012963767,109.69222584086928,25.578753855352822,104.86547347987344,22.94274167504072,579,936
-0.5012137004843404,0.44606912944492155,0.5531004080600208,0.3880988350646003,110.47333776738223,24.398931757750184,104.90444225642207,23.011805216773485,579,936
-0.5096864028381627,0.4126453835752211,0.5580857285778169,0.3607511251319323,110.43147149048679,25.230479896152882,104.09652965987964,23.09213046464475,579,936
-0.5029918510475934,0.4405569704650084,0.5551558661394689,0.39286020450242315,110.29348209467497,25.349752662056204,104.90914750646044,23.103225295691846,579,936
-0.5079162384911334,0.44793774789376634,0.5547967537189062,0.4117340153856264,109.71500423500021,24.476067724774218,105.29946221402463,24.176269791734864,579,936
-0.5070190198545731,0.446693055467162,0.5643588757608495,0.40203635195311793,110.44601442472627,24.099257079698024,105.08546667679374,23.88583374239487,579,936
-0.5129474585750299,0.4526514196686277,0.5552711455026479,0.3975983230771268,110.19970949114504,24.828864031959792,105.42075204108787,24.555268368057277,579,936
-0.513405146687343,0.43260693112397075,0.5615574450449745,0.40027502751889665,111.50711230163002,24.921600596056617,103.9369797210284,23.963276854399368,579,936
-0.5110611778255967,0.44031784708551985,0.5541105019820185,0.39828981272743147,110.51833101132858,25.472435892067406,105.38464265661459,24.250645027024508,641,936
-0.5089485063601585,0.43792719882589615,0.5568455000184798,0.39835869388189754,110.47690265969278,24.21944947824754,104.7215306073143,24.22576755184457,641,936
-0.5112689599306328,0.43777350857365177,0.5593124440501317,0.3752526411347045,110.17190738336073,24.977741830810434,105.0275395510456,23.850184798502173,641,936
-0.5121090883545882,0.4368579109615436,0.5520324688491548,0.40319111632867727,109.54635082633838,24.276520593448712,104.92474743624702,24.351641631605855,641,936
-0.5100784113708712,0.43070787479103145,0.5632832753462498,0.3852475453561701,109.91235429217075,23.937745331115657,104.67642342381126,23.397505640469443,641,936
-0.5133200454882175,0.44272996781950186,0.554512650809943,0.393704528743606,110.0877301483798,24.562888358038382,105.67392189286053,24.017546295272645,641,936
-0.5144588046784029,0.4374486636348119,0.5521487667502396,0.3760747634272475,111.15438661896901,25.36417902439177,105.2491938494835,23.423182803038742,641,936
-0.5196723892246055,0.4034019220006013,0.5458470739348321,0.3762609795367967,111.21145375326995,25.554561469041612,106.15523914905367,24.15923655979033,641,936
-0.5107413068357924,0.4579974488049745,0.5539287508523016,0.3838281576767869,109.16314532665521,24.67749111578726,105.8671265276949,23.852997932329725,641,936
-0.5146260262778547,0.4405080349252196,0.557260716087523,0.3796991730613155,110.09577953864486,24.657703562426814,103.54480855516665,23.276397566314095,641,936
-0.5213246354129525,0.4139081592343991,0.5486105157008191,0.37252045813061696,111.62829478032977,25.23904392910381,106.5940603814717,24.331491056022283,641,936
-0.5144408800250181,0.43953424633687793,0.5599997766969522,0.3921665254867406,109.53721621574313,23.783500283393884,104.13984636641841,24.02835183791608,703,936
-0.5250678264487085,0.43510412364422296,0.5584827164267001,0.3995475503620312,109.26213790736685,24.344339145380054,105.47475982818901,24.301586983720558,703,936
-0.5195068260027925,0.43449189623169865,0.5532092402224241,0.40380681254487155,112.83461903356816,24.82637236398129,105.6597638881365,24.241977964036092,703,936
-0.5194271411236977,0.44795725680109927,0.5570773698032065,0.4081523551208253,111.64115261134623,23.844718311885153,105.23897468930298,24.675313100104407,703,936
-0.518255209957043,0.4149779283777207,0.5539021276900372,0.37322362778850077,112.21136632363678,25.25340381083536,106.9085635133677,24.28392467735962,703,936
-0.5155609483199385,0.4338006488965244,0.5469469903521395,0.40710737387867346,111.15694106535521,24.047247739882646,106.24452406850466,24.56313431938668,703,936
-0.5202739795970535,0.4218764860946678,0.5470010861005318,0.4079024307326744,110.68208825888894,24.066382509043134,106.22418388917171,25.05372135304497,703,936
-0.5196448538986616,0.40800819341857764,0.5473115704344282,0.4014716692599165,110.7586094948584,24.135136475412562,106.32053723784696,24.866573741499007,703,936
-0.5210005623021154,0.4226946500668041,0.5442878540968107,0.3999522671773864,110.9572693899137,24.58130046262231,106.0958055384497,25.109277383807292,703,936
-0.5235450701833285,0.41064923400369513,0.540887833628545,0.40968719565350825,110.45581615774023,24.386390703869132,106.56553134680553,25.13705796300692,766,936
-0.5256983680642786,0.40148184796315584,0.540028326132766,0.40265203202550204,110.29802892186616,23.730425709820583,106.61286490706398,25.078571026021258,766,936
-0.5222991121429206,0.40168657392367674,0.5461718758672575,0.41821187736623366,111.48115656437366,23.469131752177013,106.62034205641807,25.076749132358554,766,936
-0.5230822137082966,0.4111819675642568,0.5502600877111993,0.40339955811373157,112.72463663772363,23.591584683003738,105.8937081155427,24.676243583389898,766,936
-0.5260390901370066,0.4181908711068679,0.5548561982842316,0.39549377535555863,113.41002765028439,23.632739892546162,105.107709316045,24.941640423234684,766,936
-0.5252154286082199,0.3985888829070363,0.5514202635286073,0.41254863886779225,113.35909333713235,23.114368887803057,106.30971354970751,24.98392805841173,766,936
-0.5248111036045535,0.417378403916337,0.5436714911647521,0.3903002468316441,112.13413539685374,24.79584411333656,107.73334525308917,25.063897627959406,766,936
-0.5299542876020655,0.4388777398581661,0.5456666810487627,0.40926013278316664,110.45278571671267,24.18972875698955,106.83482359823927,24.663417052664542,766,936
-0.5291009883397666,0.41948779452717017,0.5428503742108696,0.39782744005782616,111.91732019551141,23.573025636836547,106.52684976565162,25.332707870538048,828,936
-0.5342048658634729,0.46259034098615204,0.5414033998860606,0.392101928680781,109.47838639436273,24.862474581644403,105.99605988684732,25.134411721497145,828,936
-0.5305093912017549,0.44376134463044464,0.5377271528560154,0.3959642264393562,110.26462296314213,24.20494093582694,106.02648689030913,25.04108969311721,828,936
-0.5322819962567428,0.4308539192169137,0.5360844539133522,0.40259278225553263,110.64497669509308,24.342744353224177,106.14302685246514,25.630545583063878,828,936
-0.5309246629016859,0.4132218488848983,0.5383136777937122,0.40400701288814606,110.12287344752197,23.77765510753334,106.53003117255439,25.33958374675008,828,936
-0.5314921528697294,0.41853905130955754,0.5392019904696641,0.3922152306320311,110.63122737361991,23.80010572258174,105.6520087915088,25.127315095313794,828,936
-0.525189097717986,0.38326882274059026,0.5417348771698042,0.40547289901689176,110.5095777839659,23.268883762542306,105.66312800721013,24.30001679661673,828,936
-0.5300734317473342,0.41396055338074444,0.5455024826770315,0.39924594631884525,110.18313288153443,23.22921044510956,105.11334741977475,25.445537193590802,828,936
-0.5344322316802045,0.4576847257334357,0.5389208390868242,0.3615438569940807,110.09980625113745,24.23288233946638,105.10595822330917,24.616353463975667,890,936
-0.5394668664904181,0.45731989658937755,0.543720845408661,0.35872398123065646,109.00514612580174,24.058104184325924,104.14734565150997,24.163121171343803,890,936
-0.5343611221693424,0.4506034144342718,0.5332306235670816,0.37867871387988017,108.7958498822004,23.755405933692266,104.15199470265983,23.980678973123755,890,936
-0.5350097452584708,0.4526720653030914,0.5335345987827768,0.3796458065374096,109.20395197587662,23.749946784665457,104.545884874155,24.400804993531064,890,936
-0.5383347473317166,0.4408413189148071,0.5372647740758292,0.3781216354412455,110.09853485611596,23.663335534047064,104.87888888839086,25.037133917431312,890,936
-0.5362502753865497,0.42665151159125997,0.5390992355951879,0.3809638124847654,110.73969776072144,23.36883848909156,105.35266256360464,25.499881038929427,890,936
-0.536066316571627,0.44908394584457834,0.5402731017022392,0.369628293604735,109.48911771759943,23.853413165014803,105.46881555234746,25.3431934254181,890,936
-0.5403044713492918,0.4537328561383571,0.5437647527333087,0.3550310053591125,109.61995757845655,24.31895184706152,105.20344450470442,25.281518104835648,890,936
-0.5387968335400544,0.4414695178398183,0.5428155453798771,0.3593749919855398,109.62646273016732,24.327535354176767,104.33242584208573,25.83644095279468,952,936
-0.5363314968884637,0.42618858523354497,0.5352056121693711,0.39241206775205645,109.96863901814835,23.802039193774096,106.01753630708484,26.219386259864017,952,936
-0.5402531607074386,0.41365138140286123,0.531224473475303,0.3965078204524578,110.28099943049615,23.519999297959593,105.40337287364711,26.09028293287727,952,936
-0.5473043146900434,0.4466096194089421,0.5355962271889203,0.3906918485295893,110.51909131259451,24.026357703257663,105.56650772383219,26.21768127833669,952,936
-0.5470010568754234,0.4635499467282736,0.5379625734924083,0.4032656733881674,110.43736461615673,25.04736231828063,106.24153356988451,25.34657845637697,952,936
-0.5460195716803569,0.4668761128307079,0.539461595429052,0.3716902258911268,110.01192570061536,25.660488138048798,105.6573827751894,25.140081795328356,952,936
-0.5472363137553244,0.4573209552057848,0.5326578609025141,0.38885940694289045,110.38309102554967,24.761572642940102,106.7386173140966,25.278441056774952,952,936
-0.5515880691626772,0.4514081596629026,0.5402077093392059,0.35855163698548054,110.70053832762977,25.706957863520053,105.76418534601585,25.16954596847967,952,936
-0.5508092532417619,0.468004255009213,0.5337747491013305,0.3698407517097039,110.6999900574634,25.73136630088665,106.34718481925611,25.303048578791735,1014,936
-0.5503888073875274,0.44831778341612216,0.5306786011891383,0.3555340293022671,111.04103301051485,24.638106968648174,105.0930014318625,25.921102851571185,1014,936
-0.5509349137430698,0.44629053453668105,0.5262217767429571,0.3791701816536372,110.34571040402518,24.383077184098298,105.6557821632,26.448830447504143,1014,936
-0.5502687681352426,0.4254949691998677,0.5299863722396834,0.38444005438284146,109.85485473218996,23.51647466341129,105.15598558380198,26.985290559235814,1014,936
-0.5508924669582027,0.4186728094336435,0.5321480502391545,0.3875666804904692,108.93609391358574,23.624601630361845,104.99871726634632,26.190078000021085,1014,936
-0.5507978145069791,0.4238020884260747,0.5319151466664971,0.3870359543748818,108.57542064535009,23.920730954076497,104.42032996247352,26.97627481639614,1014,936
-0.5437777364131968,0.39328697041393307,0.522582513607211,0.3817984755265279,108.86843222980225,23.0069548012034,102.84807378731236,24.811024216408196,1014,936
-0.5550088500940003,0.41190104421832746,0.52282955295021,0.3816487075479093,109.01096855821642,24.226166140420162,105.23744794703543,28.38612532306202,1014,936
-0.5475416600552275,0.39098845419163675,0.5162789643837357,0.37066032522880343,109.06466070090774,22.96159453565654,102.36573117931499,24.05536892349865,1014,936
-0.5430642097906175,0.4022175238103752,0.5214466527682377,0.38702870138141016,108.63921558360612,23.28274720329513,103.90981630752302,26.718309429545123,1014,936
-0.5439251285915772,0.3872895918299364,0.5183679221359384,0.3728205914281464,108.32861013576387,22.73876271280685,102.89546332217641,25.22771780904408,1014,936
-0.5476743309242703,0.39705373849071374,0.5175087354826883,0.3820759804690487,108.08967571387166,23.252212763631672,104.22483678166597,27.032469674800605,1076,936
-0.5451115208990438,0.38447361224697457,0.5180012855942757,0.3742115920389737,107.95942433543286,22.744405292043737,103.23163779874011,25.508952829593788,1076,936
-0.5469837490431251,0.38438641750989067,0.5153604563386339,0.37572869824806426,107.8239129860715,22.850381326656585,104.29356508788416,26.889657932368756,1076,936
-0.5464501359732846,0.39180347701331153,0.5181634572133885,0.377381254057083,108.01883829597487,22.9890792787864,103.57832255793744,25.807458722649265,1076,936
-0.5466654867506047,0.39977122896856937,0.5198231712845238,0.36829549231192066,108.25555022843515,23.197853063219686,104.09696558310931,27.22961231302978,1076,936
-0.5444817315250676,0.4085528928065167,0.5160347310575351,0.3779292112151151,108.98009933419408,23.333891171144,103.06152574692062,25.15122855360038,1076,936
-0.553395885575388,0.40843642841611366,0.5166994573893721,0.36961842332971384,108.75907531550459,23.90367960984553,104.65607467971766,27.44424865573811,1076,936
-0.5509570813675052,0.4142278509179852,0.5115897219594577,0.3577827585720815,109.5382524255756,23.297984056081134,103.10425655125772,24.174330010485065,1076,936
-0.5467203820182719,0.40677363848667836,0.5219366372588607,0.38280565353853635,109.46586837238412,22.96721070399108,104.69611317312187,25.852413492969355,1076,936
-0.5497540575903882,0.4087547937782688,0.5091652668851658,0.35303208558192134,109.6108999757855,23.211495692046633,102.70469418468082,24.401355496531945,1076,936
-0.5494534576200887,0.41101667361072336,0.5155633521214101,0.3682680145365118,109.0915322730343,22.908189832874392,102.6001574507936,24.485545932257253,1076,936
-0.5561824888458281,0.4328017962368892,0.514652262131222,0.3669036927631722,108.82013460653731,24.47116376905458,103.55006359907851,26.393548317223203,1076,936
-0.5482138793912029,0.40107322140811885,0.5186501278301759,0.38915397211712116,109.71980072692824,22.659338041570226,104.48443306030043,25.802208269485156,1076,936
-0.5479837330766699,0.38997855243346125,0.5163957101077624,0.3707869002843429,110.00949352070491,21.385231852185974,103.65875867227192,24.798723065574322,1076,936
-0.5454341482658611,0.3513721769006617,0.5144230497684257,0.3662442982394358,110.7279794618835,19.36234974486972,103.15972703387244,22.348725815552395,1139,936
-0.5453600871031515,0.3693494538943477,0.5240285168273138,0.3874408302972717,110.43349566136638,19.880633780384127,105.12136622153085,23.790915906170426,1139,936
-0.5475062443974594,0.37120751030396854,0.5278061810388063,0.38571208322851464,109.90310108878654,20.278303802612076,104.76034853558852,23.6824195852914,1139,936
-0.5483296103428363,0.36196023625517204,0.5226069843751587,0.3659024067917676,110.90934249998413,19.523350658017826,103.66465512799897,23.971973600156417,1139,936
-0.545261410796452,0.34512955620231806,0.5213359002932135,0.37604456319917456,110.9646501121786,19.59543772463774,104.56080063283987,24.26335462703025,1139,936
-0.5493118936429316,0.34836288594915227,0.5195666496950246,0.3682713072718196,110.57809589358055,19.899183558530737,103.79902464152677,24.388139425673582,1139,936
-0.5470883446216548,0.3438496217246553,0.5211371929898115,0.3796364796790061,111.08462868710212,19.470120884800245,104.08571084605842,24.842951432118205,1139,936
-0.5507418942730575,0.3732317120705985,0.5224672926476778,0.3870737542666509,111.29722295214671,20.475502918793126,104.41476379074116,24.86703157923926,1139,936
-0.5563719827759408,0.4081630453330389,0.51929032286397,0.3872888202934974,109.90995191021344,24.014318414507958,104.61831415918424,25.098555221967676,1139,936
-0.5514062741876089,0.4147380246915043,0.5160643655925456,0.3784760918997968,110.56591574762871,24.00612430540084,104.95828313038182,25.371203913578196,1139,936
-0.5564441609087848,0.4189398045609632,0.5100582461717563,0.3713478376630716,110.56749886485754,24.42869064986732,105.51257369624363,25.962229844908297,1201,936
-0.5491944310837539,0.411904118175873,0.5193839535379708,0.3979066664466857,111.01683867953876,23.930456923727927,105.0692186437116,25.682607459220165,1201,936
-0.5482966059134796,0.402943751157932,0.5107738565551921,0.3763579962754529,110.89879916247205,24.513886780919634,105.28207131140238,25.942792109207492,1201,936
-0.5506276654059905,0.40639574581751675,0.5174421381933901,0.37674110863956284,110.8557956297556,24.585554149365077,105.82888120011307,26.029525230873023,1201,936
-0.5554817297923123,0.3987637233973107,0.5129157075140873,0.36763634902998754,110.13194078987053,24.46655446992613,106.5381304683585,26.464744552458512,1201,936
-0.5538368348043922,0.39252706808002136,0.5062978506596115,0.35635836197559817,109.49973927806893,23.97217015395192,106.72796728545367,26.2524107540049,1201,936
-0.5618308713154849,0.4123545583651862,0.5102054157524857,0.38229521323483456,110.19160628916724,24.165177430201535,106.43341004444274,26.262768320530785,1201,936
-0.5522609425766898,0.40177095121683587,0.5080740781451507,0.3730661790674306,110.2621836390051,24.478415600360425,106.1467202392564,26.3830782668476,1201,936
-0.5675008754514793,0.40732929718416894,0.5021227967966823,0.36128330673880454,108.62836170888527,24.469627047707473,106.72994298899764,26.609930698606025,1201,936
-0.5568478572991364,0.3975752248513543,0.5043336170416611,0.37266374205844316,110.02749992224601,23.90466707911786,106.2430157893884,26.395504580603735,1201,936
-0.5836958332441821,0.40810703459474945,0.5072613400133176,0.35768324055063544,108.04401647619554,24.351698309185974,102.58865945291944,23.87564330908511,1201,936
-0.5674539685596827,0.4058506536738885,0.5008309880157914,0.3809277181782584,109.72648354928866,24.178583374606536,105.45302024753902,26.51758981751741,1263,936
-0.5720048604389443,0.40828518663069535,0.5012286760768757,0.3926422922725902,108.78517172897031,23.83827323117561,104.03641437451353,26.309595281156156,1263,936
-0.5649087429869529,0.41977776111620796,0.5015442607623655,0.39169757506651387,110.23342204582389,23.806243107709687,104.17151963457906,27.073811574923685,1263,936
-0.5673892433360651,0.4181723776424611,0.49777537256681537,0.39742698221196676,110.05001799913649,23.04435280254831,103.7376171094686,26.489301346625535,1263,936
-0.5609722888318529,0.4078536063875374,0.4966412953708032,0.40120211948449747,111.30581861343353,20.968829455495165,103.99731383226145,27.481131931167326,1263,936
-0.5516234380062532,0.3997943548655506,0.49766895348300444,0.3870735801364919,112.56951959299042,19.88780736551637,104.54877169103341,26.883181601997208,1263,936
-0.553457866032331,0.3774816988445462,0.5001229877521539,0.3915426473583523,112.42427495025325,19.208816174916294,102.65228606290951,25.70480650405998,1263,936
-0.5631621165292842,0.38278868080911616,0.5010094286272128,0.38242808011551344,110.81651876248033,21.675244055728907,103.16460441829051,26.431565617438366,1263,936
-0.5600142268720214,0.38127098995745967,0.49843160749290877,0.39142605694454036,109.94958839555619,21.067263040239688,101.6402346978507,24.938525170384587,1263,936
-0.559768145739699,0.37708572675367963,0.4992615937857256,0.3934791356948474,111.10590477237874,19.9683402529383,103.1484704695424,26.326278776960372,1263,936
-0.5500281308093395,0.37878107559392066,0.49717259431458066,0.38677863351946035,110.84908615838711,19.042142885545502,103.7038727381739,26.314506511454358,1263,936
-0.5630039829213102,0.37576861042017695,0.49585297667701783,0.3936929007802386,109.90336098014781,20.55688794287628,104.26581704428551,27.085226562229796,1263,936
-0.5738104974160257,0.39929435164634186,0.5009098499642666,0.39274593884580977,109.33046112014901,21.02688153943493,103.21458521182271,25.967958142425058,1263,936
-0.5556522470141867,0.383499459973896,0.49581074287355986,0.3900438403505321,110.556193927055,19.46367470560865,104.35202181124205,26.98609633515882,1263,936
-0.5557971410914021,0.3760655781827186,0.49771811251733805,0.38786369684410005,109.83460798039499,19.45609013346682,104.22826835594253,26.771822766749878,1263,936
-0.5643417736024724,0.38174455692544884,0.493675435913157,0.3863765977467078,109.8233114830725,20.465093396721645,106.00510247495005,27.01264697438102,1325,936
-0.5629098506334381,0.37904290406411095,0.4944230701616597,0.38293428867707274,110.67792274826755,19.63969949259944,105.74111281861457,26.550440908844994,1325,936
-0.5575586142622262,0.4014222976860163,0.4895010667114677,0.38466720042236713,110.72754884352301,18.37094855816423,104.11505761382921,26.153872361285657,1325,936
-0.5544081389261999,0.3794364163480565,0.4906166036383337,0.38240728239807253,109.6989062588012,19.492938776467923,104.72622434398421,26.936833595023224,1325,936
-0.5536785731901513,0.3740005727698622,0.49030992111135063,0.3829419564699126,109.95610036107774,18.72735546868481,103.90899052638908,25.668386395485463,1325,936
-0.5520568492856046,0.37570265129481795,0.48953098540954915,0.37900810039693505,109.98971812154198,17.559642407732508,103.74937968285475,26.01497476995172,1325,936
-0.5526014416806695,0.37497365874828126,0.4893103173829297,0.38414046662446305,108.82244650596903,20.266735797995345,104.07869789679658,25.935353049718646,1325,936
-0.552086706788665,0.37614737445557167,0.49019495792529266,0.382587686414742,110.20992089343197,17.3949546001424,104.9402728348604,27.27242367134309,1325,936
-0.5584003079900784,0.3736011213602869,0.4900563306850916,0.38539591221362923,110.2031206500419,17.741122489388065,103.66688301662421,25.736952341972906,1325,936
-0.5552233136957034,0.3720048415624294,0.48602750998218275,0.38114836339421615,110.50535994559003,17.5275751774027,105.88388019349331,26.704065169483282,1325,936
-0.5649014151358841,0.3985911242576904,0.49161798829341447,0.3984169030929425,109.23894094950786,18.85367102330914,103.96563005921209,26.14315765935974,1325,936
-0.5609201079827992,0.4147421085626436,0.4847799404077868,0.3876674212528937,111.55365651166011,18.15144065555617,104.8664955467235,26.241224351754692,1325,936
-0.5595811100360012,0.41197620799575896,0.49396626744364047,0.39996768943401995,113.44461642370699,18.471435019749023,104.5208846485785,26.004132085276265,1325,936
-0.5629310131856544,0.4200496686342379,0.491622470720737,0.3957529575181419,112.2913782795556,21.7037079262862,104.05057874003309,26.739936376961086,1387,936
-0.5834196952341736,0.4114164202097907,0.49072583134941794,0.3925875011277647,108.31269104959588,23.053820324590017,102.19570070832623,25.449467242551957,1387,936
-0.5695697315338395,0.41821843121643526,0.4882121257221403,0.4015724535655222,110.06180695648078,19.38755304912814,102.46755284997816,25.033459434737306,1387,936
-0.5708315880273975,0.41720681570894513,0.48278515871768024,0.38080420592089465,109.41073045555778,22.540525433714915,105.82222821599389,26.008575143586828,1387,936
-0.573245453613811,0.3942929655885688,0.486933215511169,0.39148475867772575,110.62846226030318,21.635466194411016,102.74420045732337,25.5088213581781,1387,936
-0.5615301864091728,0.40794679101261744,0.48742338518962436,0.4062158237394009,110.42251794851941,20.037452293246066,101.75291104007238,25.75406689738068,1387,936
-0.5606211682333387,0.40324494641533565,0.49039018521819827,0.40091729580422975,110.62411896481403,20.212502446837853,102.13706300492693,26.147740320758686,1387,936
-0.565049324031499,0.4009090607639644,0.49035883110320955,0.40271420488683424,110.63647967608979,20.438332050887944,103.05121631218977,26.278673597076835,1387,936
-0.5648890794365458,0.40133966581156355,0.48596686303831965,0.3985655432436069,110.62005316138865,19.57737529294434,103.06342856102926,25.903738186775627,1450,936
-0.5665252947323391,0.4043751145854148,0.4882384209259172,0.41087229119630725,110.75194490372,19.297174235973948,102.81433075042122,25.841343956366355,1450,936
-0.5685450313566032,0.41874930862931775,0.48869453291083353,0.4124560592113533,109.66718106254706,21.472567809692045,101.70321492795298,26.391222363875464,1450,936
-0.570699190586564,0.4160663533128472,0.49134450154964343,0.4148500647770633,109.54499929706482,20.34806690055328,101.04592816134002,25.86201239478659,1450,936
-0.5654798851395229,0.4343309172360652,0.49176534164490737,0.3910746561137553,110.12208483364901,21.386830913330844,103.8804878715622,27.041217294083168,1450,936
-0.5723181509820924,0.40072407378781655,0.4827686793340437,0.3713698876084121,108.68812948496448,19.497249802001274,102.35541020229174,23.64192781096732,1450,936
-0.5700969568126709,0.43838390704114216,0.4900504665165936,0.37625485722108293,109.93543129625047,21.970007186975717,105.05318310398332,27.234096570797963,1450,936
-0.56916852342067,0.4178546822164736,0.4882838677276329,0.4052892638741335,111.01342732553425,19.94162344949693,102.39249793794528,25.40808158160856,1450,936
-0.5668565210063521,0.4357085029787364,0.48892958029979444,0.38610842619851127,110.78302554030641,20.27658732966349,104.27771396461218,26.951715182007376,1450,936
-0.5713751418941637,0.4237574467023017,0.47462697148951005,0.39183560525967404,108.57037986125961,19.0085049820092,102.40457518909899,24.626273491829252,1450,936
-0.5692492446092771,0.42355263669250814,0.48796521296992257,0.37960796647665296,110.77694521333197,20.49148069103648,105.23428411689876,26.875000735750852,1450,936
-0.5734055505223943,0.4372729832183076,0.47240548583778513,0.3899641969241759,108.41764968590805,19.084473639572682,102.41640687751017,24.64755455544616,1450,936
-0.5707158393489264,0.42130791324642325,0.4842069969532019,0.38729122155021206,110.9282108074992,20.806929974223692,105.19194775069766,26.654323864581883,1450,936
-0.5678019929080608,0.43199693950571644,0.4705527889294202,0.41071872958554084,110.43298194336866,20.429636730067052,102.73452684751251,25.8097849745961,1450,936
-0.5692311578009374,0.41414721164339463,0.48912801444944853,0.3870863311650529,111.18778165117679,19.78113808417631,104.19399702187071,26.356783474497874,1450,936
-0.5708359845625016,0.4296127549175155,0.4807400425822027,0.41660737877517384,110.78277146087922,20.522035762195305,102.43025433164644,25.693433317035367,1450,936
